ISO-10303-21;
HEADER;
/* Generated by software containing ST-Developer
 * from STEP Tools, Inc. (www.steptools.com) 
 */
/* OPTION: using custom renumber hook */

FILE_DESCRIPTION(
/* description */ ('STEP AP242 Edition 2',
'CAx-IF Rec.Pracs.---Representation and Presentation of Product Manufa
cturing Information (PMI)---4.0---2014-10-13',
'CAx-IF Rec.Pracs.---3D Tessellated Geometry---0.4---2014-09-14','2;1',
'CAx-IF Rec.Pracs.---User Defined Attributes---1.5---2016-08-15'),
/* implementation_level */ '2;1');

FILE_NAME(
/* name */ 'Component Assembly (Revised) - Enclosure Bottom (Revised)',

/* time_stamp */ '2026-08-25T22:19:52Z',
/* author */ (''),
/* organization */ (''),
/* preprocessor_version */ 'ST-DEVELOPER v20',
/* originating_system */ 'ONSHAPE BY PTC INC, 1.219',
/* authorisation */ '  ');

FILE_SCHEMA (('AP242_MANAGED_MODEL_BASED_3D_ENGINEERING_MIM_LF { 1 0 10303 442 3 1 4 }'));
ENDSEC;

DATA;
#10=SHAPE_REPRESENTATION_RELATIONSHIP('','',#1529,#11);
#11=ADVANCED_BREP_SHAPE_REPRESENTATION('',(#1527),#8499);
#12=(
BOUNDED_SURFACE()
B_SPLINE_SURFACE(1,2,((#4019,#4020,#4021,#4022,#4023,#4024,#4025,#4026,
#4027,#4028,#4029,#4030,#4031,#4032,#4033,#4034,#4035,#4036,#4037,#4038,
#4039,#4040,#4041,#4042,#4043,#4044,#4045,#4046,#4047,#4048,#4049,#4050,
#4051,#4052,#4053,#4054,#4055,#4056,#4057,#4058,#4059,#4060,#4061,#4062,
#4063,#4064,#4065,#4066,#4067,#4068,#4069,#4070,#4071,#4072,#4073,#4074,
#4075,#4076,#4077,#4078,#4079,#4080,#4081,#4082,#4083,#4084,#4085,#4086,
#4087,#4088,#4089,#4090,#4091,#4092,#4093,#4094,#4095,#4096,#4097,#4098,
#4099,#4100,#4101,#4102,#4103,#4104,#4105,#4106,#4107,#4108,#4109,#4110,
#4111,#4112,#4113,#4114,#4115,#4116,#4117,#4118,#4119,#4120,#4121,#4122,
#4123,#4124,#4125,#4126,#4127,#4128,#4129,#4130,#4131,#4132,#4133,#4134,
#4135,#4136,#4137,#4138,#4139,#4140,#4141,#4142,#4143,#4144,#4145,#4146,
#4147,#4148,#4149,#4150,#4151,#4152,#4153,#4154,#4155,#4156,#4157,#4158,
#4159,#4160,#4161,#4162,#4163,#4164,#4165,#4166,#4167,#4168,#4169,#4170,
#4171,#4172,#4173,#4174,#4175,#4176,#4177,#4178,#4179,#4180,#4181,#4182,
#4183,#4184,#4185,#4186,#4187,#4188,#4189,#4190,#4191,#4192,#4193,#4194,
#4195,#4196,#4197),(#4198,#4199,#4200,#4201,#4202,#4203,#4204,#4205,#4206,
#4207,#4208,#4209,#4210,#4211,#4212,#4213,#4214,#4215,#4216,#4217,#4218,
#4219,#4220,#4221,#4222,#4223,#4224,#4225,#4226,#4227,#4228,#4229,#4230,
#4231,#4232,#4233,#4234,#4235,#4236,#4237,#4238,#4239,#4240,#4241,#4242,
#4243,#4244,#4245,#4246,#4247,#4248,#4249,#4250,#4251,#4252,#4253,#4254,
#4255,#4256,#4257,#4258,#4259,#4260,#4261,#4262,#4263,#4264,#4265,#4266,
#4267,#4268,#4269,#4270,#4271,#4272,#4273,#4274,#4275,#4276,#4277,#4278,
#4279,#4280,#4281,#4282,#4283,#4284,#4285,#4286,#4287,#4288,#4289,#4290,
#4291,#4292,#4293,#4294,#4295,#4296,#4297,#4298,#4299,#4300,#4301,#4302,
#4303,#4304,#4305,#4306,#4307,#4308,#4309,#4310,#4311,#4312,#4313,#4314,
#4315,#4316,#4317,#4318,#4319,#4320,#4321,#4322,#4323,#4324,#4325,#4326,
#4327,#4328,#4329,#4330,#4331,#4332,#4333,#4334,#4335,#4336,#4337,#4338,
#4339,#4340,#4341,#4342,#4343,#4344,#4345,#4346,#4347,#4348,#4349,#4350,
#4351,#4352,#4353,#4354,#4355,#4356,#4357,#4358,#4359,#4360,#4361,#4362,
#4363,#4364,#4365,#4366,#4367,#4368,#4369,#4370,#4371,#4372,#4373,#4374,
#4375,#4376)),.UNSPECIFIED.,.F.,.F.,.F.)
B_SPLINE_SURFACE_WITH_KNOTS((2,2),(3,2,2,2,2,2,2,2,2,2,2,2,2,2,2,2,2,2,
2,2,2,2,2,2,2,2,2,2,2,2,2,2,2,2,2,2,2,2,2,2,2,2,2,2,2,2,2,2,2,2,2,2,2,2,
2,2,2,2,2,2,2,2,2,2,2,2,2,2,2,2,2,2,2,2,2,2,2,2,2,2,2,2,2,2,2,2,2,2,2,3),
(0.,1.),(0.,0.0104166666666667,0.0208333333333333,0.03125,0.0416666666666667,
0.0520833333333333,0.0625,0.0729166666666667,0.0833333333333333,0.09375,
0.104166666666667,0.114583333333333,0.125,0.135416666666667,0.145833333333333,
0.15625,0.166666666666667,0.177083333333334,0.1875,0.197916666666667,0.208333333333334,
0.21875,0.229166666666666,0.239583333333334,0.25,0.260416666666667,0.270833333333334,
0.28125,0.291666666666667,0.302083333333334,0.3125,0.322916666666667,0.333333333333334,
0.34375,0.354166666666667,0.364583333333334,0.375,0.385416666666667,0.395833333333334,
0.40625,0.416666666666667,0.427083333333334,0.4375,0.447916666666667,0.458333333333333,
0.46875,0.479166666666667,0.489583333333333,0.5,0.510416666666667,0.520833333333333,
0.53125,0.541666666666667,0.552083333333333,0.5625,0.572916666666667,0.583333333333333,
0.59375,0.604166666666667,0.614583333333333,0.625,0.635416666666667,0.645833333333333,
0.65625,0.666666666666667,0.677083333333333,0.6875,0.697916666666667,0.708333333333333,
0.71875,0.729166666666667,0.739583333333333,0.75,0.760416666666667,0.770833333333333,
0.78125,0.791666666666667,0.802083333333333,0.8125,0.822916666666667,0.833333333333333,
0.84375,0.854166666666667,0.864583333333333,0.875,0.885416666666667,0.895833333333333,
0.90625,0.916666666666667,0.918309318121551),.PIECEWISE_BEZIER_KNOTS.)
GEOMETRIC_REPRESENTATION_ITEM()
RATIONAL_B_SPLINE_SURFACE(((1.,0.866025403784439,1.,0.866025403784439,1.,
0.866025403784439,1.,0.866025403784439,1.,0.866025403784439,1.,0.866025403784439,
1.,0.866025403784439,1.,0.866025403784439,1.,0.866025403784439,1.,0.866025403784439,
1.,0.866025403784439,1.,0.866025403784439,1.,0.866025403784439,1.,0.866025403784439,
1.,0.866025403784439,1.,0.866025403784439,1.,0.866025403784439,1.,0.866025403784439,
1.,0.866025403784439,1.,0.866025403784439,1.,0.866025403784439,1.,0.866025403784439,
1.,0.866025403784439,1.,0.866025403784439,1.,0.866025403784439,1.,0.866025403784439,
1.,0.866025403784439,1.,0.866025403784439,1.,0.866025403784439,1.,0.866025403784439,
1.,0.866025403784439,1.,0.866025403784439,1.,0.866025403784439,1.,0.866025403784439,
1.,0.866025403784439,1.,0.866025403784439,1.,0.866025403784439,1.,0.866025403784439,
1.,0.866025403784439,1.,0.866025403784439,1.,0.866025403784439,1.,0.866025403784439,
1.,0.866025403784439,1.,0.866025403784439,1.,0.866025403784439,1.,0.866025403784439,
1.,0.866025403784439,1.,0.866025403784439,1.,0.866025403784439,1.,0.866025403784439,
1.,0.866025403784439,1.,0.866025403784439,1.,0.866025403784439,1.,0.866025403784439,
1.,0.866025403784439,1.,0.866025403784439,1.,0.866025403784439,1.,0.866025403784439,
1.,0.866025403784439,1.,0.866025403784439,1.,0.866025403784439,1.,0.866025403784439,
1.,0.866025403784439,1.,0.866025403784439,1.,0.866025403784439,1.,0.866025403784439,
1.,0.866025403784439,1.,0.866025403784439,1.,0.866025403784439,1.,0.866025403784439,
1.,0.866025403784439,1.,0.866025403784439,1.,0.866025403784439,1.,0.866025403784439,
1.,0.866025403784439,1.,0.866025403784439,1.,0.866025403784439,1.,0.866025403784439,
1.,0.866025403784439,1.,0.866025403784439,1.,0.866025403784439,1.,0.866025403784439,
1.,0.866025403784439,1.,0.866025403784439,1.,0.866025403784439,1.,0.866025403784439,
1.,0.866025403784439,1.,0.866025403784439,1.,0.97887293772246,0.964409120165746),
(1.,0.866025403784439,1.,0.866025403784439,1.,0.866025403784439,1.,0.866025403784439,
1.,0.866025403784439,1.,0.866025403784439,1.,0.866025403784439,1.,0.866025403784439,
1.,0.866025403784439,1.,0.866025403784439,1.,0.866025403784439,1.,0.866025403784439,
1.,0.866025403784439,1.,0.866025403784439,1.,0.866025403784439,1.,0.866025403784439,
1.,0.866025403784439,1.,0.866025403784439,1.,0.866025403784439,1.,0.866025403784439,
1.,0.866025403784439,1.,0.866025403784439,1.,0.866025403784439,1.,0.866025403784439,
1.,0.866025403784439,1.,0.866025403784439,1.,0.866025403784439,1.,0.866025403784439,
1.,0.866025403784439,1.,0.866025403784439,1.,0.866025403784439,1.,0.866025403784439,
1.,0.866025403784439,1.,0.866025403784439,1.,0.866025403784439,1.,0.866025403784439,
1.,0.866025403784439,1.,0.866025403784439,1.,0.866025403784439,1.,0.866025403784439,
1.,0.866025403784439,1.,0.866025403784439,1.,0.866025403784439,1.,0.866025403784439,
1.,0.866025403784439,1.,0.866025403784439,1.,0.866025403784439,1.,0.866025403784439,
1.,0.866025403784439,1.,0.866025403784439,1.,0.866025403784439,1.,0.866025403784439,
1.,0.866025403784439,1.,0.866025403784439,1.,0.866025403784439,1.,0.866025403784439,
1.,0.866025403784439,1.,0.866025403784439,1.,0.866025403784439,1.,0.866025403784439,
1.,0.866025403784439,1.,0.866025403784439,1.,0.866025403784439,1.,0.866025403784439,
1.,0.866025403784439,1.,0.866025403784439,1.,0.866025403784439,1.,0.866025403784439,
1.,0.866025403784439,1.,0.866025403784439,1.,0.866025403784439,1.,0.866025403784439,
1.,0.866025403784439,1.,0.866025403784439,1.,0.866025403784439,1.,0.866025403784439,
1.,0.866025403784439,1.,0.866025403784439,1.,0.866025403784439,1.,0.866025403784439,
1.,0.866025403784439,1.,0.866025403784439,1.,0.866025403784439,1.,0.866025403784439,
1.,0.866025403784439,1.,0.866025403784439,1.,0.866025403784439,1.,0.866025403784439,
1.,0.97887293772246,0.964409120165746)))
REPRESENTATION_ITEM('')
SURFACE()
);
#13=(
BOUNDED_SURFACE()
B_SPLINE_SURFACE(1,2,((#4772,#4773,#4774,#4775,#4776,#4777,#4778,#4779,
#4780,#4781,#4782,#4783,#4784,#4785,#4786,#4787,#4788,#4789,#4790,#4791,
#4792,#4793,#4794,#4795,#4796,#4797,#4798,#4799,#4800,#4801,#4802,#4803,
#4804,#4805,#4806,#4807,#4808,#4809,#4810,#4811,#4812,#4813,#4814,#4815,
#4816,#4817,#4818,#4819,#4820,#4821,#4822,#4823,#4824,#4825,#4826,#4827,
#4828,#4829,#4830,#4831,#4832,#4833,#4834,#4835,#4836,#4837,#4838,#4839,
#4840,#4841,#4842,#4843,#4844,#4845,#4846,#4847,#4848,#4849,#4850,#4851,
#4852,#4853,#4854,#4855,#4856,#4857,#4858,#4859,#4860,#4861,#4862,#4863,
#4864,#4865,#4866,#4867,#4868,#4869,#4870,#4871,#4872,#4873,#4874,#4875,
#4876,#4877,#4878,#4879,#4880,#4881,#4882,#4883,#4884,#4885,#4886,#4887,
#4888,#4889,#4890,#4891,#4892,#4893,#4894,#4895,#4896,#4897,#4898,#4899,
#4900,#4901,#4902,#4903,#4904,#4905,#4906,#4907,#4908,#4909,#4910,#4911,
#4912,#4913,#4914,#4915,#4916,#4917,#4918,#4919,#4920,#4921,#4922,#4923,
#4924,#4925,#4926,#4927,#4928,#4929,#4930,#4931,#4932,#4933,#4934,#4935,
#4936,#4937,#4938,#4939,#4940,#4941,#4942,#4943,#4944,#4945,#4946,#4947,
#4948,#4949,#4950),(#4951,#4952,#4953,#4954,#4955,#4956,#4957,#4958,#4959,
#4960,#4961,#4962,#4963,#4964,#4965,#4966,#4967,#4968,#4969,#4970,#4971,
#4972,#4973,#4974,#4975,#4976,#4977,#4978,#4979,#4980,#4981,#4982,#4983,
#4984,#4985,#4986,#4987,#4988,#4989,#4990,#4991,#4992,#4993,#4994,#4995,
#4996,#4997,#4998,#4999,#5000,#5001,#5002,#5003,#5004,#5005,#5006,#5007,
#5008,#5009,#5010,#5011,#5012,#5013,#5014,#5015,#5016,#5017,#5018,#5019,
#5020,#5021,#5022,#5023,#5024,#5025,#5026,#5027,#5028,#5029,#5030,#5031,
#5032,#5033,#5034,#5035,#5036,#5037,#5038,#5039,#5040,#5041,#5042,#5043,
#5044,#5045,#5046,#5047,#5048,#5049,#5050,#5051,#5052,#5053,#5054,#5055,
#5056,#5057,#5058,#5059,#5060,#5061,#5062,#5063,#5064,#5065,#5066,#5067,
#5068,#5069,#5070,#5071,#5072,#5073,#5074,#5075,#5076,#5077,#5078,#5079,
#5080,#5081,#5082,#5083,#5084,#5085,#5086,#5087,#5088,#5089,#5090,#5091,
#5092,#5093,#5094,#5095,#5096,#5097,#5098,#5099,#5100,#5101,#5102,#5103,
#5104,#5105,#5106,#5107,#5108,#5109,#5110,#5111,#5112,#5113,#5114,#5115,
#5116,#5117,#5118,#5119,#5120,#5121,#5122,#5123,#5124,#5125,#5126,#5127,
#5128,#5129)),.UNSPECIFIED.,.F.,.F.,.F.)
B_SPLINE_SURFACE_WITH_KNOTS((2,2),(3,2,2,2,2,2,2,2,2,2,2,2,2,2,2,2,2,2,
2,2,2,2,2,2,2,2,2,2,2,2,2,2,2,2,2,2,2,2,2,2,2,2,2,2,2,2,2,2,2,2,2,2,2,2,
2,2,2,2,2,2,2,2,2,2,2,2,2,2,2,2,2,2,2,2,2,2,2,2,2,2,2,2,2,2,2,2,2,2,2,3),
(0.,1.),(0.0340968266268353,0.0416666666666667,0.0520833333333333,0.0625,
0.0729166666666667,0.0833333333333333,0.09375,0.104166666666667,0.114583333333333,
0.125,0.135416666666667,0.145833333333333,0.15625,0.166666666666667,0.177083333333334,
0.1875,0.197916666666667,0.208333333333334,0.21875,0.229166666666666,0.239583333333334,
0.25,0.260416666666667,0.270833333333334,0.28125,0.291666666666667,0.302083333333334,
0.3125,0.322916666666667,0.333333333333334,0.34375,0.354166666666667,0.364583333333334,
0.375,0.385416666666667,0.395833333333334,0.40625,0.416666666666667,0.427083333333334,
0.4375,0.447916666666667,0.458333333333333,0.46875,0.479166666666667,0.489583333333333,
0.5,0.510416666666667,0.520833333333333,0.53125,0.541666666666667,0.552083333333333,
0.5625,0.572916666666667,0.583333333333333,0.59375,0.604166666666667,0.614583333333333,
0.625,0.635416666666667,0.645833333333333,0.65625,0.666666666666667,0.677083333333333,
0.6875,0.697916666666667,0.708333333333333,0.71875,0.729166666666667,0.739583333333333,
0.75,0.760416666666667,0.770833333333333,0.78125,0.791666666666667,0.802083333333333,
0.8125,0.822916666666667,0.833333333333333,0.84375,0.854166666666667,0.864583333333333,
0.875,0.885416666666667,0.895833333333333,0.90625,0.916666666666667,0.927083333333333,
0.9375,0.947916666666667,0.953588008585925),.PIECEWISE_BEZIER_KNOTS.)
GEOMETRIC_REPRESENTATION_ITEM()
RATIONAL_B_SPLINE_SURFACE(((0.946783949439828,0.902640038775732,1.,0.866025403784439,
1.,0.866025403784439,1.,0.866025403784439,1.,0.866025403784439,1.,0.866025403784439,
1.,0.866025403784439,1.,0.866025403784439,1.,0.866025403784439,1.,0.866025403784439,
1.,0.866025403784439,1.,0.866025403784439,1.,0.866025403784439,1.,0.866025403784439,
1.,0.866025403784439,1.,0.866025403784439,1.,0.866025403784439,1.,0.866025403784439,
1.,0.866025403784439,1.,0.866025403784439,1.,0.866025403784439,1.,0.866025403784439,
1.,0.866025403784439,1.,0.866025403784439,1.,0.866025403784439,1.,0.866025403784439,
1.,0.866025403784439,1.,0.866025403784439,1.,0.866025403784439,1.,0.866025403784439,
1.,0.866025403784439,1.,0.866025403784439,1.,0.866025403784439,1.,0.866025403784439,
1.,0.866025403784439,1.,0.866025403784439,1.,0.866025403784439,1.,0.866025403784439,
1.,0.866025403784439,1.,0.866025403784439,1.,0.866025403784439,1.,0.866025403784439,
1.,0.866025403784439,1.,0.866025403784439,1.,0.866025403784439,1.,0.866025403784439,
1.,0.866025403784439,1.,0.866025403784439,1.,0.866025403784439,1.,0.866025403784439,
1.,0.866025403784439,1.,0.866025403784439,1.,0.866025403784439,1.,0.866025403784439,
1.,0.866025403784439,1.,0.866025403784439,1.,0.866025403784439,1.,0.866025403784439,
1.,0.866025403784439,1.,0.866025403784439,1.,0.866025403784439,1.,0.866025403784439,
1.,0.866025403784439,1.,0.866025403784439,1.,0.866025403784439,1.,0.866025403784439,
1.,0.866025403784439,1.,0.866025403784439,1.,0.866025403784439,1.,0.866025403784439,
1.,0.866025403784439,1.,0.866025403784439,1.,0.866025403784439,1.,0.866025403784439,
1.,0.866025403784439,1.,0.866025403784439,1.,0.866025403784439,1.,0.866025403784439,
1.,0.866025403784439,1.,0.866025403784439,1.,0.866025403784439,1.,0.866025403784439,
1.,0.866025403784439,1.,0.866025403784439,1.,0.866025403784439,1.,0.866025403784439,
1.,0.866025403784439,1.,0.866025403784439,1.,0.927057688611231,0.933542088569671),
(0.946783949439828,0.902640038775732,1.,0.866025403784439,1.,0.866025403784439,
1.,0.866025403784439,1.,0.866025403784439,1.,0.866025403784439,1.,0.866025403784439,
1.,0.866025403784439,1.,0.866025403784439,1.,0.866025403784439,1.,0.866025403784439,
1.,0.866025403784439,1.,0.866025403784439,1.,0.866025403784439,1.,0.866025403784439,
1.,0.866025403784439,1.,0.866025403784439,1.,0.866025403784439,1.,0.866025403784439,
1.,0.866025403784439,1.,0.866025403784439,1.,0.866025403784439,1.,0.866025403784439,
1.,0.866025403784439,1.,0.866025403784439,1.,0.866025403784439,1.,0.866025403784439,
1.,0.866025403784439,1.,0.866025403784439,1.,0.866025403784439,1.,0.866025403784439,
1.,0.866025403784439,1.,0.866025403784439,1.,0.866025403784439,1.,0.866025403784439,
1.,0.866025403784439,1.,0.866025403784439,1.,0.866025403784439,1.,0.866025403784439,
1.,0.866025403784439,1.,0.866025403784439,1.,0.866025403784439,1.,0.866025403784439,
1.,0.866025403784439,1.,0.866025403784439,1.,0.866025403784439,1.,0.866025403784439,
1.,0.866025403784439,1.,0.866025403784439,1.,0.866025403784439,1.,0.866025403784439,
1.,0.866025403784439,1.,0.866025403784439,1.,0.866025403784439,1.,0.866025403784439,
1.,0.866025403784439,1.,0.866025403784439,1.,0.866025403784439,1.,0.866025403784439,
1.,0.866025403784439,1.,0.866025403784439,1.,0.866025403784439,1.,0.866025403784439,
1.,0.866025403784439,1.,0.866025403784439,1.,0.866025403784439,1.,0.866025403784439,
1.,0.866025403784439,1.,0.866025403784439,1.,0.866025403784439,1.,0.866025403784439,
1.,0.866025403784439,1.,0.866025403784439,1.,0.866025403784439,1.,0.866025403784439,
1.,0.866025403784439,1.,0.866025403784439,1.,0.866025403784439,1.,0.866025403784439,
1.,0.866025403784439,1.,0.866025403784439,1.,0.866025403784439,1.,0.866025403784439,
1.,0.866025403784439,1.,0.866025403784439,1.,0.866025403784439,1.,0.866025403784439,
1.,0.866025403784439,1.,0.927057688611231,0.933542088569671)))
REPRESENTATION_ITEM('')
SURFACE()
);
#14=(
BOUNDED_SURFACE()
B_SPLINE_SURFACE(1,2,((#5136,#5137,#5138,#5139,#5140,#5141,#5142,#5143,
#5144,#5145,#5146,#5147,#5148,#5149,#5150,#5151,#5152,#5153,#5154,#5155,
#5156,#5157,#5158,#5159,#5160,#5161,#5162,#5163,#5164,#5165,#5166,#5167,
#5168,#5169,#5170,#5171,#5172,#5173,#5174,#5175,#5176,#5177,#5178,#5179,
#5180,#5181,#5182,#5183,#5184,#5185,#5186,#5187,#5188,#5189,#5190,#5191,
#5192,#5193,#5194,#5195,#5196,#5197,#5198,#5199,#5200,#5201,#5202,#5203,
#5204,#5205,#5206,#5207,#5208,#5209,#5210,#5211,#5212,#5213,#5214,#5215,
#5216,#5217,#5218,#5219,#5220,#5221,#5222,#5223,#5224,#5225,#5226,#5227,
#5228,#5229,#5230,#5231,#5232,#5233,#5234,#5235,#5236,#5237,#5238,#5239,
#5240,#5241,#5242,#5243,#5244,#5245,#5246,#5247,#5248,#5249,#5250,#5251,
#5252,#5253,#5254,#5255,#5256,#5257,#5258,#5259,#5260,#5261,#5262,#5263,
#5264,#5265,#5266,#5267,#5268,#5269,#5270,#5271,#5272,#5273,#5274,#5275,
#5276,#5277,#5278,#5279,#5280,#5281,#5282,#5283,#5284,#5285,#5286,#5287,
#5288,#5289,#5290,#5291,#5292,#5293,#5294,#5295,#5296,#5297,#5298,#5299,
#5300,#5301,#5302,#5303,#5304,#5305,#5306,#5307,#5308,#5309,#5310,#5311,
#5312,#5313,#5314),(#5315,#5316,#5317,#5318,#5319,#5320,#5321,#5322,#5323,
#5324,#5325,#5326,#5327,#5328,#5329,#5330,#5331,#5332,#5333,#5334,#5335,
#5336,#5337,#5338,#5339,#5340,#5341,#5342,#5343,#5344,#5345,#5346,#5347,
#5348,#5349,#5350,#5351,#5352,#5353,#5354,#5355,#5356,#5357,#5358,#5359,
#5360,#5361,#5362,#5363,#5364,#5365,#5366,#5367,#5368,#5369,#5370,#5371,
#5372,#5373,#5374,#5375,#5376,#5377,#5378,#5379,#5380,#5381,#5382,#5383,
#5384,#5385,#5386,#5387,#5388,#5389,#5390,#5391,#5392,#5393,#5394,#5395,
#5396,#5397,#5398,#5399,#5400,#5401,#5402,#5403,#5404,#5405,#5406,#5407,
#5408,#5409,#5410,#5411,#5412,#5413,#5414,#5415,#5416,#5417,#5418,#5419,
#5420,#5421,#5422,#5423,#5424,#5425,#5426,#5427,#5428,#5429,#5430,#5431,
#5432,#5433,#5434,#5435,#5436,#5437,#5438,#5439,#5440,#5441,#5442,#5443,
#5444,#5445,#5446,#5447,#5448,#5449,#5450,#5451,#5452,#5453,#5454,#5455,
#5456,#5457,#5458,#5459,#5460,#5461,#5462,#5463,#5464,#5465,#5466,#5467,
#5468,#5469,#5470,#5471,#5472,#5473,#5474,#5475,#5476,#5477,#5478,#5479,
#5480,#5481,#5482,#5483,#5484,#5485,#5486,#5487,#5488,#5489,#5490,#5491,
#5492,#5493)),.UNSPECIFIED.,.F.,.F.,.F.)
B_SPLINE_SURFACE_WITH_KNOTS((2,2),(3,2,2,2,2,2,2,2,2,2,2,2,2,2,2,2,2,2,
2,2,2,2,2,2,2,2,2,2,2,2,2,2,2,2,2,2,2,2,2,2,2,2,2,2,2,2,2,2,2,2,2,2,2,2,
2,2,2,2,2,2,2,2,2,2,2,2,2,2,2,2,2,2,2,2,2,2,2,2,2,2,2,2,2,2,2,2,2,2,2,3),
(0.,1.),(0.,0.0104166666666667,0.0208333333333333,0.03125,0.0416666666666667,
0.0520833333333333,0.0625,0.0729166666666667,0.0833333333333333,0.09375,
0.104166666666667,0.114583333333333,0.125,0.135416666666667,0.145833333333333,
0.15625,0.166666666666667,0.177083333333334,0.1875,0.197916666666667,0.208333333333334,
0.21875,0.229166666666666,0.239583333333334,0.25,0.260416666666667,0.270833333333334,
0.28125,0.291666666666667,0.302083333333334,0.3125,0.322916666666667,0.333333333333334,
0.34375,0.354166666666667,0.364583333333334,0.375,0.385416666666667,0.395833333333334,
0.40625,0.416666666666667,0.427083333333334,0.4375,0.447916666666667,0.458333333333333,
0.46875,0.479166666666667,0.489583333333333,0.5,0.510416666666667,0.520833333333333,
0.53125,0.541666666666667,0.552083333333333,0.5625,0.572916666666667,0.583333333333333,
0.59375,0.604166666666667,0.614583333333333,0.625,0.635416666666667,0.645833333333333,
0.65625,0.666666666666667,0.677083333333333,0.6875,0.697916666666667,0.708333333333333,
0.71875,0.729166666666667,0.739583333333333,0.75,0.760416666666667,0.770833333333333,
0.78125,0.791666666666667,0.802083333333333,0.8125,0.822916666666667,0.833333333333333,
0.84375,0.854166666666667,0.864583333333333,0.875,0.885416666666667,0.895833333333333,
0.90625,0.916666666666667,0.91830931812155),.PIECEWISE_BEZIER_KNOTS.)
GEOMETRIC_REPRESENTATION_ITEM()
RATIONAL_B_SPLINE_SURFACE(((1.,0.866025403784439,1.,0.866025403784439,1.,
0.866025403784439,1.,0.866025403784439,1.,0.866025403784439,1.,0.866025403784439,
1.,0.866025403784439,1.,0.866025403784439,1.,0.866025403784439,1.,0.866025403784439,
1.,0.866025403784439,1.,0.866025403784439,1.,0.866025403784439,1.,0.866025403784439,
1.,0.866025403784439,1.,0.866025403784439,1.,0.866025403784439,1.,0.866025403784439,
1.,0.866025403784439,1.,0.866025403784439,1.,0.866025403784439,1.,0.866025403784439,
1.,0.866025403784439,1.,0.866025403784439,1.,0.866025403784439,1.,0.866025403784439,
1.,0.866025403784439,1.,0.866025403784439,1.,0.866025403784439,1.,0.866025403784439,
1.,0.866025403784439,1.,0.866025403784439,1.,0.866025403784439,1.,0.866025403784439,
1.,0.866025403784439,1.,0.866025403784439,1.,0.866025403784439,1.,0.866025403784439,
1.,0.866025403784439,1.,0.866025403784439,1.,0.866025403784439,1.,0.866025403784439,
1.,0.866025403784439,1.,0.866025403784439,1.,0.866025403784439,1.,0.866025403784439,
1.,0.866025403784439,1.,0.866025403784439,1.,0.866025403784439,1.,0.866025403784439,
1.,0.866025403784439,1.,0.866025403784439,1.,0.866025403784439,1.,0.866025403784439,
1.,0.866025403784439,1.,0.866025403784439,1.,0.866025403784439,1.,0.866025403784439,
1.,0.866025403784439,1.,0.866025403784439,1.,0.866025403784439,1.,0.866025403784439,
1.,0.866025403784439,1.,0.866025403784439,1.,0.866025403784439,1.,0.866025403784439,
1.,0.866025403784439,1.,0.866025403784439,1.,0.866025403784439,1.,0.866025403784439,
1.,0.866025403784439,1.,0.866025403784439,1.,0.866025403784439,1.,0.866025403784439,
1.,0.866025403784439,1.,0.866025403784439,1.,0.866025403784439,1.,0.866025403784439,
1.,0.866025403784439,1.,0.866025403784439,1.,0.866025403784439,1.,0.866025403784439,
1.,0.866025403784439,1.,0.866025403784439,1.,0.866025403784439,1.,0.866025403784439,
1.,0.866025403784439,1.,0.866025403784439,1.,0.978872937722473,0.964409120165763),
(1.,0.866025403784439,1.,0.866025403784439,1.,0.866025403784439,1.,0.866025403784439,
1.,0.866025403784439,1.,0.866025403784439,1.,0.866025403784439,1.,0.866025403784439,
1.,0.866025403784439,1.,0.866025403784439,1.,0.866025403784439,1.,0.866025403784439,
1.,0.866025403784439,1.,0.866025403784439,1.,0.866025403784439,1.,0.866025403784439,
1.,0.866025403784439,1.,0.866025403784439,1.,0.866025403784439,1.,0.866025403784439,
1.,0.866025403784439,1.,0.866025403784439,1.,0.866025403784439,1.,0.866025403784439,
1.,0.866025403784439,1.,0.866025403784439,1.,0.866025403784439,1.,0.866025403784439,
1.,0.866025403784439,1.,0.866025403784439,1.,0.866025403784439,1.,0.866025403784439,
1.,0.866025403784439,1.,0.866025403784439,1.,0.866025403784439,1.,0.866025403784439,
1.,0.866025403784439,1.,0.866025403784439,1.,0.866025403784439,1.,0.866025403784439,
1.,0.866025403784439,1.,0.866025403784439,1.,0.866025403784439,1.,0.866025403784439,
1.,0.866025403784439,1.,0.866025403784439,1.,0.866025403784439,1.,0.866025403784439,
1.,0.866025403784439,1.,0.866025403784439,1.,0.866025403784439,1.,0.866025403784439,
1.,0.866025403784439,1.,0.866025403784439,1.,0.866025403784439,1.,0.866025403784439,
1.,0.866025403784439,1.,0.866025403784439,1.,0.866025403784439,1.,0.866025403784439,
1.,0.866025403784439,1.,0.866025403784439,1.,0.866025403784439,1.,0.866025403784439,
1.,0.866025403784439,1.,0.866025403784439,1.,0.866025403784439,1.,0.866025403784439,
1.,0.866025403784439,1.,0.866025403784439,1.,0.866025403784439,1.,0.866025403784439,
1.,0.866025403784439,1.,0.866025403784439,1.,0.866025403784439,1.,0.866025403784439,
1.,0.866025403784439,1.,0.866025403784439,1.,0.866025403784439,1.,0.866025403784439,
1.,0.866025403784439,1.,0.866025403784439,1.,0.866025403784439,1.,0.866025403784439,
1.,0.866025403784439,1.,0.866025403784439,1.,0.866025403784439,1.,0.866025403784439,
1.,0.978872937722473,0.964409120165763)))
REPRESENTATION_ITEM('')
SURFACE()
);
#15=(
BOUNDED_SURFACE()
B_SPLINE_SURFACE(1,2,((#5889,#5890,#5891,#5892,#5893,#5894,#5895,#5896,
#5897,#5898,#5899,#5900,#5901,#5902,#5903,#5904,#5905,#5906,#5907,#5908,
#5909,#5910,#5911,#5912,#5913,#5914,#5915,#5916,#5917,#5918,#5919,#5920,
#5921,#5922,#5923,#5924,#5925,#5926,#5927,#5928,#5929,#5930,#5931,#5932,
#5933,#5934,#5935,#5936,#5937,#5938,#5939,#5940,#5941,#5942,#5943,#5944,
#5945,#5946,#5947,#5948,#5949,#5950,#5951,#5952,#5953,#5954,#5955,#5956,
#5957,#5958,#5959,#5960,#5961,#5962,#5963,#5964,#5965,#5966,#5967,#5968,
#5969,#5970,#5971,#5972,#5973,#5974,#5975,#5976,#5977,#5978,#5979,#5980,
#5981,#5982,#5983,#5984,#5985,#5986,#5987,#5988,#5989,#5990,#5991,#5992,
#5993,#5994,#5995,#5996,#5997,#5998,#5999,#6000,#6001,#6002,#6003,#6004,
#6005,#6006,#6007,#6008,#6009,#6010,#6011,#6012,#6013,#6014,#6015,#6016,
#6017,#6018,#6019,#6020,#6021,#6022,#6023,#6024,#6025,#6026,#6027,#6028,
#6029,#6030,#6031,#6032,#6033,#6034,#6035,#6036,#6037,#6038,#6039,#6040,
#6041,#6042,#6043,#6044,#6045,#6046,#6047,#6048,#6049,#6050,#6051,#6052,
#6053,#6054,#6055,#6056,#6057,#6058,#6059,#6060,#6061,#6062,#6063,#6064,
#6065,#6066,#6067),(#6068,#6069,#6070,#6071,#6072,#6073,#6074,#6075,#6076,
#6077,#6078,#6079,#6080,#6081,#6082,#6083,#6084,#6085,#6086,#6087,#6088,
#6089,#6090,#6091,#6092,#6093,#6094,#6095,#6096,#6097,#6098,#6099,#6100,
#6101,#6102,#6103,#6104,#6105,#6106,#6107,#6108,#6109,#6110,#6111,#6112,
#6113,#6114,#6115,#6116,#6117,#6118,#6119,#6120,#6121,#6122,#6123,#6124,
#6125,#6126,#6127,#6128,#6129,#6130,#6131,#6132,#6133,#6134,#6135,#6136,
#6137,#6138,#6139,#6140,#6141,#6142,#6143,#6144,#6145,#6146,#6147,#6148,
#6149,#6150,#6151,#6152,#6153,#6154,#6155,#6156,#6157,#6158,#6159,#6160,
#6161,#6162,#6163,#6164,#6165,#6166,#6167,#6168,#6169,#6170,#6171,#6172,
#6173,#6174,#6175,#6176,#6177,#6178,#6179,#6180,#6181,#6182,#6183,#6184,
#6185,#6186,#6187,#6188,#6189,#6190,#6191,#6192,#6193,#6194,#6195,#6196,
#6197,#6198,#6199,#6200,#6201,#6202,#6203,#6204,#6205,#6206,#6207,#6208,
#6209,#6210,#6211,#6212,#6213,#6214,#6215,#6216,#6217,#6218,#6219,#6220,
#6221,#6222,#6223,#6224,#6225,#6226,#6227,#6228,#6229,#6230,#6231,#6232,
#6233,#6234,#6235,#6236,#6237,#6238,#6239,#6240,#6241,#6242,#6243,#6244,
#6245,#6246)),.UNSPECIFIED.,.F.,.F.,.F.)
B_SPLINE_SURFACE_WITH_KNOTS((2,2),(3,2,2,2,2,2,2,2,2,2,2,2,2,2,2,2,2,2,
2,2,2,2,2,2,2,2,2,2,2,2,2,2,2,2,2,2,2,2,2,2,2,2,2,2,2,2,2,2,2,2,2,2,2,2,
2,2,2,2,2,2,2,2,2,2,2,2,2,2,2,2,2,2,2,2,2,2,2,2,2,2,2,2,2,2,2,2,2,2,2,3),
(0.,1.),(0.0340968266268353,0.0416666666666667,0.0520833333333333,0.0625,
0.0729166666666667,0.0833333333333333,0.09375,0.104166666666667,0.114583333333333,
0.125,0.135416666666667,0.145833333333333,0.15625,0.166666666666667,0.177083333333334,
0.1875,0.197916666666667,0.208333333333334,0.21875,0.229166666666666,0.239583333333334,
0.25,0.260416666666667,0.270833333333334,0.28125,0.291666666666667,0.302083333333334,
0.3125,0.322916666666667,0.333333333333334,0.34375,0.354166666666667,0.364583333333334,
0.375,0.385416666666667,0.395833333333334,0.40625,0.416666666666667,0.427083333333334,
0.4375,0.447916666666667,0.458333333333333,0.46875,0.479166666666667,0.489583333333333,
0.5,0.510416666666667,0.520833333333333,0.53125,0.541666666666667,0.552083333333333,
0.5625,0.572916666666667,0.583333333333333,0.59375,0.604166666666667,0.614583333333333,
0.625,0.635416666666667,0.645833333333333,0.65625,0.666666666666667,0.677083333333333,
0.6875,0.697916666666667,0.708333333333333,0.71875,0.729166666666667,0.739583333333333,
0.75,0.760416666666667,0.770833333333333,0.78125,0.791666666666667,0.802083333333333,
0.8125,0.822916666666667,0.833333333333333,0.84375,0.854166666666667,0.864583333333333,
0.875,0.885416666666667,0.895833333333333,0.90625,0.916666666666667,0.927083333333333,
0.9375,0.947916666666667,0.953588008585924),.PIECEWISE_BEZIER_KNOTS.)
GEOMETRIC_REPRESENTATION_ITEM()
RATIONAL_B_SPLINE_SURFACE(((0.946783949439828,0.902640038775732,1.,0.866025403784439,
1.,0.866025403784439,1.,0.866025403784439,1.,0.866025403784439,1.,0.866025403784439,
1.,0.866025403784439,1.,0.866025403784439,1.,0.866025403784439,1.,0.866025403784439,
1.,0.866025403784439,1.,0.866025403784439,1.,0.866025403784439,1.,0.866025403784439,
1.,0.866025403784439,1.,0.866025403784439,1.,0.866025403784439,1.,0.866025403784439,
1.,0.866025403784439,1.,0.866025403784439,1.,0.866025403784439,1.,0.866025403784439,
1.,0.866025403784439,1.,0.866025403784439,1.,0.866025403784439,1.,0.866025403784439,
1.,0.866025403784439,1.,0.866025403784439,1.,0.866025403784439,1.,0.866025403784439,
1.,0.866025403784439,1.,0.866025403784439,1.,0.866025403784439,1.,0.866025403784439,
1.,0.866025403784439,1.,0.866025403784439,1.,0.866025403784439,1.,0.866025403784439,
1.,0.866025403784439,1.,0.866025403784439,1.,0.866025403784439,1.,0.866025403784439,
1.,0.866025403784439,1.,0.866025403784439,1.,0.866025403784439,1.,0.866025403784439,
1.,0.866025403784439,1.,0.866025403784439,1.,0.866025403784439,1.,0.866025403784439,
1.,0.866025403784439,1.,0.866025403784439,1.,0.866025403784439,1.,0.866025403784439,
1.,0.866025403784439,1.,0.866025403784439,1.,0.866025403784439,1.,0.866025403784439,
1.,0.866025403784439,1.,0.866025403784439,1.,0.866025403784439,1.,0.866025403784439,
1.,0.866025403784439,1.,0.866025403784439,1.,0.866025403784439,1.,0.866025403784439,
1.,0.866025403784439,1.,0.866025403784439,1.,0.866025403784439,1.,0.866025403784439,
1.,0.866025403784439,1.,0.866025403784439,1.,0.866025403784439,1.,0.866025403784439,
1.,0.866025403784439,1.,0.866025403784439,1.,0.866025403784439,1.,0.866025403784439,
1.,0.866025403784439,1.,0.866025403784439,1.,0.866025403784439,1.,0.866025403784439,
1.,0.866025403784439,1.,0.866025403784439,1.,0.866025403784439,1.,0.866025403784439,
1.,0.866025403784439,1.,0.866025403784439,1.,0.927057688611244,0.933542088569669),
(0.946783949439828,0.902640038775732,1.,0.866025403784439,1.,0.866025403784439,
1.,0.866025403784439,1.,0.866025403784439,1.,0.866025403784439,1.,0.866025403784439,
1.,0.866025403784439,1.,0.866025403784439,1.,0.866025403784439,1.,0.866025403784439,
1.,0.866025403784439,1.,0.866025403784439,1.,0.866025403784439,1.,0.866025403784439,
1.,0.866025403784439,1.,0.866025403784439,1.,0.866025403784439,1.,0.866025403784439,
1.,0.866025403784439,1.,0.866025403784439,1.,0.866025403784439,1.,0.866025403784439,
1.,0.866025403784439,1.,0.866025403784439,1.,0.866025403784439,1.,0.866025403784439,
1.,0.866025403784439,1.,0.866025403784439,1.,0.866025403784439,1.,0.866025403784439,
1.,0.866025403784439,1.,0.866025403784439,1.,0.866025403784439,1.,0.866025403784439,
1.,0.866025403784439,1.,0.866025403784439,1.,0.866025403784439,1.,0.866025403784439,
1.,0.866025403784439,1.,0.866025403784439,1.,0.866025403784439,1.,0.866025403784439,
1.,0.866025403784439,1.,0.866025403784439,1.,0.866025403784439,1.,0.866025403784439,
1.,0.866025403784439,1.,0.866025403784439,1.,0.866025403784439,1.,0.866025403784439,
1.,0.866025403784439,1.,0.866025403784439,1.,0.866025403784439,1.,0.866025403784439,
1.,0.866025403784439,1.,0.866025403784439,1.,0.866025403784439,1.,0.866025403784439,
1.,0.866025403784439,1.,0.866025403784439,1.,0.866025403784439,1.,0.866025403784439,
1.,0.866025403784439,1.,0.866025403784439,1.,0.866025403784439,1.,0.866025403784439,
1.,0.866025403784439,1.,0.866025403784439,1.,0.866025403784439,1.,0.866025403784439,
1.,0.866025403784439,1.,0.866025403784439,1.,0.866025403784439,1.,0.866025403784439,
1.,0.866025403784439,1.,0.866025403784439,1.,0.866025403784439,1.,0.866025403784439,
1.,0.866025403784439,1.,0.866025403784439,1.,0.866025403784439,1.,0.866025403784439,
1.,0.866025403784439,1.,0.866025403784439,1.,0.866025403784439,1.,0.866025403784439,
1.,0.866025403784439,1.,0.927057688611244,0.933542088569669)))
REPRESENTATION_ITEM('')
SURFACE()
);
#16=(
BOUNDED_SURFACE()
B_SPLINE_SURFACE(1,2,((#6253,#6254,#6255,#6256,#6257,#6258,#6259,#6260,
#6261,#6262,#6263,#6264,#6265,#6266,#6267,#6268,#6269,#6270,#6271,#6272,
#6273,#6274,#6275,#6276,#6277,#6278,#6279,#6280,#6281,#6282,#6283,#6284,
#6285,#6286,#6287,#6288,#6289,#6290,#6291,#6292,#6293,#6294,#6295,#6296,
#6297,#6298,#6299,#6300,#6301,#6302,#6303,#6304,#6305,#6306,#6307,#6308,
#6309,#6310,#6311,#6312,#6313,#6314,#6315,#6316,#6317,#6318,#6319,#6320,
#6321,#6322,#6323,#6324,#6325,#6326,#6327,#6328,#6329,#6330,#6331,#6332,
#6333,#6334,#6335,#6336,#6337,#6338,#6339,#6340,#6341,#6342,#6343,#6344,
#6345,#6346,#6347,#6348,#6349,#6350,#6351,#6352,#6353,#6354,#6355,#6356,
#6357,#6358,#6359,#6360,#6361,#6362,#6363,#6364,#6365,#6366,#6367,#6368,
#6369,#6370,#6371,#6372,#6373,#6374,#6375,#6376,#6377,#6378,#6379,#6380,
#6381,#6382,#6383,#6384,#6385,#6386,#6387,#6388,#6389,#6390,#6391,#6392,
#6393,#6394,#6395,#6396,#6397,#6398,#6399,#6400,#6401,#6402,#6403,#6404,
#6405,#6406,#6407,#6408,#6409,#6410,#6411,#6412,#6413,#6414,#6415,#6416,
#6417,#6418,#6419,#6420,#6421,#6422,#6423,#6424,#6425,#6426,#6427,#6428,
#6429,#6430,#6431),(#6432,#6433,#6434,#6435,#6436,#6437,#6438,#6439,#6440,
#6441,#6442,#6443,#6444,#6445,#6446,#6447,#6448,#6449,#6450,#6451,#6452,
#6453,#6454,#6455,#6456,#6457,#6458,#6459,#6460,#6461,#6462,#6463,#6464,
#6465,#6466,#6467,#6468,#6469,#6470,#6471,#6472,#6473,#6474,#6475,#6476,
#6477,#6478,#6479,#6480,#6481,#6482,#6483,#6484,#6485,#6486,#6487,#6488,
#6489,#6490,#6491,#6492,#6493,#6494,#6495,#6496,#6497,#6498,#6499,#6500,
#6501,#6502,#6503,#6504,#6505,#6506,#6507,#6508,#6509,#6510,#6511,#6512,
#6513,#6514,#6515,#6516,#6517,#6518,#6519,#6520,#6521,#6522,#6523,#6524,
#6525,#6526,#6527,#6528,#6529,#6530,#6531,#6532,#6533,#6534,#6535,#6536,
#6537,#6538,#6539,#6540,#6541,#6542,#6543,#6544,#6545,#6546,#6547,#6548,
#6549,#6550,#6551,#6552,#6553,#6554,#6555,#6556,#6557,#6558,#6559,#6560,
#6561,#6562,#6563,#6564,#6565,#6566,#6567,#6568,#6569,#6570,#6571,#6572,
#6573,#6574,#6575,#6576,#6577,#6578,#6579,#6580,#6581,#6582,#6583,#6584,
#6585,#6586,#6587,#6588,#6589,#6590,#6591,#6592,#6593,#6594,#6595,#6596,
#6597,#6598,#6599,#6600,#6601,#6602,#6603,#6604,#6605,#6606,#6607,#6608,
#6609,#6610)),.UNSPECIFIED.,.F.,.F.,.F.)
B_SPLINE_SURFACE_WITH_KNOTS((2,2),(3,2,2,2,2,2,2,2,2,2,2,2,2,2,2,2,2,2,
2,2,2,2,2,2,2,2,2,2,2,2,2,2,2,2,2,2,2,2,2,2,2,2,2,2,2,2,2,2,2,2,2,2,2,2,
2,2,2,2,2,2,2,2,2,2,2,2,2,2,2,2,2,2,2,2,2,2,2,2,2,2,2,2,2,2,2,2,2,2,2,3),
(0.,1.),(0.,0.0104166666666667,0.0208333333333333,0.03125,0.0416666666666667,
0.0520833333333333,0.0625,0.0729166666666667,0.0833333333333333,0.09375,
0.104166666666667,0.114583333333333,0.125,0.135416666666667,0.145833333333333,
0.15625,0.166666666666667,0.177083333333334,0.1875,0.197916666666667,0.208333333333334,
0.21875,0.229166666666666,0.239583333333334,0.25,0.260416666666667,0.270833333333334,
0.28125,0.291666666666667,0.302083333333334,0.3125,0.322916666666667,0.333333333333334,
0.34375,0.354166666666667,0.364583333333334,0.375,0.385416666666667,0.395833333333334,
0.40625,0.416666666666667,0.427083333333334,0.4375,0.447916666666667,0.458333333333333,
0.46875,0.479166666666667,0.489583333333333,0.5,0.510416666666667,0.520833333333333,
0.53125,0.541666666666667,0.552083333333333,0.5625,0.572916666666667,0.583333333333333,
0.59375,0.604166666666667,0.614583333333333,0.625,0.635416666666667,0.645833333333333,
0.65625,0.666666666666667,0.677083333333333,0.6875,0.697916666666667,0.708333333333333,
0.71875,0.729166666666667,0.739583333333333,0.75,0.760416666666667,0.770833333333333,
0.78125,0.791666666666667,0.802083333333333,0.8125,0.822916666666667,0.833333333333333,
0.84375,0.854166666666667,0.864583333333333,0.875,0.885416666666667,0.895833333333333,
0.90625,0.916666666666667,0.918309318121549),.PIECEWISE_BEZIER_KNOTS.)
GEOMETRIC_REPRESENTATION_ITEM()
RATIONAL_B_SPLINE_SURFACE(((1.,0.866025403784439,1.,0.866025403784439,1.,
0.866025403784439,1.,0.866025403784439,1.,0.866025403784439,1.,0.866025403784439,
1.,0.866025403784439,1.,0.866025403784439,1.,0.866025403784439,1.,0.866025403784439,
1.,0.866025403784439,1.,0.866025403784439,1.,0.866025403784439,1.,0.866025403784439,
1.,0.866025403784439,1.,0.866025403784439,1.,0.866025403784439,1.,0.866025403784439,
1.,0.866025403784439,1.,0.866025403784439,1.,0.866025403784439,1.,0.866025403784439,
1.,0.866025403784439,1.,0.866025403784439,1.,0.866025403784439,1.,0.866025403784439,
1.,0.866025403784439,1.,0.866025403784439,1.,0.866025403784439,1.,0.866025403784439,
1.,0.866025403784439,1.,0.866025403784439,1.,0.866025403784439,1.,0.866025403784439,
1.,0.866025403784439,1.,0.866025403784439,1.,0.866025403784439,1.,0.866025403784439,
1.,0.866025403784439,1.,0.866025403784439,1.,0.866025403784439,1.,0.866025403784439,
1.,0.866025403784439,1.,0.866025403784439,1.,0.866025403784439,1.,0.866025403784439,
1.,0.866025403784439,1.,0.866025403784439,1.,0.866025403784439,1.,0.866025403784439,
1.,0.866025403784439,1.,0.866025403784439,1.,0.866025403784439,1.,0.866025403784439,
1.,0.866025403784439,1.,0.866025403784439,1.,0.866025403784439,1.,0.866025403784439,
1.,0.866025403784439,1.,0.866025403784439,1.,0.866025403784439,1.,0.866025403784439,
1.,0.866025403784439,1.,0.866025403784439,1.,0.866025403784439,1.,0.866025403784439,
1.,0.866025403784439,1.,0.866025403784439,1.,0.866025403784439,1.,0.866025403784439,
1.,0.866025403784439,1.,0.866025403784439,1.,0.866025403784439,1.,0.866025403784439,
1.,0.866025403784439,1.,0.866025403784439,1.,0.866025403784439,1.,0.866025403784439,
1.,0.866025403784439,1.,0.866025403784439,1.,0.866025403784439,1.,0.866025403784439,
1.,0.866025403784439,1.,0.866025403784439,1.,0.866025403784439,1.,0.866025403784439,
1.,0.866025403784439,1.,0.866025403784439,1.,0.978872937722486,0.964409120165781),
(1.,0.866025403784439,1.,0.866025403784439,1.,0.866025403784439,1.,0.866025403784439,
1.,0.866025403784439,1.,0.866025403784439,1.,0.866025403784439,1.,0.866025403784439,
1.,0.866025403784439,1.,0.866025403784439,1.,0.866025403784439,1.,0.866025403784439,
1.,0.866025403784439,1.,0.866025403784439,1.,0.866025403784439,1.,0.866025403784439,
1.,0.866025403784439,1.,0.866025403784439,1.,0.866025403784439,1.,0.866025403784439,
1.,0.866025403784439,1.,0.866025403784439,1.,0.866025403784439,1.,0.866025403784439,
1.,0.866025403784439,1.,0.866025403784439,1.,0.866025403784439,1.,0.866025403784439,
1.,0.866025403784439,1.,0.866025403784439,1.,0.866025403784439,1.,0.866025403784439,
1.,0.866025403784439,1.,0.866025403784439,1.,0.866025403784439,1.,0.866025403784439,
1.,0.866025403784439,1.,0.866025403784439,1.,0.866025403784439,1.,0.866025403784439,
1.,0.866025403784439,1.,0.866025403784439,1.,0.866025403784439,1.,0.866025403784439,
1.,0.866025403784439,1.,0.866025403784439,1.,0.866025403784439,1.,0.866025403784439,
1.,0.866025403784439,1.,0.866025403784439,1.,0.866025403784439,1.,0.866025403784439,
1.,0.866025403784439,1.,0.866025403784439,1.,0.866025403784439,1.,0.866025403784439,
1.,0.866025403784439,1.,0.866025403784439,1.,0.866025403784439,1.,0.866025403784439,
1.,0.866025403784439,1.,0.866025403784439,1.,0.866025403784439,1.,0.866025403784439,
1.,0.866025403784439,1.,0.866025403784439,1.,0.866025403784439,1.,0.866025403784439,
1.,0.866025403784439,1.,0.866025403784439,1.,0.866025403784439,1.,0.866025403784439,
1.,0.866025403784439,1.,0.866025403784439,1.,0.866025403784439,1.,0.866025403784439,
1.,0.866025403784439,1.,0.866025403784439,1.,0.866025403784439,1.,0.866025403784439,
1.,0.866025403784439,1.,0.866025403784439,1.,0.866025403784439,1.,0.866025403784439,
1.,0.866025403784439,1.,0.866025403784439,1.,0.866025403784439,1.,0.866025403784439,
1.,0.978872937722486,0.964409120165781)))
REPRESENTATION_ITEM('')
SURFACE()
);
#17=(
BOUNDED_SURFACE()
B_SPLINE_SURFACE(1,2,((#7006,#7007,#7008,#7009,#7010,#7011,#7012,#7013,
#7014,#7015,#7016,#7017,#7018,#7019,#7020,#7021,#7022,#7023,#7024,#7025,
#7026,#7027,#7028,#7029,#7030,#7031,#7032,#7033,#7034,#7035,#7036,#7037,
#7038,#7039,#7040,#7041,#7042,#7043,#7044,#7045,#7046,#7047,#7048,#7049,
#7050,#7051,#7052,#7053,#7054,#7055,#7056,#7057,#7058,#7059,#7060,#7061,
#7062,#7063,#7064,#7065,#7066,#7067,#7068,#7069,#7070,#7071,#7072,#7073,
#7074,#7075,#7076,#7077,#7078,#7079,#7080,#7081,#7082,#7083,#7084,#7085,
#7086,#7087,#7088,#7089,#7090,#7091,#7092,#7093,#7094,#7095,#7096,#7097,
#7098,#7099,#7100,#7101,#7102,#7103,#7104,#7105,#7106,#7107,#7108,#7109,
#7110,#7111,#7112,#7113,#7114,#7115,#7116,#7117,#7118,#7119,#7120,#7121,
#7122,#7123,#7124,#7125,#7126,#7127,#7128,#7129,#7130,#7131,#7132,#7133,
#7134,#7135,#7136,#7137,#7138,#7139,#7140,#7141,#7142,#7143,#7144,#7145,
#7146,#7147,#7148,#7149,#7150,#7151,#7152,#7153,#7154,#7155,#7156,#7157,
#7158,#7159,#7160,#7161,#7162,#7163,#7164,#7165,#7166,#7167,#7168,#7169,
#7170,#7171,#7172,#7173,#7174,#7175,#7176,#7177,#7178,#7179,#7180,#7181,
#7182,#7183,#7184),(#7185,#7186,#7187,#7188,#7189,#7190,#7191,#7192,#7193,
#7194,#7195,#7196,#7197,#7198,#7199,#7200,#7201,#7202,#7203,#7204,#7205,
#7206,#7207,#7208,#7209,#7210,#7211,#7212,#7213,#7214,#7215,#7216,#7217,
#7218,#7219,#7220,#7221,#7222,#7223,#7224,#7225,#7226,#7227,#7228,#7229,
#7230,#7231,#7232,#7233,#7234,#7235,#7236,#7237,#7238,#7239,#7240,#7241,
#7242,#7243,#7244,#7245,#7246,#7247,#7248,#7249,#7250,#7251,#7252,#7253,
#7254,#7255,#7256,#7257,#7258,#7259,#7260,#7261,#7262,#7263,#7264,#7265,
#7266,#7267,#7268,#7269,#7270,#7271,#7272,#7273,#7274,#7275,#7276,#7277,
#7278,#7279,#7280,#7281,#7282,#7283,#7284,#7285,#7286,#7287,#7288,#7289,
#7290,#7291,#7292,#7293,#7294,#7295,#7296,#7297,#7298,#7299,#7300,#7301,
#7302,#7303,#7304,#7305,#7306,#7307,#7308,#7309,#7310,#7311,#7312,#7313,
#7314,#7315,#7316,#7317,#7318,#7319,#7320,#7321,#7322,#7323,#7324,#7325,
#7326,#7327,#7328,#7329,#7330,#7331,#7332,#7333,#7334,#7335,#7336,#7337,
#7338,#7339,#7340,#7341,#7342,#7343,#7344,#7345,#7346,#7347,#7348,#7349,
#7350,#7351,#7352,#7353,#7354,#7355,#7356,#7357,#7358,#7359,#7360,#7361,
#7362,#7363)),.UNSPECIFIED.,.F.,.F.,.F.)
B_SPLINE_SURFACE_WITH_KNOTS((2,2),(3,2,2,2,2,2,2,2,2,2,2,2,2,2,2,2,2,2,
2,2,2,2,2,2,2,2,2,2,2,2,2,2,2,2,2,2,2,2,2,2,2,2,2,2,2,2,2,2,2,2,2,2,2,2,
2,2,2,2,2,2,2,2,2,2,2,2,2,2,2,2,2,2,2,2,2,2,2,2,2,2,2,2,2,2,2,2,2,2,2,3),
(0.,1.),(0.0340968266268353,0.0416666666666667,0.0520833333333333,0.0625,
0.0729166666666667,0.0833333333333333,0.09375,0.104166666666667,0.114583333333333,
0.125,0.135416666666667,0.145833333333333,0.15625,0.166666666666667,0.177083333333334,
0.1875,0.197916666666667,0.208333333333334,0.21875,0.229166666666666,0.239583333333334,
0.25,0.260416666666667,0.270833333333334,0.28125,0.291666666666667,0.302083333333334,
0.3125,0.322916666666667,0.333333333333334,0.34375,0.354166666666667,0.364583333333334,
0.375,0.385416666666667,0.395833333333334,0.40625,0.416666666666667,0.427083333333334,
0.4375,0.447916666666667,0.458333333333333,0.46875,0.479166666666667,0.489583333333333,
0.5,0.510416666666667,0.520833333333333,0.53125,0.541666666666667,0.552083333333333,
0.5625,0.572916666666667,0.583333333333333,0.59375,0.604166666666667,0.614583333333333,
0.625,0.635416666666667,0.645833333333333,0.65625,0.666666666666667,0.677083333333333,
0.6875,0.697916666666667,0.708333333333333,0.71875,0.729166666666667,0.739583333333333,
0.75,0.760416666666667,0.770833333333333,0.78125,0.791666666666667,0.802083333333333,
0.8125,0.822916666666667,0.833333333333333,0.84375,0.854166666666667,0.864583333333333,
0.875,0.885416666666667,0.895833333333333,0.90625,0.916666666666667,0.927083333333333,
0.9375,0.947916666666667,0.953588008585923),.PIECEWISE_BEZIER_KNOTS.)
GEOMETRIC_REPRESENTATION_ITEM()
RATIONAL_B_SPLINE_SURFACE(((0.946783949439827,0.902640038775732,1.,0.866025403784439,
1.,0.866025403784439,1.,0.866025403784439,1.,0.866025403784439,1.,0.866025403784439,
1.,0.866025403784439,1.,0.866025403784439,1.,0.866025403784439,1.,0.866025403784439,
1.,0.866025403784439,1.,0.866025403784439,1.,0.866025403784439,1.,0.866025403784439,
1.,0.866025403784439,1.,0.866025403784439,1.,0.866025403784439,1.,0.866025403784439,
1.,0.866025403784439,1.,0.866025403784439,1.,0.866025403784439,1.,0.866025403784439,
1.,0.866025403784439,1.,0.866025403784439,1.,0.866025403784439,1.,0.866025403784439,
1.,0.866025403784439,1.,0.866025403784439,1.,0.866025403784439,1.,0.866025403784439,
1.,0.866025403784439,1.,0.866025403784439,1.,0.866025403784439,1.,0.866025403784439,
1.,0.866025403784439,1.,0.866025403784439,1.,0.866025403784439,1.,0.866025403784439,
1.,0.866025403784439,1.,0.866025403784439,1.,0.866025403784439,1.,0.866025403784439,
1.,0.866025403784439,1.,0.866025403784439,1.,0.866025403784439,1.,0.866025403784439,
1.,0.866025403784439,1.,0.866025403784439,1.,0.866025403784439,1.,0.866025403784439,
1.,0.866025403784439,1.,0.866025403784439,1.,0.866025403784439,1.,0.866025403784439,
1.,0.866025403784439,1.,0.866025403784439,1.,0.866025403784439,1.,0.866025403784439,
1.,0.866025403784439,1.,0.866025403784439,1.,0.866025403784439,1.,0.866025403784439,
1.,0.866025403784439,1.,0.866025403784439,1.,0.866025403784439,1.,0.866025403784439,
1.,0.866025403784439,1.,0.866025403784439,1.,0.866025403784439,1.,0.866025403784439,
1.,0.866025403784439,1.,0.866025403784439,1.,0.866025403784439,1.,0.866025403784439,
1.,0.866025403784439,1.,0.866025403784439,1.,0.866025403784439,1.,0.866025403784439,
1.,0.866025403784439,1.,0.866025403784439,1.,0.866025403784439,1.,0.866025403784439,
1.,0.866025403784439,1.,0.866025403784439,1.,0.866025403784439,1.,0.866025403784439,
1.,0.866025403784439,1.,0.866025403784439,1.,0.927057688611256,0.933542088569667),
(0.946783949439827,0.902640038775732,1.,0.866025403784439,1.,0.866025403784439,
1.,0.866025403784439,1.,0.866025403784439,1.,0.866025403784439,1.,0.866025403784439,
1.,0.866025403784439,1.,0.866025403784439,1.,0.866025403784439,1.,0.866025403784439,
1.,0.866025403784439,1.,0.866025403784439,1.,0.866025403784439,1.,0.866025403784439,
1.,0.866025403784439,1.,0.866025403784439,1.,0.866025403784439,1.,0.866025403784439,
1.,0.866025403784439,1.,0.866025403784439,1.,0.866025403784439,1.,0.866025403784439,
1.,0.866025403784439,1.,0.866025403784439,1.,0.866025403784439,1.,0.866025403784439,
1.,0.866025403784439,1.,0.866025403784439,1.,0.866025403784439,1.,0.866025403784439,
1.,0.866025403784439,1.,0.866025403784439,1.,0.866025403784439,1.,0.866025403784439,
1.,0.866025403784439,1.,0.866025403784439,1.,0.866025403784439,1.,0.866025403784439,
1.,0.866025403784439,1.,0.866025403784439,1.,0.866025403784439,1.,0.866025403784439,
1.,0.866025403784439,1.,0.866025403784439,1.,0.866025403784439,1.,0.866025403784439,
1.,0.866025403784439,1.,0.866025403784439,1.,0.866025403784439,1.,0.866025403784439,
1.,0.866025403784439,1.,0.866025403784439,1.,0.866025403784439,1.,0.866025403784439,
1.,0.866025403784439,1.,0.866025403784439,1.,0.866025403784439,1.,0.866025403784439,
1.,0.866025403784439,1.,0.866025403784439,1.,0.866025403784439,1.,0.866025403784439,
1.,0.866025403784439,1.,0.866025403784439,1.,0.866025403784439,1.,0.866025403784439,
1.,0.866025403784439,1.,0.866025403784439,1.,0.866025403784439,1.,0.866025403784439,
1.,0.866025403784439,1.,0.866025403784439,1.,0.866025403784439,1.,0.866025403784439,
1.,0.866025403784439,1.,0.866025403784439,1.,0.866025403784439,1.,0.866025403784439,
1.,0.866025403784439,1.,0.866025403784439,1.,0.866025403784439,1.,0.866025403784439,
1.,0.866025403784439,1.,0.866025403784439,1.,0.866025403784439,1.,0.866025403784439,
1.,0.866025403784439,1.,0.927057688611256,0.933542088569667)))
REPRESENTATION_ITEM('')
SURFACE()
);
#18=(
BOUNDED_SURFACE()
B_SPLINE_SURFACE(1,2,((#7370,#7371,#7372,#7373,#7374,#7375,#7376,#7377,
#7378,#7379,#7380,#7381,#7382,#7383,#7384,#7385,#7386,#7387,#7388,#7389,
#7390,#7391,#7392,#7393,#7394,#7395,#7396,#7397,#7398,#7399,#7400,#7401,
#7402,#7403,#7404,#7405,#7406,#7407,#7408,#7409,#7410,#7411,#7412,#7413,
#7414,#7415,#7416,#7417,#7418,#7419,#7420,#7421,#7422,#7423,#7424,#7425,
#7426,#7427,#7428,#7429,#7430,#7431,#7432,#7433,#7434,#7435,#7436,#7437,
#7438,#7439,#7440,#7441,#7442,#7443,#7444,#7445,#7446,#7447,#7448,#7449,
#7450,#7451,#7452,#7453,#7454,#7455,#7456,#7457,#7458,#7459,#7460,#7461,
#7462,#7463,#7464,#7465,#7466,#7467,#7468,#7469,#7470,#7471,#7472,#7473,
#7474,#7475,#7476,#7477,#7478,#7479,#7480,#7481,#7482,#7483,#7484,#7485,
#7486,#7487,#7488,#7489,#7490,#7491,#7492,#7493,#7494,#7495,#7496,#7497,
#7498,#7499,#7500,#7501,#7502,#7503,#7504,#7505,#7506,#7507,#7508,#7509,
#7510,#7511,#7512,#7513,#7514,#7515,#7516,#7517,#7518,#7519,#7520,#7521,
#7522,#7523,#7524,#7525,#7526,#7527,#7528,#7529,#7530,#7531,#7532,#7533,
#7534,#7535,#7536,#7537,#7538,#7539,#7540,#7541,#7542,#7543,#7544,#7545,
#7546,#7547,#7548),(#7549,#7550,#7551,#7552,#7553,#7554,#7555,#7556,#7557,
#7558,#7559,#7560,#7561,#7562,#7563,#7564,#7565,#7566,#7567,#7568,#7569,
#7570,#7571,#7572,#7573,#7574,#7575,#7576,#7577,#7578,#7579,#7580,#7581,
#7582,#7583,#7584,#7585,#7586,#7587,#7588,#7589,#7590,#7591,#7592,#7593,
#7594,#7595,#7596,#7597,#7598,#7599,#7600,#7601,#7602,#7603,#7604,#7605,
#7606,#7607,#7608,#7609,#7610,#7611,#7612,#7613,#7614,#7615,#7616,#7617,
#7618,#7619,#7620,#7621,#7622,#7623,#7624,#7625,#7626,#7627,#7628,#7629,
#7630,#7631,#7632,#7633,#7634,#7635,#7636,#7637,#7638,#7639,#7640,#7641,
#7642,#7643,#7644,#7645,#7646,#7647,#7648,#7649,#7650,#7651,#7652,#7653,
#7654,#7655,#7656,#7657,#7658,#7659,#7660,#7661,#7662,#7663,#7664,#7665,
#7666,#7667,#7668,#7669,#7670,#7671,#7672,#7673,#7674,#7675,#7676,#7677,
#7678,#7679,#7680,#7681,#7682,#7683,#7684,#7685,#7686,#7687,#7688,#7689,
#7690,#7691,#7692,#7693,#7694,#7695,#7696,#7697,#7698,#7699,#7700,#7701,
#7702,#7703,#7704,#7705,#7706,#7707,#7708,#7709,#7710,#7711,#7712,#7713,
#7714,#7715,#7716,#7717,#7718,#7719,#7720,#7721,#7722,#7723,#7724,#7725,
#7726,#7727)),.UNSPECIFIED.,.F.,.F.,.F.)
B_SPLINE_SURFACE_WITH_KNOTS((2,2),(3,2,2,2,2,2,2,2,2,2,2,2,2,2,2,2,2,2,
2,2,2,2,2,2,2,2,2,2,2,2,2,2,2,2,2,2,2,2,2,2,2,2,2,2,2,2,2,2,2,2,2,2,2,2,
2,2,2,2,2,2,2,2,2,2,2,2,2,2,2,2,2,2,2,2,2,2,2,2,2,2,2,2,2,2,2,2,2,2,2,3),
(0.,1.),(0.,0.0104166666666667,0.0208333333333333,0.03125,0.0416666666666667,
0.0520833333333333,0.0625,0.0729166666666667,0.0833333333333333,0.09375,
0.104166666666667,0.114583333333333,0.125,0.135416666666667,0.145833333333333,
0.15625,0.166666666666667,0.177083333333334,0.1875,0.197916666666667,0.208333333333334,
0.21875,0.229166666666666,0.239583333333334,0.25,0.260416666666667,0.270833333333334,
0.28125,0.291666666666667,0.302083333333334,0.3125,0.322916666666667,0.333333333333334,
0.34375,0.354166666666667,0.364583333333334,0.375,0.385416666666667,0.395833333333334,
0.40625,0.416666666666667,0.427083333333334,0.4375,0.447916666666667,0.458333333333333,
0.46875,0.479166666666667,0.489583333333333,0.5,0.510416666666667,0.520833333333333,
0.53125,0.541666666666667,0.552083333333333,0.5625,0.572916666666667,0.583333333333333,
0.59375,0.604166666666667,0.614583333333333,0.625,0.635416666666667,0.645833333333333,
0.65625,0.666666666666667,0.677083333333333,0.6875,0.697916666666667,0.708333333333333,
0.71875,0.729166666666667,0.739583333333333,0.75,0.760416666666667,0.770833333333333,
0.78125,0.791666666666667,0.802083333333333,0.8125,0.822916666666667,0.833333333333333,
0.84375,0.854166666666667,0.864583333333333,0.875,0.885416666666667,0.895833333333333,
0.90625,0.916666666666667,0.91830931812155),.PIECEWISE_BEZIER_KNOTS.)
GEOMETRIC_REPRESENTATION_ITEM()
RATIONAL_B_SPLINE_SURFACE(((1.,0.866025403784439,1.,0.866025403784439,1.,
0.866025403784439,1.,0.866025403784439,1.,0.866025403784439,1.,0.866025403784439,
1.,0.866025403784439,1.,0.866025403784439,1.,0.866025403784439,1.,0.866025403784439,
1.,0.866025403784439,1.,0.866025403784439,1.,0.866025403784439,1.,0.866025403784439,
1.,0.866025403784439,1.,0.866025403784439,1.,0.866025403784439,1.,0.866025403784439,
1.,0.866025403784439,1.,0.866025403784439,1.,0.866025403784439,1.,0.866025403784439,
1.,0.866025403784439,1.,0.866025403784439,1.,0.866025403784439,1.,0.866025403784439,
1.,0.866025403784439,1.,0.866025403784439,1.,0.866025403784439,1.,0.866025403784439,
1.,0.866025403784439,1.,0.866025403784439,1.,0.866025403784439,1.,0.866025403784439,
1.,0.866025403784439,1.,0.866025403784439,1.,0.866025403784439,1.,0.866025403784439,
1.,0.866025403784439,1.,0.866025403784439,1.,0.866025403784439,1.,0.866025403784439,
1.,0.866025403784439,1.,0.866025403784439,1.,0.866025403784439,1.,0.866025403784439,
1.,0.866025403784439,1.,0.866025403784439,1.,0.866025403784439,1.,0.866025403784439,
1.,0.866025403784439,1.,0.866025403784439,1.,0.866025403784439,1.,0.866025403784439,
1.,0.866025403784439,1.,0.866025403784439,1.,0.866025403784439,1.,0.866025403784439,
1.,0.866025403784439,1.,0.866025403784439,1.,0.866025403784439,1.,0.866025403784439,
1.,0.866025403784439,1.,0.866025403784439,1.,0.866025403784439,1.,0.866025403784439,
1.,0.866025403784439,1.,0.866025403784439,1.,0.866025403784439,1.,0.866025403784439,
1.,0.866025403784439,1.,0.866025403784439,1.,0.866025403784439,1.,0.866025403784439,
1.,0.866025403784439,1.,0.866025403784439,1.,0.866025403784439,1.,0.866025403784439,
1.,0.866025403784439,1.,0.866025403784439,1.,0.866025403784439,1.,0.866025403784439,
1.,0.866025403784439,1.,0.866025403784439,1.,0.866025403784439,1.,0.866025403784439,
1.,0.866025403784439,1.,0.866025403784439,1.,0.978872937722473,0.964409120165763),
(1.,0.866025403784439,1.,0.866025403784439,1.,0.866025403784439,1.,0.866025403784439,
1.,0.866025403784439,1.,0.866025403784439,1.,0.866025403784439,1.,0.866025403784439,
1.,0.866025403784439,1.,0.866025403784439,1.,0.866025403784439,1.,0.866025403784439,
1.,0.866025403784439,1.,0.866025403784439,1.,0.866025403784439,1.,0.866025403784439,
1.,0.866025403784439,1.,0.866025403784439,1.,0.866025403784439,1.,0.866025403784439,
1.,0.866025403784439,1.,0.866025403784439,1.,0.866025403784439,1.,0.866025403784439,
1.,0.866025403784439,1.,0.866025403784439,1.,0.866025403784439,1.,0.866025403784439,
1.,0.866025403784439,1.,0.866025403784439,1.,0.866025403784439,1.,0.866025403784439,
1.,0.866025403784439,1.,0.866025403784439,1.,0.866025403784439,1.,0.866025403784439,
1.,0.866025403784439,1.,0.866025403784439,1.,0.866025403784439,1.,0.866025403784439,
1.,0.866025403784439,1.,0.866025403784439,1.,0.866025403784439,1.,0.866025403784439,
1.,0.866025403784439,1.,0.866025403784439,1.,0.866025403784439,1.,0.866025403784439,
1.,0.866025403784439,1.,0.866025403784439,1.,0.866025403784439,1.,0.866025403784439,
1.,0.866025403784439,1.,0.866025403784439,1.,0.866025403784439,1.,0.866025403784439,
1.,0.866025403784439,1.,0.866025403784439,1.,0.866025403784439,1.,0.866025403784439,
1.,0.866025403784439,1.,0.866025403784439,1.,0.866025403784439,1.,0.866025403784439,
1.,0.866025403784439,1.,0.866025403784439,1.,0.866025403784439,1.,0.866025403784439,
1.,0.866025403784439,1.,0.866025403784439,1.,0.866025403784439,1.,0.866025403784439,
1.,0.866025403784439,1.,0.866025403784439,1.,0.866025403784439,1.,0.866025403784439,
1.,0.866025403784439,1.,0.866025403784439,1.,0.866025403784439,1.,0.866025403784439,
1.,0.866025403784439,1.,0.866025403784439,1.,0.866025403784439,1.,0.866025403784439,
1.,0.866025403784439,1.,0.866025403784439,1.,0.866025403784439,1.,0.866025403784439,
1.,0.978872937722473,0.964409120165763)))
REPRESENTATION_ITEM('')
SURFACE()
);
#19=(
BOUNDED_SURFACE()
B_SPLINE_SURFACE(1,2,((#8123,#8124,#8125,#8126,#8127,#8128,#8129,#8130,
#8131,#8132,#8133,#8134,#8135,#8136,#8137,#8138,#8139,#8140,#8141,#8142,
#8143,#8144,#8145,#8146,#8147,#8148,#8149,#8150,#8151,#8152,#8153,#8154,
#8155,#8156,#8157,#8158,#8159,#8160,#8161,#8162,#8163,#8164,#8165,#8166,
#8167,#8168,#8169,#8170,#8171,#8172,#8173,#8174,#8175,#8176,#8177,#8178,
#8179,#8180,#8181,#8182,#8183,#8184,#8185,#8186,#8187,#8188,#8189,#8190,
#8191,#8192,#8193,#8194,#8195,#8196,#8197,#8198,#8199,#8200,#8201,#8202,
#8203,#8204,#8205,#8206,#8207,#8208,#8209,#8210,#8211,#8212,#8213,#8214,
#8215,#8216,#8217,#8218,#8219,#8220,#8221,#8222,#8223,#8224,#8225,#8226,
#8227,#8228,#8229,#8230,#8231,#8232,#8233,#8234,#8235,#8236,#8237,#8238,
#8239,#8240,#8241,#8242,#8243,#8244,#8245,#8246,#8247,#8248,#8249,#8250,
#8251,#8252,#8253,#8254,#8255,#8256,#8257,#8258,#8259,#8260,#8261,#8262,
#8263,#8264,#8265,#8266,#8267,#8268,#8269,#8270,#8271,#8272,#8273,#8274,
#8275,#8276,#8277,#8278,#8279,#8280,#8281,#8282,#8283,#8284,#8285,#8286,
#8287,#8288,#8289,#8290,#8291,#8292,#8293,#8294,#8295,#8296,#8297,#8298,
#8299,#8300,#8301),(#8302,#8303,#8304,#8305,#8306,#8307,#8308,#8309,#8310,
#8311,#8312,#8313,#8314,#8315,#8316,#8317,#8318,#8319,#8320,#8321,#8322,
#8323,#8324,#8325,#8326,#8327,#8328,#8329,#8330,#8331,#8332,#8333,#8334,
#8335,#8336,#8337,#8338,#8339,#8340,#8341,#8342,#8343,#8344,#8345,#8346,
#8347,#8348,#8349,#8350,#8351,#8352,#8353,#8354,#8355,#8356,#8357,#8358,
#8359,#8360,#8361,#8362,#8363,#8364,#8365,#8366,#8367,#8368,#8369,#8370,
#8371,#8372,#8373,#8374,#8375,#8376,#8377,#8378,#8379,#8380,#8381,#8382,
#8383,#8384,#8385,#8386,#8387,#8388,#8389,#8390,#8391,#8392,#8393,#8394,
#8395,#8396,#8397,#8398,#8399,#8400,#8401,#8402,#8403,#8404,#8405,#8406,
#8407,#8408,#8409,#8410,#8411,#8412,#8413,#8414,#8415,#8416,#8417,#8418,
#8419,#8420,#8421,#8422,#8423,#8424,#8425,#8426,#8427,#8428,#8429,#8430,
#8431,#8432,#8433,#8434,#8435,#8436,#8437,#8438,#8439,#8440,#8441,#8442,
#8443,#8444,#8445,#8446,#8447,#8448,#8449,#8450,#8451,#8452,#8453,#8454,
#8455,#8456,#8457,#8458,#8459,#8460,#8461,#8462,#8463,#8464,#8465,#8466,
#8467,#8468,#8469,#8470,#8471,#8472,#8473,#8474,#8475,#8476,#8477,#8478,
#8479,#8480)),.UNSPECIFIED.,.F.,.F.,.F.)
B_SPLINE_SURFACE_WITH_KNOTS((2,2),(3,2,2,2,2,2,2,2,2,2,2,2,2,2,2,2,2,2,
2,2,2,2,2,2,2,2,2,2,2,2,2,2,2,2,2,2,2,2,2,2,2,2,2,2,2,2,2,2,2,2,2,2,2,2,
2,2,2,2,2,2,2,2,2,2,2,2,2,2,2,2,2,2,2,2,2,2,2,2,2,2,2,2,2,2,2,2,2,2,2,3),
(0.,1.),(0.0340968266268353,0.0416666666666667,0.0520833333333333,0.0625,
0.0729166666666667,0.0833333333333333,0.09375,0.104166666666667,0.114583333333333,
0.125,0.135416666666667,0.145833333333333,0.15625,0.166666666666667,0.177083333333334,
0.1875,0.197916666666667,0.208333333333334,0.21875,0.229166666666666,0.239583333333334,
0.25,0.260416666666667,0.270833333333334,0.28125,0.291666666666667,0.302083333333334,
0.3125,0.322916666666667,0.333333333333334,0.34375,0.354166666666667,0.364583333333334,
0.375,0.385416666666667,0.395833333333334,0.40625,0.416666666666667,0.427083333333334,
0.4375,0.447916666666667,0.458333333333333,0.46875,0.479166666666667,0.489583333333333,
0.5,0.510416666666667,0.520833333333333,0.53125,0.541666666666667,0.552083333333333,
0.5625,0.572916666666667,0.583333333333333,0.59375,0.604166666666667,0.614583333333333,
0.625,0.635416666666667,0.645833333333333,0.65625,0.666666666666667,0.677083333333333,
0.6875,0.697916666666667,0.708333333333333,0.71875,0.729166666666667,0.739583333333333,
0.75,0.760416666666667,0.770833333333333,0.78125,0.791666666666667,0.802083333333333,
0.8125,0.822916666666667,0.833333333333333,0.84375,0.854166666666667,0.864583333333333,
0.875,0.885416666666667,0.895833333333333,0.90625,0.916666666666667,0.927083333333333,
0.9375,0.947916666666667,0.953588008585924),.PIECEWISE_BEZIER_KNOTS.)
GEOMETRIC_REPRESENTATION_ITEM()
RATIONAL_B_SPLINE_SURFACE(((0.946783949439828,0.902640038775732,1.,0.866025403784439,
1.,0.866025403784439,1.,0.866025403784439,1.,0.866025403784439,1.,0.866025403784439,
1.,0.866025403784439,1.,0.866025403784439,1.,0.866025403784439,1.,0.866025403784439,
1.,0.866025403784439,1.,0.866025403784439,1.,0.866025403784439,1.,0.866025403784439,
1.,0.866025403784439,1.,0.866025403784439,1.,0.866025403784439,1.,0.866025403784439,
1.,0.866025403784439,1.,0.866025403784439,1.,0.866025403784439,1.,0.866025403784439,
1.,0.866025403784439,1.,0.866025403784439,1.,0.866025403784439,1.,0.866025403784439,
1.,0.866025403784439,1.,0.866025403784439,1.,0.866025403784439,1.,0.866025403784439,
1.,0.866025403784439,1.,0.866025403784439,1.,0.866025403784439,1.,0.866025403784439,
1.,0.866025403784439,1.,0.866025403784439,1.,0.866025403784439,1.,0.866025403784439,
1.,0.866025403784439,1.,0.866025403784439,1.,0.866025403784439,1.,0.866025403784439,
1.,0.866025403784439,1.,0.866025403784439,1.,0.866025403784439,1.,0.866025403784439,
1.,0.866025403784439,1.,0.866025403784439,1.,0.866025403784439,1.,0.866025403784439,
1.,0.866025403784439,1.,0.866025403784439,1.,0.866025403784439,1.,0.866025403784439,
1.,0.866025403784439,1.,0.866025403784439,1.,0.866025403784439,1.,0.866025403784439,
1.,0.866025403784439,1.,0.866025403784439,1.,0.866025403784439,1.,0.866025403784439,
1.,0.866025403784439,1.,0.866025403784439,1.,0.866025403784439,1.,0.866025403784439,
1.,0.866025403784439,1.,0.866025403784439,1.,0.866025403784439,1.,0.866025403784439,
1.,0.866025403784439,1.,0.866025403784439,1.,0.866025403784439,1.,0.866025403784439,
1.,0.866025403784439,1.,0.866025403784439,1.,0.866025403784439,1.,0.866025403784439,
1.,0.866025403784439,1.,0.866025403784439,1.,0.866025403784439,1.,0.866025403784439,
1.,0.866025403784439,1.,0.866025403784439,1.,0.866025403784439,1.,0.866025403784439,
1.,0.866025403784439,1.,0.866025403784439,1.,0.927057688611244,0.933542088569669),
(0.946783949439828,0.902640038775732,1.,0.866025403784439,1.,0.866025403784439,
1.,0.866025403784439,1.,0.866025403784439,1.,0.866025403784439,1.,0.866025403784439,
1.,0.866025403784439,1.,0.866025403784439,1.,0.866025403784439,1.,0.866025403784439,
1.,0.866025403784439,1.,0.866025403784439,1.,0.866025403784439,1.,0.866025403784439,
1.,0.866025403784439,1.,0.866025403784439,1.,0.866025403784439,1.,0.866025403784439,
1.,0.866025403784439,1.,0.866025403784439,1.,0.866025403784439,1.,0.866025403784439,
1.,0.866025403784439,1.,0.866025403784439,1.,0.866025403784439,1.,0.866025403784439,
1.,0.866025403784439,1.,0.866025403784439,1.,0.866025403784439,1.,0.866025403784439,
1.,0.866025403784439,1.,0.866025403784439,1.,0.866025403784439,1.,0.866025403784439,
1.,0.866025403784439,1.,0.866025403784439,1.,0.866025403784439,1.,0.866025403784439,
1.,0.866025403784439,1.,0.866025403784439,1.,0.866025403784439,1.,0.866025403784439,
1.,0.866025403784439,1.,0.866025403784439,1.,0.866025403784439,1.,0.866025403784439,
1.,0.866025403784439,1.,0.866025403784439,1.,0.866025403784439,1.,0.866025403784439,
1.,0.866025403784439,1.,0.866025403784439,1.,0.866025403784439,1.,0.866025403784439,
1.,0.866025403784439,1.,0.866025403784439,1.,0.866025403784439,1.,0.866025403784439,
1.,0.866025403784439,1.,0.866025403784439,1.,0.866025403784439,1.,0.866025403784439,
1.,0.866025403784439,1.,0.866025403784439,1.,0.866025403784439,1.,0.866025403784439,
1.,0.866025403784439,1.,0.866025403784439,1.,0.866025403784439,1.,0.866025403784439,
1.,0.866025403784439,1.,0.866025403784439,1.,0.866025403784439,1.,0.866025403784439,
1.,0.866025403784439,1.,0.866025403784439,1.,0.866025403784439,1.,0.866025403784439,
1.,0.866025403784439,1.,0.866025403784439,1.,0.866025403784439,1.,0.866025403784439,
1.,0.866025403784439,1.,0.866025403784439,1.,0.866025403784439,1.,0.866025403784439,
1.,0.866025403784439,1.,0.927057688611244,0.933542088569669)))
REPRESENTATION_ITEM('')
SURFACE()
);
#20=(
BOUNDED_CURVE()
B_SPLINE_CURVE(2,(#2454,#2455,#2456,#2457,#2458,#2459,#2460,#2461,#2462,
#2463,#2464,#2465,#2466,#2467,#2468,#2469,#2470,#2471,#2472,#2473,#2474,
#2475,#2476,#2477,#2478,#2479,#2480,#2481,#2482,#2483,#2484,#2485,#2486,
#2487,#2488,#2489,#2490,#2491,#2492,#2493,#2494,#2495,#2496,#2497,#2498,
#2499,#2500,#2501,#2502,#2503,#2504,#2505,#2506,#2507,#2508,#2509,#2510,
#2511,#2512,#2513,#2514,#2515,#2516,#2517,#2518,#2519,#2520,#2521,#2522,
#2523,#2524,#2525,#2526,#2527,#2528,#2529,#2530,#2531,#2532,#2533,#2534,
#2535,#2536,#2537,#2538,#2539,#2540,#2541,#2542,#2543,#2544,#2545,#2546,
#2547,#2548,#2549,#2550,#2551,#2552,#2553,#2554,#2555,#2556,#2557,#2558,
#2559,#2560,#2561,#2562,#2563,#2564,#2565,#2566,#2567,#2568,#2569,#2570,
#2571,#2572,#2573,#2574,#2575,#2576,#2577,#2578,#2579,#2580,#2581,#2582,
#2583,#2584,#2585,#2586,#2587,#2588,#2589,#2590,#2591,#2592,#2593,#2594,
#2595,#2596,#2597,#2598,#2599,#2600,#2601,#2602,#2603,#2604,#2605,#2606,
#2607,#2608,#2609,#2610,#2611,#2612,#2613,#2614,#2615,#2616,#2617,#2618,
#2619,#2620,#2621,#2622,#2623,#2624,#2625,#2626,#2627,#2628,#2629,#2630,
#2631,#2632,#2633,#2634,#2635,#2636,#2637,#2638,#2639,#2640,#2641,#2642,
#2643,#2644,#2645,#2646),.UNSPECIFIED.,.F.,.F.)
B_SPLINE_CURVE_WITH_KNOTS((3,2,2,2,2,2,2,2,2,2,2,2,2,2,2,2,2,2,2,2,2,2,
2,2,2,2,2,2,2,2,2,2,2,2,2,2,2,2,2,2,2,2,2,2,2,2,2,2,2,2,2,2,2,2,2,2,2,2,
2,2,2,2,2,2,2,2,2,2,2,2,2,2,2,2,2,2,2,2,2,2,2,2,2,2,2,2,2,2,2,2,2,2,2,2,
2,2,3),(0.,0.0104166666666667,0.0208333333333333,0.03125,0.0416666666666667,
0.0520833333333333,0.0625,0.0729166666666667,0.0833333333333333,0.09375,
0.104166666666667,0.114583333333333,0.125,0.135416666666667,0.145833333333333,
0.15625,0.166666666666667,0.177083333333334,0.1875,0.197916666666667,0.208333333333334,
0.21875,0.229166666666666,0.239583333333334,0.25,0.260416666666667,0.270833333333334,
0.28125,0.291666666666667,0.302083333333334,0.3125,0.322916666666667,0.333333333333334,
0.34375,0.354166666666667,0.364583333333334,0.375,0.385416666666667,0.395833333333334,
0.40625,0.416666666666667,0.427083333333334,0.4375,0.447916666666667,0.458333333333333,
0.46875,0.479166666666667,0.489583333333333,0.5,0.510416666666667,0.520833333333333,
0.53125,0.541666666666667,0.552083333333333,0.5625,0.572916666666667,0.583333333333333,
0.59375,0.604166666666667,0.614583333333333,0.625,0.635416666666667,0.645833333333333,
0.65625,0.666666666666667,0.677083333333333,0.6875,0.697916666666667,0.708333333333333,
0.71875,0.729166666666667,0.739583333333333,0.75,0.760416666666667,0.770833333333333,
0.78125,0.791666666666667,0.802083333333333,0.8125,0.822916666666667,0.833333333333333,
0.84375,0.854166666666667,0.864583333333333,0.875,0.885416666666667,0.895833333333333,
0.90625,0.916666666666667,0.927083333333333,0.9375,0.947916666666667,0.958333333333333,
0.96875,0.979166666666667,0.989583333333333,1.),.UNSPECIFIED.)
CURVE()
GEOMETRIC_REPRESENTATION_ITEM()
RATIONAL_B_SPLINE_CURVE((1.,0.866025403784439,1.,0.866025403784439,1.,0.866025403784439,
1.,0.866025403784439,1.,0.866025403784439,1.,0.866025403784439,1.,0.866025403784439,
1.,0.866025403784439,1.,0.866025403784439,1.,0.866025403784439,1.,0.866025403784439,
1.,0.866025403784439,1.,0.866025403784439,1.,0.866025403784439,1.,0.866025403784439,
1.,0.866025403784439,1.,0.866025403784439,1.,0.866025403784439,1.,0.866025403784439,
1.,0.866025403784439,1.,0.866025403784439,1.,0.866025403784439,1.,0.866025403784439,
1.,0.866025403784439,1.,0.866025403784439,1.,0.866025403784439,1.,0.866025403784439,
1.,0.866025403784439,1.,0.866025403784439,1.,0.866025403784439,1.,0.866025403784439,
1.,0.866025403784439,1.,0.866025403784439,1.,0.866025403784439,1.,0.866025403784439,
1.,0.866025403784439,1.,0.866025403784439,1.,0.866025403784439,1.,0.866025403784439,
1.,0.866025403784439,1.,0.866025403784439,1.,0.866025403784439,1.,0.866025403784439,
1.,0.866025403784439,1.,0.866025403784439,1.,0.866025403784439,1.,0.866025403784439,
1.,0.866025403784439,1.,0.866025403784439,1.,0.866025403784439,1.,0.866025403784439,
1.,0.866025403784439,1.,0.866025403784439,1.,0.866025403784439,1.,0.866025403784439,
1.,0.866025403784439,1.,0.866025403784439,1.,0.866025403784439,1.,0.866025403784439,
1.,0.866025403784439,1.,0.866025403784439,1.,0.866025403784439,1.,0.866025403784439,
1.,0.866025403784439,1.,0.866025403784439,1.,0.866025403784439,1.,0.866025403784439,
1.,0.866025403784439,1.,0.866025403784439,1.,0.866025403784439,1.,0.866025403784439,
1.,0.866025403784439,1.,0.866025403784439,1.,0.866025403784439,1.,0.866025403784439,
1.,0.866025403784439,1.,0.866025403784439,1.,0.866025403784439,1.,0.866025403784439,
1.,0.866025403784439,1.,0.866025403784439,1.,0.866025403784439,1.,0.866025403784439,
1.,0.866025403784439,1.,0.866025403784439,1.,0.866025403784439,1.,0.866025403784439,
1.,0.866025403784439,1.,0.866025403784439,1.,0.866025403784439,1.,0.866025403784439,
1.,0.866025403784439,1.,0.866025403784439,1.,0.866025403784439,1.,0.866025403784439,
1.,0.866025403784439,1.))
REPRESENTATION_ITEM('')
);
#21=(
BOUNDED_CURVE()
B_SPLINE_CURVE(2,(#2647,#2648,#2649,#2650,#2651,#2652,#2653,#2654,#2655,
#2656,#2657,#2658,#2659,#2660,#2661,#2662,#2663,#2664,#2665,#2666,#2667,
#2668,#2669,#2670,#2671,#2672,#2673,#2674,#2675,#2676,#2677,#2678,#2679,
#2680,#2681,#2682,#2683,#2684,#2685,#2686,#2687,#2688,#2689,#2690,#2691,
#2692,#2693,#2694,#2695,#2696,#2697,#2698,#2699,#2700,#2701,#2702,#2703,
#2704,#2705,#2706,#2707,#2708,#2709,#2710,#2711,#2712,#2713,#2714,#2715,
#2716,#2717,#2718,#2719,#2720,#2721,#2722,#2723,#2724,#2725,#2726,#2727,
#2728,#2729,#2730,#2731,#2732,#2733,#2734,#2735,#2736,#2737,#2738,#2739,
#2740,#2741,#2742,#2743,#2744,#2745,#2746,#2747,#2748,#2749,#2750,#2751,
#2752,#2753,#2754,#2755,#2756,#2757,#2758,#2759,#2760,#2761,#2762,#2763,
#2764,#2765,#2766,#2767,#2768,#2769,#2770,#2771,#2772,#2773,#2774,#2775,
#2776,#2777,#2778,#2779,#2780,#2781,#2782,#2783,#2784,#2785,#2786,#2787,
#2788,#2789,#2790,#2791,#2792,#2793,#2794,#2795,#2796,#2797,#2798,#2799,
#2800,#2801,#2802,#2803,#2804,#2805,#2806,#2807,#2808,#2809,#2810,#2811,
#2812,#2813,#2814,#2815,#2816,#2817,#2818,#2819,#2820,#2821,#2822,#2823,
#2824,#2825,#2826,#2827,#2828,#2829,#2830,#2831,#2832,#2833,#2834,#2835,
#2836,#2837,#2838,#2839),.UNSPECIFIED.,.F.,.F.)
B_SPLINE_CURVE_WITH_KNOTS((3,2,2,2,2,2,2,2,2,2,2,2,2,2,2,2,2,2,2,2,2,2,
2,2,2,2,2,2,2,2,2,2,2,2,2,2,2,2,2,2,2,2,2,2,2,2,2,2,2,2,2,2,2,2,2,2,2,2,
2,2,2,2,2,2,2,2,2,2,2,2,2,2,2,2,2,2,2,2,2,2,2,2,2,2,2,2,2,2,2,2,2,2,2,2,
2,2,3),(0.,0.0104166666666667,0.0208333333333333,0.03125,0.0416666666666667,
0.0520833333333333,0.0625,0.0729166666666667,0.0833333333333333,0.09375,
0.104166666666667,0.114583333333333,0.125,0.135416666666667,0.145833333333333,
0.15625,0.166666666666667,0.177083333333334,0.1875,0.197916666666667,0.208333333333334,
0.21875,0.229166666666666,0.239583333333334,0.25,0.260416666666667,0.270833333333334,
0.28125,0.291666666666667,0.302083333333334,0.3125,0.322916666666667,0.333333333333334,
0.34375,0.354166666666667,0.364583333333334,0.375,0.385416666666667,0.395833333333334,
0.40625,0.416666666666667,0.427083333333334,0.4375,0.447916666666667,0.458333333333333,
0.46875,0.479166666666667,0.489583333333333,0.5,0.510416666666667,0.520833333333333,
0.53125,0.541666666666667,0.552083333333333,0.5625,0.572916666666667,0.583333333333333,
0.59375,0.604166666666667,0.614583333333333,0.625,0.635416666666667,0.645833333333333,
0.65625,0.666666666666667,0.677083333333333,0.6875,0.697916666666667,0.708333333333333,
0.71875,0.729166666666667,0.739583333333333,0.75,0.760416666666667,0.770833333333333,
0.78125,0.791666666666667,0.802083333333333,0.8125,0.822916666666667,0.833333333333333,
0.84375,0.854166666666667,0.864583333333333,0.875,0.885416666666667,0.895833333333333,
0.90625,0.916666666666667,0.927083333333333,0.9375,0.947916666666667,0.958333333333333,
0.96875,0.979166666666667,0.989583333333333,1.),.UNSPECIFIED.)
CURVE()
GEOMETRIC_REPRESENTATION_ITEM()
RATIONAL_B_SPLINE_CURVE((1.,0.866025403784439,1.,0.866025403784439,1.,0.866025403784439,
1.,0.866025403784439,1.,0.866025403784439,1.,0.866025403784439,1.,0.866025403784439,
1.,0.866025403784439,1.,0.866025403784439,1.,0.866025403784439,1.,0.866025403784439,
1.,0.866025403784439,1.,0.866025403784439,1.,0.866025403784439,1.,0.866025403784439,
1.,0.866025403784439,1.,0.866025403784439,1.,0.866025403784439,1.,0.866025403784439,
1.,0.866025403784439,1.,0.866025403784439,1.,0.866025403784439,1.,0.866025403784439,
1.,0.866025403784439,1.,0.866025403784439,1.,0.866025403784439,1.,0.866025403784439,
1.,0.866025403784439,1.,0.866025403784439,1.,0.866025403784439,1.,0.866025403784439,
1.,0.866025403784439,1.,0.866025403784439,1.,0.866025403784439,1.,0.866025403784439,
1.,0.866025403784439,1.,0.866025403784439,1.,0.866025403784439,1.,0.866025403784439,
1.,0.866025403784439,1.,0.866025403784439,1.,0.866025403784439,1.,0.866025403784439,
1.,0.866025403784439,1.,0.866025403784439,1.,0.866025403784439,1.,0.866025403784439,
1.,0.866025403784439,1.,0.866025403784439,1.,0.866025403784439,1.,0.866025403784439,
1.,0.866025403784439,1.,0.866025403784439,1.,0.866025403784439,1.,0.866025403784439,
1.,0.866025403784439,1.,0.866025403784439,1.,0.866025403784439,1.,0.866025403784439,
1.,0.866025403784439,1.,0.866025403784439,1.,0.866025403784439,1.,0.866025403784439,
1.,0.866025403784439,1.,0.866025403784439,1.,0.866025403784439,1.,0.866025403784439,
1.,0.866025403784439,1.,0.866025403784439,1.,0.866025403784439,1.,0.866025403784439,
1.,0.866025403784439,1.,0.866025403784439,1.,0.866025403784439,1.,0.866025403784439,
1.,0.866025403784439,1.,0.866025403784439,1.,0.866025403784439,1.,0.866025403784439,
1.,0.866025403784439,1.,0.866025403784439,1.,0.866025403784439,1.,0.866025403784439,
1.,0.866025403784439,1.,0.866025403784439,1.,0.866025403784439,1.,0.866025403784439,
1.,0.866025403784439,1.,0.866025403784439,1.,0.866025403784439,1.,0.866025403784439,
1.,0.866025403784439,1.,0.866025403784439,1.,0.866025403784439,1.,0.866025403784439,
1.,0.866025403784439,1.))
REPRESENTATION_ITEM('')
);
#22=(
BOUNDED_CURVE()
B_SPLINE_CURVE(2,(#2847,#2848,#2849,#2850,#2851,#2852,#2853,#2854,#2855,
#2856,#2857,#2858,#2859,#2860,#2861,#2862,#2863,#2864,#2865,#2866,#2867,
#2868,#2869,#2870,#2871,#2872,#2873,#2874,#2875,#2876,#2877,#2878,#2879,
#2880,#2881,#2882,#2883,#2884,#2885,#2886,#2887,#2888,#2889,#2890,#2891,
#2892,#2893,#2894,#2895,#2896,#2897,#2898,#2899,#2900,#2901,#2902,#2903,
#2904,#2905,#2906,#2907,#2908,#2909,#2910,#2911,#2912,#2913,#2914,#2915,
#2916,#2917,#2918,#2919,#2920,#2921,#2922,#2923,#2924,#2925,#2926,#2927,
#2928,#2929,#2930,#2931,#2932,#2933,#2934,#2935,#2936,#2937,#2938,#2939,
#2940,#2941,#2942,#2943,#2944,#2945,#2946,#2947,#2948,#2949,#2950,#2951,
#2952,#2953,#2954,#2955,#2956,#2957,#2958,#2959,#2960,#2961,#2962,#2963,
#2964,#2965,#2966,#2967,#2968,#2969,#2970,#2971,#2972,#2973,#2974,#2975,
#2976,#2977,#2978,#2979,#2980,#2981,#2982,#2983,#2984,#2985,#2986,#2987,
#2988,#2989,#2990,#2991,#2992,#2993,#2994,#2995,#2996,#2997,#2998,#2999,
#3000,#3001,#3002,#3003,#3004,#3005,#3006,#3007,#3008,#3009,#3010,#3011,
#3012,#3013,#3014,#3015,#3016,#3017,#3018,#3019,#3020,#3021,#3022,#3023,
#3024,#3025,#3026,#3027,#3028,#3029,#3030,#3031,#3032,#3033,#3034,#3035,
#3036,#3037,#3038,#3039),.UNSPECIFIED.,.F.,.F.)
B_SPLINE_CURVE_WITH_KNOTS((3,2,2,2,2,2,2,2,2,2,2,2,2,2,2,2,2,2,2,2,2,2,
2,2,2,2,2,2,2,2,2,2,2,2,2,2,2,2,2,2,2,2,2,2,2,2,2,2,2,2,2,2,2,2,2,2,2,2,
2,2,2,2,2,2,2,2,2,2,2,2,2,2,2,2,2,2,2,2,2,2,2,2,2,2,2,2,2,2,2,2,2,2,2,2,
2,2,3),(0.,0.0104166666666667,0.0208333333333333,0.03125,0.0416666666666667,
0.0520833333333333,0.0625,0.0729166666666667,0.0833333333333333,0.09375,
0.104166666666667,0.114583333333333,0.125,0.135416666666667,0.145833333333333,
0.15625,0.166666666666667,0.177083333333334,0.1875,0.197916666666667,0.208333333333334,
0.21875,0.229166666666666,0.239583333333334,0.25,0.260416666666667,0.270833333333334,
0.28125,0.291666666666667,0.302083333333334,0.3125,0.322916666666667,0.333333333333334,
0.34375,0.354166666666667,0.364583333333334,0.375,0.385416666666667,0.395833333333334,
0.40625,0.416666666666667,0.427083333333334,0.4375,0.447916666666667,0.458333333333333,
0.46875,0.479166666666667,0.489583333333333,0.5,0.510416666666667,0.520833333333333,
0.53125,0.541666666666667,0.552083333333333,0.5625,0.572916666666667,0.583333333333333,
0.59375,0.604166666666667,0.614583333333333,0.625,0.635416666666667,0.645833333333333,
0.65625,0.666666666666667,0.677083333333333,0.6875,0.697916666666667,0.708333333333333,
0.71875,0.729166666666667,0.739583333333333,0.75,0.760416666666667,0.770833333333333,
0.78125,0.791666666666667,0.802083333333333,0.8125,0.822916666666667,0.833333333333333,
0.84375,0.854166666666667,0.864583333333333,0.875,0.885416666666667,0.895833333333333,
0.90625,0.916666666666667,0.927083333333333,0.9375,0.947916666666667,0.958333333333333,
0.96875,0.979166666666667,0.989583333333333,1.),.UNSPECIFIED.)
CURVE()
GEOMETRIC_REPRESENTATION_ITEM()
RATIONAL_B_SPLINE_CURVE((1.,0.866025403784439,1.,0.866025403784439,1.,0.866025403784439,
1.,0.866025403784439,1.,0.866025403784439,1.,0.866025403784439,1.,0.866025403784439,
1.,0.866025403784439,1.,0.866025403784439,1.,0.866025403784439,1.,0.866025403784439,
1.,0.866025403784439,1.,0.866025403784439,1.,0.866025403784439,1.,0.866025403784439,
1.,0.866025403784439,1.,0.866025403784439,1.,0.866025403784439,1.,0.866025403784439,
1.,0.866025403784439,1.,0.866025403784439,1.,0.866025403784439,1.,0.866025403784439,
1.,0.866025403784439,1.,0.866025403784439,1.,0.866025403784439,1.,0.866025403784439,
1.,0.866025403784439,1.,0.866025403784439,1.,0.866025403784439,1.,0.866025403784439,
1.,0.866025403784439,1.,0.866025403784439,1.,0.866025403784439,1.,0.866025403784439,
1.,0.866025403784439,1.,0.866025403784439,1.,0.866025403784439,1.,0.866025403784439,
1.,0.866025403784439,1.,0.866025403784439,1.,0.866025403784439,1.,0.866025403784439,
1.,0.866025403784439,1.,0.866025403784439,1.,0.866025403784439,1.,0.866025403784439,
1.,0.866025403784439,1.,0.866025403784439,1.,0.866025403784439,1.,0.866025403784439,
1.,0.866025403784439,1.,0.866025403784439,1.,0.866025403784439,1.,0.866025403784439,
1.,0.866025403784439,1.,0.866025403784439,1.,0.866025403784439,1.,0.866025403784439,
1.,0.866025403784439,1.,0.866025403784439,1.,0.866025403784439,1.,0.866025403784439,
1.,0.866025403784439,1.,0.866025403784439,1.,0.866025403784439,1.,0.866025403784439,
1.,0.866025403784439,1.,0.866025403784439,1.,0.866025403784439,1.,0.866025403784439,
1.,0.866025403784439,1.,0.866025403784439,1.,0.866025403784439,1.,0.866025403784439,
1.,0.866025403784439,1.,0.866025403784439,1.,0.866025403784439,1.,0.866025403784439,
1.,0.866025403784439,1.,0.866025403784439,1.,0.866025403784439,1.,0.866025403784439,
1.,0.866025403784439,1.,0.866025403784439,1.,0.866025403784439,1.,0.866025403784439,
1.,0.866025403784439,1.,0.866025403784439,1.,0.866025403784439,1.,0.866025403784439,
1.,0.866025403784439,1.,0.866025403784439,1.,0.866025403784439,1.,0.866025403784439,
1.,0.866025403784439,1.))
REPRESENTATION_ITEM('')
);
#23=(
BOUNDED_CURVE()
B_SPLINE_CURVE(2,(#3040,#3041,#3042,#3043,#3044,#3045,#3046,#3047,#3048,
#3049,#3050,#3051,#3052,#3053,#3054,#3055,#3056,#3057,#3058,#3059,#3060,
#3061,#3062,#3063,#3064,#3065,#3066,#3067,#3068,#3069,#3070,#3071,#3072,
#3073,#3074,#3075,#3076,#3077,#3078,#3079,#3080,#3081,#3082,#3083,#3084,
#3085,#3086,#3087,#3088,#3089,#3090,#3091,#3092,#3093,#3094,#3095,#3096,
#3097,#3098,#3099,#3100,#3101,#3102,#3103,#3104,#3105,#3106,#3107,#3108,
#3109,#3110,#3111,#3112,#3113,#3114,#3115,#3116,#3117,#3118,#3119,#3120,
#3121,#3122,#3123,#3124,#3125,#3126,#3127,#3128,#3129,#3130,#3131,#3132,
#3133,#3134,#3135,#3136,#3137,#3138,#3139,#3140,#3141,#3142,#3143,#3144,
#3145,#3146,#3147,#3148,#3149,#3150,#3151,#3152,#3153,#3154,#3155,#3156,
#3157,#3158,#3159,#3160,#3161,#3162,#3163,#3164,#3165,#3166,#3167,#3168,
#3169,#3170,#3171,#3172,#3173,#3174,#3175,#3176,#3177,#3178,#3179,#3180,
#3181,#3182,#3183,#3184,#3185,#3186,#3187,#3188,#3189,#3190,#3191,#3192,
#3193,#3194,#3195,#3196,#3197,#3198,#3199,#3200,#3201,#3202,#3203,#3204,
#3205,#3206,#3207,#3208,#3209,#3210,#3211,#3212,#3213,#3214,#3215,#3216,
#3217,#3218,#3219,#3220,#3221,#3222,#3223,#3224,#3225,#3226,#3227,#3228,
#3229,#3230,#3231,#3232),.UNSPECIFIED.,.F.,.F.)
B_SPLINE_CURVE_WITH_KNOTS((3,2,2,2,2,2,2,2,2,2,2,2,2,2,2,2,2,2,2,2,2,2,
2,2,2,2,2,2,2,2,2,2,2,2,2,2,2,2,2,2,2,2,2,2,2,2,2,2,2,2,2,2,2,2,2,2,2,2,
2,2,2,2,2,2,2,2,2,2,2,2,2,2,2,2,2,2,2,2,2,2,2,2,2,2,2,2,2,2,2,2,2,2,2,2,
2,2,3),(0.,0.0104166666666667,0.0208333333333333,0.03125,0.0416666666666667,
0.0520833333333333,0.0625,0.0729166666666667,0.0833333333333333,0.09375,
0.104166666666667,0.114583333333333,0.125,0.135416666666667,0.145833333333333,
0.15625,0.166666666666667,0.177083333333334,0.1875,0.197916666666667,0.208333333333334,
0.21875,0.229166666666666,0.239583333333334,0.25,0.260416666666667,0.270833333333334,
0.28125,0.291666666666667,0.302083333333334,0.3125,0.322916666666667,0.333333333333334,
0.34375,0.354166666666667,0.364583333333334,0.375,0.385416666666667,0.395833333333334,
0.40625,0.416666666666667,0.427083333333334,0.4375,0.447916666666667,0.458333333333333,
0.46875,0.479166666666667,0.489583333333333,0.5,0.510416666666667,0.520833333333333,
0.53125,0.541666666666667,0.552083333333333,0.5625,0.572916666666667,0.583333333333333,
0.59375,0.604166666666667,0.614583333333333,0.625,0.635416666666667,0.645833333333333,
0.65625,0.666666666666667,0.677083333333333,0.6875,0.697916666666667,0.708333333333333,
0.71875,0.729166666666667,0.739583333333333,0.75,0.760416666666667,0.770833333333333,
0.78125,0.791666666666667,0.802083333333333,0.8125,0.822916666666667,0.833333333333333,
0.84375,0.854166666666667,0.864583333333333,0.875,0.885416666666667,0.895833333333333,
0.90625,0.916666666666667,0.927083333333333,0.9375,0.947916666666667,0.958333333333333,
0.96875,0.979166666666667,0.989583333333333,1.),.UNSPECIFIED.)
CURVE()
GEOMETRIC_REPRESENTATION_ITEM()
RATIONAL_B_SPLINE_CURVE((1.,0.866025403784439,1.,0.866025403784439,1.,0.866025403784439,
1.,0.866025403784439,1.,0.866025403784439,1.,0.866025403784439,1.,0.866025403784439,
1.,0.866025403784439,1.,0.866025403784439,1.,0.866025403784439,1.,0.866025403784439,
1.,0.866025403784439,1.,0.866025403784439,1.,0.866025403784439,1.,0.866025403784439,
1.,0.866025403784439,1.,0.866025403784439,1.,0.866025403784439,1.,0.866025403784439,
1.,0.866025403784439,1.,0.866025403784439,1.,0.866025403784439,1.,0.866025403784439,
1.,0.866025403784439,1.,0.866025403784439,1.,0.866025403784439,1.,0.866025403784439,
1.,0.866025403784439,1.,0.866025403784439,1.,0.866025403784439,1.,0.866025403784439,
1.,0.866025403784439,1.,0.866025403784439,1.,0.866025403784439,1.,0.866025403784439,
1.,0.866025403784439,1.,0.866025403784439,1.,0.866025403784439,1.,0.866025403784439,
1.,0.866025403784439,1.,0.866025403784439,1.,0.866025403784439,1.,0.866025403784439,
1.,0.866025403784439,1.,0.866025403784439,1.,0.866025403784439,1.,0.866025403784439,
1.,0.866025403784439,1.,0.866025403784439,1.,0.866025403784439,1.,0.866025403784439,
1.,0.866025403784439,1.,0.866025403784439,1.,0.866025403784439,1.,0.866025403784439,
1.,0.866025403784439,1.,0.866025403784439,1.,0.866025403784439,1.,0.866025403784439,
1.,0.866025403784439,1.,0.866025403784439,1.,0.866025403784439,1.,0.866025403784439,
1.,0.866025403784439,1.,0.866025403784439,1.,0.866025403784439,1.,0.866025403784439,
1.,0.866025403784439,1.,0.866025403784439,1.,0.866025403784439,1.,0.866025403784439,
1.,0.866025403784439,1.,0.866025403784439,1.,0.866025403784439,1.,0.866025403784439,
1.,0.866025403784439,1.,0.866025403784439,1.,0.866025403784439,1.,0.866025403784439,
1.,0.866025403784439,1.,0.866025403784439,1.,0.866025403784439,1.,0.866025403784439,
1.,0.866025403784439,1.,0.866025403784439,1.,0.866025403784439,1.,0.866025403784439,
1.,0.866025403784439,1.,0.866025403784439,1.,0.866025403784439,1.,0.866025403784439,
1.,0.866025403784439,1.,0.866025403784439,1.,0.866025403784439,1.,0.866025403784439,
1.,0.866025403784439,1.))
REPRESENTATION_ITEM('')
);
#24=(
BOUNDED_CURVE()
B_SPLINE_CURVE(2,(#3240,#3241,#3242,#3243,#3244,#3245,#3246,#3247,#3248,
#3249,#3250,#3251,#3252,#3253,#3254,#3255,#3256,#3257,#3258,#3259,#3260,
#3261,#3262,#3263,#3264,#3265,#3266,#3267,#3268,#3269,#3270,#3271,#3272,
#3273,#3274,#3275,#3276,#3277,#3278,#3279,#3280,#3281,#3282,#3283,#3284,
#3285,#3286,#3287,#3288,#3289,#3290,#3291,#3292,#3293,#3294,#3295,#3296,
#3297,#3298,#3299,#3300,#3301,#3302,#3303,#3304,#3305,#3306,#3307,#3308,
#3309,#3310,#3311,#3312,#3313,#3314,#3315,#3316,#3317,#3318,#3319,#3320,
#3321,#3322,#3323,#3324,#3325,#3326,#3327,#3328,#3329,#3330,#3331,#3332,
#3333,#3334,#3335,#3336,#3337,#3338,#3339,#3340,#3341,#3342,#3343,#3344,
#3345,#3346,#3347,#3348,#3349,#3350,#3351,#3352,#3353,#3354,#3355,#3356,
#3357,#3358,#3359,#3360,#3361,#3362,#3363,#3364,#3365,#3366,#3367,#3368,
#3369,#3370,#3371,#3372,#3373,#3374,#3375,#3376,#3377,#3378,#3379,#3380,
#3381,#3382,#3383,#3384,#3385,#3386,#3387,#3388,#3389,#3390,#3391,#3392,
#3393,#3394,#3395,#3396,#3397,#3398,#3399,#3400,#3401,#3402,#3403,#3404,
#3405,#3406,#3407,#3408,#3409,#3410,#3411,#3412,#3413,#3414,#3415,#3416,
#3417,#3418,#3419,#3420,#3421,#3422,#3423,#3424,#3425,#3426,#3427,#3428,
#3429,#3430,#3431,#3432),.UNSPECIFIED.,.F.,.F.)
B_SPLINE_CURVE_WITH_KNOTS((3,2,2,2,2,2,2,2,2,2,2,2,2,2,2,2,2,2,2,2,2,2,
2,2,2,2,2,2,2,2,2,2,2,2,2,2,2,2,2,2,2,2,2,2,2,2,2,2,2,2,2,2,2,2,2,2,2,2,
2,2,2,2,2,2,2,2,2,2,2,2,2,2,2,2,2,2,2,2,2,2,2,2,2,2,2,2,2,2,2,2,2,2,2,2,
2,2,3),(0.,0.0104166666666667,0.0208333333333333,0.03125,0.0416666666666667,
0.0520833333333333,0.0625,0.0729166666666667,0.0833333333333333,0.09375,
0.104166666666667,0.114583333333333,0.125,0.135416666666667,0.145833333333333,
0.15625,0.166666666666667,0.177083333333334,0.1875,0.197916666666667,0.208333333333334,
0.21875,0.229166666666666,0.239583333333334,0.25,0.260416666666667,0.270833333333334,
0.28125,0.291666666666667,0.302083333333334,0.3125,0.322916666666667,0.333333333333334,
0.34375,0.354166666666667,0.364583333333334,0.375,0.385416666666667,0.395833333333334,
0.40625,0.416666666666667,0.427083333333334,0.4375,0.447916666666667,0.458333333333333,
0.46875,0.479166666666667,0.489583333333333,0.5,0.510416666666667,0.520833333333333,
0.53125,0.541666666666667,0.552083333333333,0.5625,0.572916666666667,0.583333333333333,
0.59375,0.604166666666667,0.614583333333333,0.625,0.635416666666667,0.645833333333333,
0.65625,0.666666666666667,0.677083333333333,0.6875,0.697916666666667,0.708333333333333,
0.71875,0.729166666666667,0.739583333333333,0.75,0.760416666666667,0.770833333333333,
0.78125,0.791666666666667,0.802083333333333,0.8125,0.822916666666667,0.833333333333333,
0.84375,0.854166666666667,0.864583333333333,0.875,0.885416666666667,0.895833333333333,
0.90625,0.916666666666667,0.927083333333333,0.9375,0.947916666666667,0.958333333333333,
0.96875,0.979166666666667,0.989583333333333,1.),.UNSPECIFIED.)
CURVE()
GEOMETRIC_REPRESENTATION_ITEM()
RATIONAL_B_SPLINE_CURVE((1.,0.866025403784439,1.,0.866025403784439,1.,0.866025403784439,
1.,0.866025403784439,1.,0.866025403784439,1.,0.866025403784439,1.,0.866025403784439,
1.,0.866025403784439,1.,0.866025403784439,1.,0.866025403784439,1.,0.866025403784439,
1.,0.866025403784439,1.,0.866025403784439,1.,0.866025403784439,1.,0.866025403784439,
1.,0.866025403784439,1.,0.866025403784439,1.,0.866025403784439,1.,0.866025403784439,
1.,0.866025403784439,1.,0.866025403784439,1.,0.866025403784439,1.,0.866025403784439,
1.,0.866025403784439,1.,0.866025403784439,1.,0.866025403784439,1.,0.866025403784439,
1.,0.866025403784439,1.,0.866025403784439,1.,0.866025403784439,1.,0.866025403784439,
1.,0.866025403784439,1.,0.866025403784439,1.,0.866025403784439,1.,0.866025403784439,
1.,0.866025403784439,1.,0.866025403784439,1.,0.866025403784439,1.,0.866025403784439,
1.,0.866025403784439,1.,0.866025403784439,1.,0.866025403784439,1.,0.866025403784439,
1.,0.866025403784439,1.,0.866025403784439,1.,0.866025403784439,1.,0.866025403784439,
1.,0.866025403784439,1.,0.866025403784439,1.,0.866025403784439,1.,0.866025403784439,
1.,0.866025403784439,1.,0.866025403784439,1.,0.866025403784439,1.,0.866025403784439,
1.,0.866025403784439,1.,0.866025403784439,1.,0.866025403784439,1.,0.866025403784439,
1.,0.866025403784439,1.,0.866025403784439,1.,0.866025403784439,1.,0.866025403784439,
1.,0.866025403784439,1.,0.866025403784439,1.,0.866025403784439,1.,0.866025403784439,
1.,0.866025403784439,1.,0.866025403784439,1.,0.866025403784439,1.,0.866025403784439,
1.,0.866025403784439,1.,0.866025403784439,1.,0.866025403784439,1.,0.866025403784439,
1.,0.866025403784439,1.,0.866025403784439,1.,0.866025403784439,1.,0.866025403784439,
1.,0.866025403784439,1.,0.866025403784439,1.,0.866025403784439,1.,0.866025403784439,
1.,0.866025403784439,1.,0.866025403784439,1.,0.866025403784439,1.,0.866025403784439,
1.,0.866025403784439,1.,0.866025403784439,1.,0.866025403784439,1.,0.866025403784439,
1.,0.866025403784439,1.,0.866025403784439,1.,0.866025403784439,1.,0.866025403784439,
1.,0.866025403784439,1.))
REPRESENTATION_ITEM('')
);
#25=(
BOUNDED_CURVE()
B_SPLINE_CURVE(2,(#3433,#3434,#3435,#3436,#3437,#3438,#3439,#3440,#3441,
#3442,#3443,#3444,#3445,#3446,#3447,#3448,#3449,#3450,#3451,#3452,#3453,
#3454,#3455,#3456,#3457,#3458,#3459,#3460,#3461,#3462,#3463,#3464,#3465,
#3466,#3467,#3468,#3469,#3470,#3471,#3472,#3473,#3474,#3475,#3476,#3477,
#3478,#3479,#3480,#3481,#3482,#3483,#3484,#3485,#3486,#3487,#3488,#3489,
#3490,#3491,#3492,#3493,#3494,#3495,#3496,#3497,#3498,#3499,#3500,#3501,
#3502,#3503,#3504,#3505,#3506,#3507,#3508,#3509,#3510,#3511,#3512,#3513,
#3514,#3515,#3516,#3517,#3518,#3519,#3520,#3521,#3522,#3523,#3524,#3525,
#3526,#3527,#3528,#3529,#3530,#3531,#3532,#3533,#3534,#3535,#3536,#3537,
#3538,#3539,#3540,#3541,#3542,#3543,#3544,#3545,#3546,#3547,#3548,#3549,
#3550,#3551,#3552,#3553,#3554,#3555,#3556,#3557,#3558,#3559,#3560,#3561,
#3562,#3563,#3564,#3565,#3566,#3567,#3568,#3569,#3570,#3571,#3572,#3573,
#3574,#3575,#3576,#3577,#3578,#3579,#3580,#3581,#3582,#3583,#3584,#3585,
#3586,#3587,#3588,#3589,#3590,#3591,#3592,#3593,#3594,#3595,#3596,#3597,
#3598,#3599,#3600,#3601,#3602,#3603,#3604,#3605,#3606,#3607,#3608,#3609,
#3610,#3611,#3612,#3613,#3614,#3615,#3616,#3617,#3618,#3619,#3620,#3621,
#3622,#3623,#3624,#3625),.UNSPECIFIED.,.F.,.F.)
B_SPLINE_CURVE_WITH_KNOTS((3,2,2,2,2,2,2,2,2,2,2,2,2,2,2,2,2,2,2,2,2,2,
2,2,2,2,2,2,2,2,2,2,2,2,2,2,2,2,2,2,2,2,2,2,2,2,2,2,2,2,2,2,2,2,2,2,2,2,
2,2,2,2,2,2,2,2,2,2,2,2,2,2,2,2,2,2,2,2,2,2,2,2,2,2,2,2,2,2,2,2,2,2,2,2,
2,2,3),(0.,0.0104166666666667,0.0208333333333333,0.03125,0.0416666666666667,
0.0520833333333333,0.0625,0.0729166666666667,0.0833333333333333,0.09375,
0.104166666666667,0.114583333333333,0.125,0.135416666666667,0.145833333333333,
0.15625,0.166666666666667,0.177083333333334,0.1875,0.197916666666667,0.208333333333334,
0.21875,0.229166666666666,0.239583333333334,0.25,0.260416666666667,0.270833333333334,
0.28125,0.291666666666667,0.302083333333334,0.3125,0.322916666666667,0.333333333333334,
0.34375,0.354166666666667,0.364583333333334,0.375,0.385416666666667,0.395833333333334,
0.40625,0.416666666666667,0.427083333333334,0.4375,0.447916666666667,0.458333333333333,
0.46875,0.479166666666667,0.489583333333333,0.5,0.510416666666667,0.520833333333333,
0.53125,0.541666666666667,0.552083333333333,0.5625,0.572916666666667,0.583333333333333,
0.59375,0.604166666666667,0.614583333333333,0.625,0.635416666666667,0.645833333333333,
0.65625,0.666666666666667,0.677083333333333,0.6875,0.697916666666667,0.708333333333333,
0.71875,0.729166666666667,0.739583333333333,0.75,0.760416666666667,0.770833333333333,
0.78125,0.791666666666667,0.802083333333333,0.8125,0.822916666666667,0.833333333333333,
0.84375,0.854166666666667,0.864583333333333,0.875,0.885416666666667,0.895833333333333,
0.90625,0.916666666666667,0.927083333333333,0.9375,0.947916666666667,0.958333333333333,
0.96875,0.979166666666667,0.989583333333333,1.),.UNSPECIFIED.)
CURVE()
GEOMETRIC_REPRESENTATION_ITEM()
RATIONAL_B_SPLINE_CURVE((1.,0.866025403784439,1.,0.866025403784439,1.,0.866025403784439,
1.,0.866025403784439,1.,0.866025403784439,1.,0.866025403784439,1.,0.866025403784439,
1.,0.866025403784439,1.,0.866025403784439,1.,0.866025403784439,1.,0.866025403784439,
1.,0.866025403784439,1.,0.866025403784439,1.,0.866025403784439,1.,0.866025403784439,
1.,0.866025403784439,1.,0.866025403784439,1.,0.866025403784439,1.,0.866025403784439,
1.,0.866025403784439,1.,0.866025403784439,1.,0.866025403784439,1.,0.866025403784439,
1.,0.866025403784439,1.,0.866025403784439,1.,0.866025403784439,1.,0.866025403784439,
1.,0.866025403784439,1.,0.866025403784439,1.,0.866025403784439,1.,0.866025403784439,
1.,0.866025403784439,1.,0.866025403784439,1.,0.866025403784439,1.,0.866025403784439,
1.,0.866025403784439,1.,0.866025403784439,1.,0.866025403784439,1.,0.866025403784439,
1.,0.866025403784439,1.,0.866025403784439,1.,0.866025403784439,1.,0.866025403784439,
1.,0.866025403784439,1.,0.866025403784439,1.,0.866025403784439,1.,0.866025403784439,
1.,0.866025403784439,1.,0.866025403784439,1.,0.866025403784439,1.,0.866025403784439,
1.,0.866025403784439,1.,0.866025403784439,1.,0.866025403784439,1.,0.866025403784439,
1.,0.866025403784439,1.,0.866025403784439,1.,0.866025403784439,1.,0.866025403784439,
1.,0.866025403784439,1.,0.866025403784439,1.,0.866025403784439,1.,0.866025403784439,
1.,0.866025403784439,1.,0.866025403784439,1.,0.866025403784439,1.,0.866025403784439,
1.,0.866025403784439,1.,0.866025403784439,1.,0.866025403784439,1.,0.866025403784439,
1.,0.866025403784439,1.,0.866025403784439,1.,0.866025403784439,1.,0.866025403784439,
1.,0.866025403784439,1.,0.866025403784439,1.,0.866025403784439,1.,0.866025403784439,
1.,0.866025403784439,1.,0.866025403784439,1.,0.866025403784439,1.,0.866025403784439,
1.,0.866025403784439,1.,0.866025403784439,1.,0.866025403784439,1.,0.866025403784439,
1.,0.866025403784439,1.,0.866025403784439,1.,0.866025403784439,1.,0.866025403784439,
1.,0.866025403784439,1.,0.866025403784439,1.,0.866025403784439,1.,0.866025403784439,
1.,0.866025403784439,1.))
REPRESENTATION_ITEM('')
);
#26=(
BOUNDED_CURVE()
B_SPLINE_CURVE(2,(#3633,#3634,#3635,#3636,#3637,#3638,#3639,#3640,#3641,
#3642,#3643,#3644,#3645,#3646,#3647,#3648,#3649,#3650,#3651,#3652,#3653,
#3654,#3655,#3656,#3657,#3658,#3659,#3660,#3661,#3662,#3663,#3664,#3665,
#3666,#3667,#3668,#3669,#3670,#3671,#3672,#3673,#3674,#3675,#3676,#3677,
#3678,#3679,#3680,#3681,#3682,#3683,#3684,#3685,#3686,#3687,#3688,#3689,
#3690,#3691,#3692,#3693,#3694,#3695,#3696,#3697,#3698,#3699,#3700,#3701,
#3702,#3703,#3704,#3705,#3706,#3707,#3708,#3709,#3710,#3711,#3712,#3713,
#3714,#3715,#3716,#3717,#3718,#3719,#3720,#3721,#3722,#3723,#3724,#3725,
#3726,#3727,#3728,#3729,#3730,#3731,#3732,#3733,#3734,#3735,#3736,#3737,
#3738,#3739,#3740,#3741,#3742,#3743,#3744,#3745,#3746,#3747,#3748,#3749,
#3750,#3751,#3752,#3753,#3754,#3755,#3756,#3757,#3758,#3759,#3760,#3761,
#3762,#3763,#3764,#3765,#3766,#3767,#3768,#3769,#3770,#3771,#3772,#3773,
#3774,#3775,#3776,#3777,#3778,#3779,#3780,#3781,#3782,#3783,#3784,#3785,
#3786,#3787,#3788,#3789,#3790,#3791,#3792,#3793,#3794,#3795,#3796,#3797,
#3798,#3799,#3800,#3801,#3802,#3803,#3804,#3805,#3806,#3807,#3808,#3809,
#3810,#3811,#3812,#3813,#3814,#3815,#3816,#3817,#3818,#3819,#3820,#3821,
#3822,#3823,#3824,#3825),.UNSPECIFIED.,.F.,.F.)
B_SPLINE_CURVE_WITH_KNOTS((3,2,2,2,2,2,2,2,2,2,2,2,2,2,2,2,2,2,2,2,2,2,
2,2,2,2,2,2,2,2,2,2,2,2,2,2,2,2,2,2,2,2,2,2,2,2,2,2,2,2,2,2,2,2,2,2,2,2,
2,2,2,2,2,2,2,2,2,2,2,2,2,2,2,2,2,2,2,2,2,2,2,2,2,2,2,2,2,2,2,2,2,2,2,2,
2,2,3),(0.,0.0104166666666667,0.0208333333333333,0.03125,0.0416666666666667,
0.0520833333333333,0.0625,0.0729166666666667,0.0833333333333333,0.09375,
0.104166666666667,0.114583333333333,0.125,0.135416666666667,0.145833333333333,
0.15625,0.166666666666667,0.177083333333334,0.1875,0.197916666666667,0.208333333333334,
0.21875,0.229166666666666,0.239583333333334,0.25,0.260416666666667,0.270833333333334,
0.28125,0.291666666666667,0.302083333333334,0.3125,0.322916666666667,0.333333333333334,
0.34375,0.354166666666667,0.364583333333334,0.375,0.385416666666667,0.395833333333334,
0.40625,0.416666666666667,0.427083333333334,0.4375,0.447916666666667,0.458333333333333,
0.46875,0.479166666666667,0.489583333333333,0.5,0.510416666666667,0.520833333333333,
0.53125,0.541666666666667,0.552083333333333,0.5625,0.572916666666667,0.583333333333333,
0.59375,0.604166666666667,0.614583333333333,0.625,0.635416666666667,0.645833333333333,
0.65625,0.666666666666667,0.677083333333333,0.6875,0.697916666666667,0.708333333333333,
0.71875,0.729166666666667,0.739583333333333,0.75,0.760416666666667,0.770833333333333,
0.78125,0.791666666666667,0.802083333333333,0.8125,0.822916666666667,0.833333333333333,
0.84375,0.854166666666667,0.864583333333333,0.875,0.885416666666667,0.895833333333333,
0.90625,0.916666666666667,0.927083333333333,0.9375,0.947916666666667,0.958333333333333,
0.96875,0.979166666666667,0.989583333333333,1.),.UNSPECIFIED.)
CURVE()
GEOMETRIC_REPRESENTATION_ITEM()
RATIONAL_B_SPLINE_CURVE((1.,0.866025403784439,1.,0.866025403784439,1.,0.866025403784439,
1.,0.866025403784439,1.,0.866025403784439,1.,0.866025403784439,1.,0.866025403784439,
1.,0.866025403784439,1.,0.866025403784439,1.,0.866025403784439,1.,0.866025403784439,
1.,0.866025403784439,1.,0.866025403784439,1.,0.866025403784439,1.,0.866025403784439,
1.,0.866025403784439,1.,0.866025403784439,1.,0.866025403784439,1.,0.866025403784439,
1.,0.866025403784439,1.,0.866025403784439,1.,0.866025403784439,1.,0.866025403784439,
1.,0.866025403784439,1.,0.866025403784439,1.,0.866025403784439,1.,0.866025403784439,
1.,0.866025403784439,1.,0.866025403784439,1.,0.866025403784439,1.,0.866025403784439,
1.,0.866025403784439,1.,0.866025403784439,1.,0.866025403784439,1.,0.866025403784439,
1.,0.866025403784439,1.,0.866025403784439,1.,0.866025403784439,1.,0.866025403784439,
1.,0.866025403784439,1.,0.866025403784439,1.,0.866025403784439,1.,0.866025403784439,
1.,0.866025403784439,1.,0.866025403784439,1.,0.866025403784439,1.,0.866025403784439,
1.,0.866025403784439,1.,0.866025403784439,1.,0.866025403784439,1.,0.866025403784439,
1.,0.866025403784439,1.,0.866025403784439,1.,0.866025403784439,1.,0.866025403784439,
1.,0.866025403784439,1.,0.866025403784439,1.,0.866025403784439,1.,0.866025403784439,
1.,0.866025403784439,1.,0.866025403784439,1.,0.866025403784439,1.,0.866025403784439,
1.,0.866025403784439,1.,0.866025403784439,1.,0.866025403784439,1.,0.866025403784439,
1.,0.866025403784439,1.,0.866025403784439,1.,0.866025403784439,1.,0.866025403784439,
1.,0.866025403784439,1.,0.866025403784439,1.,0.866025403784439,1.,0.866025403784439,
1.,0.866025403784439,1.,0.866025403784439,1.,0.866025403784439,1.,0.866025403784439,
1.,0.866025403784439,1.,0.866025403784439,1.,0.866025403784439,1.,0.866025403784439,
1.,0.866025403784439,1.,0.866025403784439,1.,0.866025403784439,1.,0.866025403784439,
1.,0.866025403784439,1.,0.866025403784439,1.,0.866025403784439,1.,0.866025403784439,
1.,0.866025403784439,1.,0.866025403784439,1.,0.866025403784439,1.,0.866025403784439,
1.,0.866025403784439,1.))
REPRESENTATION_ITEM('')
);
#27=(
BOUNDED_CURVE()
B_SPLINE_CURVE(2,(#3826,#3827,#3828,#3829,#3830,#3831,#3832,#3833,#3834,
#3835,#3836,#3837,#3838,#3839,#3840,#3841,#3842,#3843,#3844,#3845,#3846,
#3847,#3848,#3849,#3850,#3851,#3852,#3853,#3854,#3855,#3856,#3857,#3858,
#3859,#3860,#3861,#3862,#3863,#3864,#3865,#3866,#3867,#3868,#3869,#3870,
#3871,#3872,#3873,#3874,#3875,#3876,#3877,#3878,#3879,#3880,#3881,#3882,
#3883,#3884,#3885,#3886,#3887,#3888,#3889,#3890,#3891,#3892,#3893,#3894,
#3895,#3896,#3897,#3898,#3899,#3900,#3901,#3902,#3903,#3904,#3905,#3906,
#3907,#3908,#3909,#3910,#3911,#3912,#3913,#3914,#3915,#3916,#3917,#3918,
#3919,#3920,#3921,#3922,#3923,#3924,#3925,#3926,#3927,#3928,#3929,#3930,
#3931,#3932,#3933,#3934,#3935,#3936,#3937,#3938,#3939,#3940,#3941,#3942,
#3943,#3944,#3945,#3946,#3947,#3948,#3949,#3950,#3951,#3952,#3953,#3954,
#3955,#3956,#3957,#3958,#3959,#3960,#3961,#3962,#3963,#3964,#3965,#3966,
#3967,#3968,#3969,#3970,#3971,#3972,#3973,#3974,#3975,#3976,#3977,#3978,
#3979,#3980,#3981,#3982,#3983,#3984,#3985,#3986,#3987,#3988,#3989,#3990,
#3991,#3992,#3993,#3994,#3995,#3996,#3997,#3998,#3999,#4000,#4001,#4002,
#4003,#4004,#4005,#4006,#4007,#4008,#4009,#4010,#4011,#4012,#4013,#4014,
#4015,#4016,#4017,#4018),.UNSPECIFIED.,.F.,.F.)
B_SPLINE_CURVE_WITH_KNOTS((3,2,2,2,2,2,2,2,2,2,2,2,2,2,2,2,2,2,2,2,2,2,
2,2,2,2,2,2,2,2,2,2,2,2,2,2,2,2,2,2,2,2,2,2,2,2,2,2,2,2,2,2,2,2,2,2,2,2,
2,2,2,2,2,2,2,2,2,2,2,2,2,2,2,2,2,2,2,2,2,2,2,2,2,2,2,2,2,2,2,2,2,2,2,2,
2,2,3),(0.,0.0104166666666667,0.0208333333333333,0.03125,0.0416666666666667,
0.0520833333333333,0.0625,0.0729166666666667,0.0833333333333333,0.09375,
0.104166666666667,0.114583333333333,0.125,0.135416666666667,0.145833333333333,
0.15625,0.166666666666667,0.177083333333334,0.1875,0.197916666666667,0.208333333333334,
0.21875,0.229166666666666,0.239583333333334,0.25,0.260416666666667,0.270833333333334,
0.28125,0.291666666666667,0.302083333333334,0.3125,0.322916666666667,0.333333333333334,
0.34375,0.354166666666667,0.364583333333334,0.375,0.385416666666667,0.395833333333334,
0.40625,0.416666666666667,0.427083333333334,0.4375,0.447916666666667,0.458333333333333,
0.46875,0.479166666666667,0.489583333333333,0.5,0.510416666666667,0.520833333333333,
0.53125,0.541666666666667,0.552083333333333,0.5625,0.572916666666667,0.583333333333333,
0.59375,0.604166666666667,0.614583333333333,0.625,0.635416666666667,0.645833333333333,
0.65625,0.666666666666667,0.677083333333333,0.6875,0.697916666666667,0.708333333333333,
0.71875,0.729166666666667,0.739583333333333,0.75,0.760416666666667,0.770833333333333,
0.78125,0.791666666666667,0.802083333333333,0.8125,0.822916666666667,0.833333333333333,
0.84375,0.854166666666667,0.864583333333333,0.875,0.885416666666667,0.895833333333333,
0.90625,0.916666666666667,0.927083333333333,0.9375,0.947916666666667,0.958333333333333,
0.96875,0.979166666666667,0.989583333333333,1.),.UNSPECIFIED.)
CURVE()
GEOMETRIC_REPRESENTATION_ITEM()
RATIONAL_B_SPLINE_CURVE((1.,0.866025403784439,1.,0.866025403784439,1.,0.866025403784439,
1.,0.866025403784439,1.,0.866025403784439,1.,0.866025403784439,1.,0.866025403784439,
1.,0.866025403784439,1.,0.866025403784439,1.,0.866025403784439,1.,0.866025403784439,
1.,0.866025403784439,1.,0.866025403784439,1.,0.866025403784439,1.,0.866025403784439,
1.,0.866025403784439,1.,0.866025403784439,1.,0.866025403784439,1.,0.866025403784439,
1.,0.866025403784439,1.,0.866025403784439,1.,0.866025403784439,1.,0.866025403784439,
1.,0.866025403784439,1.,0.866025403784439,1.,0.866025403784439,1.,0.866025403784439,
1.,0.866025403784439,1.,0.866025403784439,1.,0.866025403784439,1.,0.866025403784439,
1.,0.866025403784439,1.,0.866025403784439,1.,0.866025403784439,1.,0.866025403784439,
1.,0.866025403784439,1.,0.866025403784439,1.,0.866025403784439,1.,0.866025403784439,
1.,0.866025403784439,1.,0.866025403784439,1.,0.866025403784439,1.,0.866025403784439,
1.,0.866025403784439,1.,0.866025403784439,1.,0.866025403784439,1.,0.866025403784439,
1.,0.866025403784439,1.,0.866025403784439,1.,0.866025403784439,1.,0.866025403784439,
1.,0.866025403784439,1.,0.866025403784439,1.,0.866025403784439,1.,0.866025403784439,
1.,0.866025403784439,1.,0.866025403784439,1.,0.866025403784439,1.,0.866025403784439,
1.,0.866025403784439,1.,0.866025403784439,1.,0.866025403784439,1.,0.866025403784439,
1.,0.866025403784439,1.,0.866025403784439,1.,0.866025403784439,1.,0.866025403784439,
1.,0.866025403784439,1.,0.866025403784439,1.,0.866025403784439,1.,0.866025403784439,
1.,0.866025403784439,1.,0.866025403784439,1.,0.866025403784439,1.,0.866025403784439,
1.,0.866025403784439,1.,0.866025403784439,1.,0.866025403784439,1.,0.866025403784439,
1.,0.866025403784439,1.,0.866025403784439,1.,0.866025403784439,1.,0.866025403784439,
1.,0.866025403784439,1.,0.866025403784439,1.,0.866025403784439,1.,0.866025403784439,
1.,0.866025403784439,1.,0.866025403784439,1.,0.866025403784439,1.,0.866025403784439,
1.,0.866025403784439,1.,0.866025403784439,1.,0.866025403784439,1.,0.866025403784439,
1.,0.866025403784439,1.))
REPRESENTATION_ITEM('')
);
#28=(
BOUNDED_CURVE()
B_SPLINE_CURVE(2,(#4383,#4384,#4385,#4386,#4387,#4388,#4389,#4390,#4391,
#4392,#4393,#4394,#4395,#4396,#4397,#4398,#4399,#4400,#4401,#4402,#4403,
#4404,#4405,#4406,#4407,#4408,#4409,#4410,#4411,#4412,#4413,#4414,#4415,
#4416,#4417,#4418,#4419,#4420,#4421,#4422,#4423,#4424,#4425,#4426,#4427,
#4428,#4429,#4430,#4431,#4432,#4433,#4434,#4435,#4436,#4437,#4438,#4439,
#4440,#4441,#4442,#4443,#4444,#4445,#4446,#4447,#4448,#4449,#4450,#4451,
#4452,#4453,#4454,#4455,#4456,#4457,#4458,#4459,#4460,#4461,#4462,#4463,
#4464,#4465,#4466,#4467,#4468,#4469,#4470,#4471,#4472,#4473,#4474,#4475,
#4476,#4477,#4478,#4479,#4480,#4481,#4482,#4483,#4484,#4485,#4486,#4487,
#4488,#4489,#4490,#4491,#4492,#4493,#4494,#4495,#4496,#4497,#4498,#4499,
#4500,#4501,#4502,#4503,#4504,#4505,#4506,#4507,#4508,#4509,#4510,#4511,
#4512,#4513,#4514,#4515,#4516,#4517,#4518,#4519,#4520,#4521,#4522,#4523,
#4524,#4525,#4526,#4527,#4528,#4529,#4530,#4531,#4532,#4533,#4534,#4535,
#4536,#4537,#4538,#4539,#4540,#4541,#4542,#4543,#4544,#4545,#4546,#4547,
#4548,#4549,#4550,#4551,#4552,#4553,#4554,#4555,#4556,#4557,#4558,#4559,
#4560,#4561,#4562,#4563,#4564,#4565,#4566,#4567,#4568,#4569,#4570,#4571,
#4572,#4573,#4574,#4575),.UNSPECIFIED.,.F.,.F.)
B_SPLINE_CURVE_WITH_KNOTS((3,2,2,2,2,2,2,2,2,2,2,2,2,2,2,2,2,2,2,2,2,2,
2,2,2,2,2,2,2,2,2,2,2,2,2,2,2,2,2,2,2,2,2,2,2,2,2,2,2,2,2,2,2,2,2,2,2,2,
2,2,2,2,2,2,2,2,2,2,2,2,2,2,2,2,2,2,2,2,2,2,2,2,2,2,2,2,2,2,2,2,2,2,2,2,
2,2,3),(0.,0.0104166666666667,0.0208333333333333,0.03125,0.0416666666666667,
0.0520833333333333,0.0625,0.0729166666666667,0.0833333333333333,0.09375,
0.104166666666667,0.114583333333333,0.125,0.135416666666667,0.145833333333333,
0.15625,0.166666666666667,0.177083333333334,0.1875,0.197916666666667,0.208333333333334,
0.21875,0.229166666666666,0.239583333333334,0.25,0.260416666666667,0.270833333333334,
0.28125,0.291666666666667,0.302083333333334,0.3125,0.322916666666667,0.333333333333334,
0.34375,0.354166666666667,0.364583333333334,0.375,0.385416666666667,0.395833333333334,
0.40625,0.416666666666667,0.427083333333334,0.4375,0.447916666666667,0.458333333333333,
0.46875,0.479166666666667,0.489583333333333,0.5,0.510416666666667,0.520833333333333,
0.53125,0.541666666666667,0.552083333333333,0.5625,0.572916666666667,0.583333333333333,
0.59375,0.604166666666667,0.614583333333333,0.625,0.635416666666667,0.645833333333333,
0.65625,0.666666666666667,0.677083333333333,0.6875,0.697916666666667,0.708333333333333,
0.71875,0.729166666666667,0.739583333333333,0.75,0.760416666666667,0.770833333333333,
0.78125,0.791666666666667,0.802083333333333,0.8125,0.822916666666667,0.833333333333333,
0.84375,0.854166666666667,0.864583333333333,0.875,0.885416666666667,0.895833333333333,
0.90625,0.916666666666667,0.927083333333333,0.9375,0.947916666666667,0.958333333333333,
0.96875,0.979166666666667,0.989583333333333,1.),.UNSPECIFIED.)
CURVE()
GEOMETRIC_REPRESENTATION_ITEM()
RATIONAL_B_SPLINE_CURVE((1.,0.866025403784439,1.,0.866025403784439,1.,0.866025403784439,
1.,0.866025403784439,1.,0.866025403784439,1.,0.866025403784439,1.,0.866025403784439,
1.,0.866025403784439,1.,0.866025403784439,1.,0.866025403784439,1.,0.866025403784439,
1.,0.866025403784439,1.,0.866025403784439,1.,0.866025403784439,1.,0.866025403784439,
1.,0.866025403784439,1.,0.866025403784439,1.,0.866025403784439,1.,0.866025403784439,
1.,0.866025403784439,1.,0.866025403784439,1.,0.866025403784439,1.,0.866025403784439,
1.,0.866025403784439,1.,0.866025403784439,1.,0.866025403784439,1.,0.866025403784439,
1.,0.866025403784439,1.,0.866025403784439,1.,0.866025403784439,1.,0.866025403784439,
1.,0.866025403784439,1.,0.866025403784439,1.,0.866025403784439,1.,0.866025403784439,
1.,0.866025403784439,1.,0.866025403784439,1.,0.866025403784439,1.,0.866025403784439,
1.,0.866025403784439,1.,0.866025403784439,1.,0.866025403784439,1.,0.866025403784439,
1.,0.866025403784439,1.,0.866025403784439,1.,0.866025403784439,1.,0.866025403784439,
1.,0.866025403784439,1.,0.866025403784439,1.,0.866025403784439,1.,0.866025403784439,
1.,0.866025403784439,1.,0.866025403784439,1.,0.866025403784439,1.,0.866025403784439,
1.,0.866025403784439,1.,0.866025403784439,1.,0.866025403784439,1.,0.866025403784439,
1.,0.866025403784439,1.,0.866025403784439,1.,0.866025403784439,1.,0.866025403784439,
1.,0.866025403784439,1.,0.866025403784439,1.,0.866025403784439,1.,0.866025403784439,
1.,0.866025403784439,1.,0.866025403784439,1.,0.866025403784439,1.,0.866025403784439,
1.,0.866025403784439,1.,0.866025403784439,1.,0.866025403784439,1.,0.866025403784439,
1.,0.866025403784439,1.,0.866025403784439,1.,0.866025403784439,1.,0.866025403784439,
1.,0.866025403784439,1.,0.866025403784439,1.,0.866025403784439,1.,0.866025403784439,
1.,0.866025403784439,1.,0.866025403784439,1.,0.866025403784439,1.,0.866025403784439,
1.,0.866025403784439,1.,0.866025403784439,1.,0.866025403784439,1.,0.866025403784439,
1.,0.866025403784439,1.,0.866025403784439,1.,0.866025403784439,1.,0.866025403784439,
1.,0.866025403784439,1.))
REPRESENTATION_ITEM('')
);
#29=(
BOUNDED_CURVE()
B_SPLINE_CURVE(2,(#4579,#4580,#4581,#4582,#4583,#4584,#4585,#4586,#4587,
#4588,#4589,#4590,#4591,#4592,#4593,#4594,#4595,#4596,#4597,#4598,#4599,
#4600,#4601,#4602,#4603,#4604,#4605,#4606,#4607,#4608,#4609,#4610,#4611,
#4612,#4613,#4614,#4615,#4616,#4617,#4618,#4619,#4620,#4621,#4622,#4623,
#4624,#4625,#4626,#4627,#4628,#4629,#4630,#4631,#4632,#4633,#4634,#4635,
#4636,#4637,#4638,#4639,#4640,#4641,#4642,#4643,#4644,#4645,#4646,#4647,
#4648,#4649,#4650,#4651,#4652,#4653,#4654,#4655,#4656,#4657,#4658,#4659,
#4660,#4661,#4662,#4663,#4664,#4665,#4666,#4667,#4668,#4669,#4670,#4671,
#4672,#4673,#4674,#4675,#4676,#4677,#4678,#4679,#4680,#4681,#4682,#4683,
#4684,#4685,#4686,#4687,#4688,#4689,#4690,#4691,#4692,#4693,#4694,#4695,
#4696,#4697,#4698,#4699,#4700,#4701,#4702,#4703,#4704,#4705,#4706,#4707,
#4708,#4709,#4710,#4711,#4712,#4713,#4714,#4715,#4716,#4717,#4718,#4719,
#4720,#4721,#4722,#4723,#4724,#4725,#4726,#4727,#4728,#4729,#4730,#4731,
#4732,#4733,#4734,#4735,#4736,#4737,#4738,#4739,#4740,#4741,#4742,#4743,
#4744,#4745,#4746,#4747,#4748,#4749,#4750,#4751,#4752,#4753,#4754,#4755,
#4756,#4757,#4758,#4759,#4760,#4761,#4762,#4763,#4764,#4765,#4766,#4767,
#4768,#4769,#4770,#4771),.UNSPECIFIED.,.F.,.F.)
B_SPLINE_CURVE_WITH_KNOTS((3,2,2,2,2,2,2,2,2,2,2,2,2,2,2,2,2,2,2,2,2,2,
2,2,2,2,2,2,2,2,2,2,2,2,2,2,2,2,2,2,2,2,2,2,2,2,2,2,2,2,2,2,2,2,2,2,2,2,
2,2,2,2,2,2,2,2,2,2,2,2,2,2,2,2,2,2,2,2,2,2,2,2,2,2,2,2,2,2,2,2,2,2,2,2,
2,2,3),(0.,0.0104166666666667,0.0208333333333333,0.03125,0.0416666666666667,
0.0520833333333333,0.0625,0.0729166666666667,0.0833333333333333,0.09375,
0.104166666666667,0.114583333333333,0.125,0.135416666666667,0.145833333333333,
0.15625,0.166666666666667,0.177083333333334,0.1875,0.197916666666667,0.208333333333334,
0.21875,0.229166666666666,0.239583333333334,0.25,0.260416666666667,0.270833333333334,
0.28125,0.291666666666667,0.302083333333334,0.3125,0.322916666666667,0.333333333333334,
0.34375,0.354166666666667,0.364583333333334,0.375,0.385416666666667,0.395833333333334,
0.40625,0.416666666666667,0.427083333333334,0.4375,0.447916666666667,0.458333333333333,
0.46875,0.479166666666667,0.489583333333333,0.5,0.510416666666667,0.520833333333333,
0.53125,0.541666666666667,0.552083333333333,0.5625,0.572916666666667,0.583333333333333,
0.59375,0.604166666666667,0.614583333333333,0.625,0.635416666666667,0.645833333333333,
0.65625,0.666666666666667,0.677083333333333,0.6875,0.697916666666667,0.708333333333333,
0.71875,0.729166666666667,0.739583333333333,0.75,0.760416666666667,0.770833333333333,
0.78125,0.791666666666667,0.802083333333333,0.8125,0.822916666666667,0.833333333333333,
0.84375,0.854166666666667,0.864583333333333,0.875,0.885416666666667,0.895833333333333,
0.90625,0.916666666666667,0.927083333333333,0.9375,0.947916666666667,0.958333333333333,
0.96875,0.979166666666667,0.989583333333333,1.),.UNSPECIFIED.)
CURVE()
GEOMETRIC_REPRESENTATION_ITEM()
RATIONAL_B_SPLINE_CURVE((1.,0.866025403784439,1.,0.866025403784439,1.,0.866025403784439,
1.,0.866025403784439,1.,0.866025403784439,1.,0.866025403784439,1.,0.866025403784439,
1.,0.866025403784439,1.,0.866025403784439,1.,0.866025403784439,1.,0.866025403784439,
1.,0.866025403784439,1.,0.866025403784439,1.,0.866025403784439,1.,0.866025403784439,
1.,0.866025403784439,1.,0.866025403784439,1.,0.866025403784439,1.,0.866025403784439,
1.,0.866025403784439,1.,0.866025403784439,1.,0.866025403784439,1.,0.866025403784439,
1.,0.866025403784439,1.,0.866025403784439,1.,0.866025403784439,1.,0.866025403784439,
1.,0.866025403784439,1.,0.866025403784439,1.,0.866025403784439,1.,0.866025403784439,
1.,0.866025403784439,1.,0.866025403784439,1.,0.866025403784439,1.,0.866025403784439,
1.,0.866025403784439,1.,0.866025403784439,1.,0.866025403784439,1.,0.866025403784439,
1.,0.866025403784439,1.,0.866025403784439,1.,0.866025403784439,1.,0.866025403784439,
1.,0.866025403784439,1.,0.866025403784439,1.,0.866025403784439,1.,0.866025403784439,
1.,0.866025403784439,1.,0.866025403784439,1.,0.866025403784439,1.,0.866025403784439,
1.,0.866025403784439,1.,0.866025403784439,1.,0.866025403784439,1.,0.866025403784439,
1.,0.866025403784439,1.,0.866025403784439,1.,0.866025403784439,1.,0.866025403784439,
1.,0.866025403784439,1.,0.866025403784439,1.,0.866025403784439,1.,0.866025403784439,
1.,0.866025403784439,1.,0.866025403784439,1.,0.866025403784439,1.,0.866025403784439,
1.,0.866025403784439,1.,0.866025403784439,1.,0.866025403784439,1.,0.866025403784439,
1.,0.866025403784439,1.,0.866025403784439,1.,0.866025403784439,1.,0.866025403784439,
1.,0.866025403784439,1.,0.866025403784439,1.,0.866025403784439,1.,0.866025403784439,
1.,0.866025403784439,1.,0.866025403784439,1.,0.866025403784439,1.,0.866025403784439,
1.,0.866025403784439,1.,0.866025403784439,1.,0.866025403784439,1.,0.866025403784439,
1.,0.866025403784439,1.,0.866025403784439,1.,0.866025403784439,1.,0.866025403784439,
1.,0.866025403784439,1.,0.866025403784439,1.,0.866025403784439,1.,0.866025403784439,
1.,0.866025403784439,1.))
REPRESENTATION_ITEM('')
);
#30=(
BOUNDED_CURVE()
B_SPLINE_CURVE(2,(#5500,#5501,#5502,#5503,#5504,#5505,#5506,#5507,#5508,
#5509,#5510,#5511,#5512,#5513,#5514,#5515,#5516,#5517,#5518,#5519,#5520,
#5521,#5522,#5523,#5524,#5525,#5526,#5527,#5528,#5529,#5530,#5531,#5532,
#5533,#5534,#5535,#5536,#5537,#5538,#5539,#5540,#5541,#5542,#5543,#5544,
#5545,#5546,#5547,#5548,#5549,#5550,#5551,#5552,#5553,#5554,#5555,#5556,
#5557,#5558,#5559,#5560,#5561,#5562,#5563,#5564,#5565,#5566,#5567,#5568,
#5569,#5570,#5571,#5572,#5573,#5574,#5575,#5576,#5577,#5578,#5579,#5580,
#5581,#5582,#5583,#5584,#5585,#5586,#5587,#5588,#5589,#5590,#5591,#5592,
#5593,#5594,#5595,#5596,#5597,#5598,#5599,#5600,#5601,#5602,#5603,#5604,
#5605,#5606,#5607,#5608,#5609,#5610,#5611,#5612,#5613,#5614,#5615,#5616,
#5617,#5618,#5619,#5620,#5621,#5622,#5623,#5624,#5625,#5626,#5627,#5628,
#5629,#5630,#5631,#5632,#5633,#5634,#5635,#5636,#5637,#5638,#5639,#5640,
#5641,#5642,#5643,#5644,#5645,#5646,#5647,#5648,#5649,#5650,#5651,#5652,
#5653,#5654,#5655,#5656,#5657,#5658,#5659,#5660,#5661,#5662,#5663,#5664,
#5665,#5666,#5667,#5668,#5669,#5670,#5671,#5672,#5673,#5674,#5675,#5676,
#5677,#5678,#5679,#5680,#5681,#5682,#5683,#5684,#5685,#5686,#5687,#5688,
#5689,#5690,#5691,#5692),.UNSPECIFIED.,.F.,.F.)
B_SPLINE_CURVE_WITH_KNOTS((3,2,2,2,2,2,2,2,2,2,2,2,2,2,2,2,2,2,2,2,2,2,
2,2,2,2,2,2,2,2,2,2,2,2,2,2,2,2,2,2,2,2,2,2,2,2,2,2,2,2,2,2,2,2,2,2,2,2,
2,2,2,2,2,2,2,2,2,2,2,2,2,2,2,2,2,2,2,2,2,2,2,2,2,2,2,2,2,2,2,2,2,2,2,2,
2,2,3),(0.,0.0104166666666667,0.0208333333333333,0.03125,0.0416666666666667,
0.0520833333333333,0.0625,0.0729166666666667,0.0833333333333333,0.09375,
0.104166666666667,0.114583333333333,0.125,0.135416666666667,0.145833333333333,
0.15625,0.166666666666667,0.177083333333334,0.1875,0.197916666666667,0.208333333333334,
0.21875,0.229166666666666,0.239583333333334,0.25,0.260416666666667,0.270833333333334,
0.28125,0.291666666666667,0.302083333333334,0.3125,0.322916666666667,0.333333333333334,
0.34375,0.354166666666667,0.364583333333334,0.375,0.385416666666667,0.395833333333334,
0.40625,0.416666666666667,0.427083333333334,0.4375,0.447916666666667,0.458333333333333,
0.46875,0.479166666666667,0.489583333333333,0.5,0.510416666666667,0.520833333333333,
0.53125,0.541666666666667,0.552083333333333,0.5625,0.572916666666667,0.583333333333333,
0.59375,0.604166666666667,0.614583333333333,0.625,0.635416666666667,0.645833333333333,
0.65625,0.666666666666667,0.677083333333333,0.6875,0.697916666666667,0.708333333333333,
0.71875,0.729166666666667,0.739583333333333,0.75,0.760416666666667,0.770833333333333,
0.78125,0.791666666666667,0.802083333333333,0.8125,0.822916666666667,0.833333333333333,
0.84375,0.854166666666667,0.864583333333333,0.875,0.885416666666667,0.895833333333333,
0.90625,0.916666666666667,0.927083333333333,0.9375,0.947916666666667,0.958333333333333,
0.96875,0.979166666666667,0.989583333333333,1.),.UNSPECIFIED.)
CURVE()
GEOMETRIC_REPRESENTATION_ITEM()
RATIONAL_B_SPLINE_CURVE((1.,0.866025403784439,1.,0.866025403784439,1.,0.866025403784439,
1.,0.866025403784439,1.,0.866025403784439,1.,0.866025403784439,1.,0.866025403784439,
1.,0.866025403784439,1.,0.866025403784439,1.,0.866025403784439,1.,0.866025403784439,
1.,0.866025403784439,1.,0.866025403784439,1.,0.866025403784439,1.,0.866025403784439,
1.,0.866025403784439,1.,0.866025403784439,1.,0.866025403784439,1.,0.866025403784439,
1.,0.866025403784439,1.,0.866025403784439,1.,0.866025403784439,1.,0.866025403784439,
1.,0.866025403784439,1.,0.866025403784439,1.,0.866025403784439,1.,0.866025403784439,
1.,0.866025403784439,1.,0.866025403784439,1.,0.866025403784439,1.,0.866025403784439,
1.,0.866025403784439,1.,0.866025403784439,1.,0.866025403784439,1.,0.866025403784439,
1.,0.866025403784439,1.,0.866025403784439,1.,0.866025403784439,1.,0.866025403784439,
1.,0.866025403784439,1.,0.866025403784439,1.,0.866025403784439,1.,0.866025403784439,
1.,0.866025403784439,1.,0.866025403784439,1.,0.866025403784439,1.,0.866025403784439,
1.,0.866025403784439,1.,0.866025403784439,1.,0.866025403784439,1.,0.866025403784439,
1.,0.866025403784439,1.,0.866025403784439,1.,0.866025403784439,1.,0.866025403784439,
1.,0.866025403784439,1.,0.866025403784439,1.,0.866025403784439,1.,0.866025403784439,
1.,0.866025403784439,1.,0.866025403784439,1.,0.866025403784439,1.,0.866025403784439,
1.,0.866025403784439,1.,0.866025403784439,1.,0.866025403784439,1.,0.866025403784439,
1.,0.866025403784439,1.,0.866025403784439,1.,0.866025403784439,1.,0.866025403784439,
1.,0.866025403784439,1.,0.866025403784439,1.,0.866025403784439,1.,0.866025403784439,
1.,0.866025403784439,1.,0.866025403784439,1.,0.866025403784439,1.,0.866025403784439,
1.,0.866025403784439,1.,0.866025403784439,1.,0.866025403784439,1.,0.866025403784439,
1.,0.866025403784439,1.,0.866025403784439,1.,0.866025403784439,1.,0.866025403784439,
1.,0.866025403784439,1.,0.866025403784439,1.,0.866025403784439,1.,0.866025403784439,
1.,0.866025403784439,1.,0.866025403784439,1.,0.866025403784439,1.,0.866025403784439,
1.,0.866025403784439,1.))
REPRESENTATION_ITEM('')
);
#31=(
BOUNDED_CURVE()
B_SPLINE_CURVE(2,(#5696,#5697,#5698,#5699,#5700,#5701,#5702,#5703,#5704,
#5705,#5706,#5707,#5708,#5709,#5710,#5711,#5712,#5713,#5714,#5715,#5716,
#5717,#5718,#5719,#5720,#5721,#5722,#5723,#5724,#5725,#5726,#5727,#5728,
#5729,#5730,#5731,#5732,#5733,#5734,#5735,#5736,#5737,#5738,#5739,#5740,
#5741,#5742,#5743,#5744,#5745,#5746,#5747,#5748,#5749,#5750,#5751,#5752,
#5753,#5754,#5755,#5756,#5757,#5758,#5759,#5760,#5761,#5762,#5763,#5764,
#5765,#5766,#5767,#5768,#5769,#5770,#5771,#5772,#5773,#5774,#5775,#5776,
#5777,#5778,#5779,#5780,#5781,#5782,#5783,#5784,#5785,#5786,#5787,#5788,
#5789,#5790,#5791,#5792,#5793,#5794,#5795,#5796,#5797,#5798,#5799,#5800,
#5801,#5802,#5803,#5804,#5805,#5806,#5807,#5808,#5809,#5810,#5811,#5812,
#5813,#5814,#5815,#5816,#5817,#5818,#5819,#5820,#5821,#5822,#5823,#5824,
#5825,#5826,#5827,#5828,#5829,#5830,#5831,#5832,#5833,#5834,#5835,#5836,
#5837,#5838,#5839,#5840,#5841,#5842,#5843,#5844,#5845,#5846,#5847,#5848,
#5849,#5850,#5851,#5852,#5853,#5854,#5855,#5856,#5857,#5858,#5859,#5860,
#5861,#5862,#5863,#5864,#5865,#5866,#5867,#5868,#5869,#5870,#5871,#5872,
#5873,#5874,#5875,#5876,#5877,#5878,#5879,#5880,#5881,#5882,#5883,#5884,
#5885,#5886,#5887,#5888),.UNSPECIFIED.,.F.,.F.)
B_SPLINE_CURVE_WITH_KNOTS((3,2,2,2,2,2,2,2,2,2,2,2,2,2,2,2,2,2,2,2,2,2,
2,2,2,2,2,2,2,2,2,2,2,2,2,2,2,2,2,2,2,2,2,2,2,2,2,2,2,2,2,2,2,2,2,2,2,2,
2,2,2,2,2,2,2,2,2,2,2,2,2,2,2,2,2,2,2,2,2,2,2,2,2,2,2,2,2,2,2,2,2,2,2,2,
2,2,3),(0.,0.0104166666666667,0.0208333333333333,0.03125,0.0416666666666667,
0.0520833333333333,0.0625,0.0729166666666667,0.0833333333333333,0.09375,
0.104166666666667,0.114583333333333,0.125,0.135416666666667,0.145833333333333,
0.15625,0.166666666666667,0.177083333333334,0.1875,0.197916666666667,0.208333333333334,
0.21875,0.229166666666666,0.239583333333334,0.25,0.260416666666667,0.270833333333334,
0.28125,0.291666666666667,0.302083333333334,0.3125,0.322916666666667,0.333333333333334,
0.34375,0.354166666666667,0.364583333333334,0.375,0.385416666666667,0.395833333333334,
0.40625,0.416666666666667,0.427083333333334,0.4375,0.447916666666667,0.458333333333333,
0.46875,0.479166666666667,0.489583333333333,0.5,0.510416666666667,0.520833333333333,
0.53125,0.541666666666667,0.552083333333333,0.5625,0.572916666666667,0.583333333333333,
0.59375,0.604166666666667,0.614583333333333,0.625,0.635416666666667,0.645833333333333,
0.65625,0.666666666666667,0.677083333333333,0.6875,0.697916666666667,0.708333333333333,
0.71875,0.729166666666667,0.739583333333333,0.75,0.760416666666667,0.770833333333333,
0.78125,0.791666666666667,0.802083333333333,0.8125,0.822916666666667,0.833333333333333,
0.84375,0.854166666666667,0.864583333333333,0.875,0.885416666666667,0.895833333333333,
0.90625,0.916666666666667,0.927083333333333,0.9375,0.947916666666667,0.958333333333333,
0.96875,0.979166666666667,0.989583333333333,1.),.UNSPECIFIED.)
CURVE()
GEOMETRIC_REPRESENTATION_ITEM()
RATIONAL_B_SPLINE_CURVE((1.,0.866025403784439,1.,0.866025403784439,1.,0.866025403784439,
1.,0.866025403784439,1.,0.866025403784439,1.,0.866025403784439,1.,0.866025403784439,
1.,0.866025403784439,1.,0.866025403784439,1.,0.866025403784439,1.,0.866025403784439,
1.,0.866025403784439,1.,0.866025403784439,1.,0.866025403784439,1.,0.866025403784439,
1.,0.866025403784439,1.,0.866025403784439,1.,0.866025403784439,1.,0.866025403784439,
1.,0.866025403784439,1.,0.866025403784439,1.,0.866025403784439,1.,0.866025403784439,
1.,0.866025403784439,1.,0.866025403784439,1.,0.866025403784439,1.,0.866025403784439,
1.,0.866025403784439,1.,0.866025403784439,1.,0.866025403784439,1.,0.866025403784439,
1.,0.866025403784439,1.,0.866025403784439,1.,0.866025403784439,1.,0.866025403784439,
1.,0.866025403784439,1.,0.866025403784439,1.,0.866025403784439,1.,0.866025403784439,
1.,0.866025403784439,1.,0.866025403784439,1.,0.866025403784439,1.,0.866025403784439,
1.,0.866025403784439,1.,0.866025403784439,1.,0.866025403784439,1.,0.866025403784439,
1.,0.866025403784439,1.,0.866025403784439,1.,0.866025403784439,1.,0.866025403784439,
1.,0.866025403784439,1.,0.866025403784439,1.,0.866025403784439,1.,0.866025403784439,
1.,0.866025403784439,1.,0.866025403784439,1.,0.866025403784439,1.,0.866025403784439,
1.,0.866025403784439,1.,0.866025403784439,1.,0.866025403784439,1.,0.866025403784439,
1.,0.866025403784439,1.,0.866025403784439,1.,0.866025403784439,1.,0.866025403784439,
1.,0.866025403784439,1.,0.866025403784439,1.,0.866025403784439,1.,0.866025403784439,
1.,0.866025403784439,1.,0.866025403784439,1.,0.866025403784439,1.,0.866025403784439,
1.,0.866025403784439,1.,0.866025403784439,1.,0.866025403784439,1.,0.866025403784439,
1.,0.866025403784439,1.,0.866025403784439,1.,0.866025403784439,1.,0.866025403784439,
1.,0.866025403784439,1.,0.866025403784439,1.,0.866025403784439,1.,0.866025403784439,
1.,0.866025403784439,1.,0.866025403784439,1.,0.866025403784439,1.,0.866025403784439,
1.,0.866025403784439,1.,0.866025403784439,1.,0.866025403784439,1.,0.866025403784439,
1.,0.866025403784439,1.))
REPRESENTATION_ITEM('')
);
#32=(
BOUNDED_CURVE()
B_SPLINE_CURVE(2,(#6617,#6618,#6619,#6620,#6621,#6622,#6623,#6624,#6625,
#6626,#6627,#6628,#6629,#6630,#6631,#6632,#6633,#6634,#6635,#6636,#6637,
#6638,#6639,#6640,#6641,#6642,#6643,#6644,#6645,#6646,#6647,#6648,#6649,
#6650,#6651,#6652,#6653,#6654,#6655,#6656,#6657,#6658,#6659,#6660,#6661,
#6662,#6663,#6664,#6665,#6666,#6667,#6668,#6669,#6670,#6671,#6672,#6673,
#6674,#6675,#6676,#6677,#6678,#6679,#6680,#6681,#6682,#6683,#6684,#6685,
#6686,#6687,#6688,#6689,#6690,#6691,#6692,#6693,#6694,#6695,#6696,#6697,
#6698,#6699,#6700,#6701,#6702,#6703,#6704,#6705,#6706,#6707,#6708,#6709,
#6710,#6711,#6712,#6713,#6714,#6715,#6716,#6717,#6718,#6719,#6720,#6721,
#6722,#6723,#6724,#6725,#6726,#6727,#6728,#6729,#6730,#6731,#6732,#6733,
#6734,#6735,#6736,#6737,#6738,#6739,#6740,#6741,#6742,#6743,#6744,#6745,
#6746,#6747,#6748,#6749,#6750,#6751,#6752,#6753,#6754,#6755,#6756,#6757,
#6758,#6759,#6760,#6761,#6762,#6763,#6764,#6765,#6766,#6767,#6768,#6769,
#6770,#6771,#6772,#6773,#6774,#6775,#6776,#6777,#6778,#6779,#6780,#6781,
#6782,#6783,#6784,#6785,#6786,#6787,#6788,#6789,#6790,#6791,#6792,#6793,
#6794,#6795,#6796,#6797,#6798,#6799,#6800,#6801,#6802,#6803,#6804,#6805,
#6806,#6807,#6808,#6809),.UNSPECIFIED.,.F.,.F.)
B_SPLINE_CURVE_WITH_KNOTS((3,2,2,2,2,2,2,2,2,2,2,2,2,2,2,2,2,2,2,2,2,2,
2,2,2,2,2,2,2,2,2,2,2,2,2,2,2,2,2,2,2,2,2,2,2,2,2,2,2,2,2,2,2,2,2,2,2,2,
2,2,2,2,2,2,2,2,2,2,2,2,2,2,2,2,2,2,2,2,2,2,2,2,2,2,2,2,2,2,2,2,2,2,2,2,
2,2,3),(0.,0.0104166666666667,0.0208333333333333,0.03125,0.0416666666666667,
0.0520833333333333,0.0625,0.0729166666666667,0.0833333333333333,0.09375,
0.104166666666667,0.114583333333333,0.125,0.135416666666667,0.145833333333333,
0.15625,0.166666666666667,0.177083333333334,0.1875,0.197916666666667,0.208333333333334,
0.21875,0.229166666666666,0.239583333333334,0.25,0.260416666666667,0.270833333333334,
0.28125,0.291666666666667,0.302083333333334,0.3125,0.322916666666667,0.333333333333334,
0.34375,0.354166666666667,0.364583333333334,0.375,0.385416666666667,0.395833333333334,
0.40625,0.416666666666667,0.427083333333334,0.4375,0.447916666666667,0.458333333333333,
0.46875,0.479166666666667,0.489583333333333,0.5,0.510416666666667,0.520833333333333,
0.53125,0.541666666666667,0.552083333333333,0.5625,0.572916666666667,0.583333333333333,
0.59375,0.604166666666667,0.614583333333333,0.625,0.635416666666667,0.645833333333333,
0.65625,0.666666666666667,0.677083333333333,0.6875,0.697916666666667,0.708333333333333,
0.71875,0.729166666666667,0.739583333333333,0.75,0.760416666666667,0.770833333333333,
0.78125,0.791666666666667,0.802083333333333,0.8125,0.822916666666667,0.833333333333333,
0.84375,0.854166666666667,0.864583333333333,0.875,0.885416666666667,0.895833333333333,
0.90625,0.916666666666667,0.927083333333333,0.9375,0.947916666666667,0.958333333333333,
0.96875,0.979166666666667,0.989583333333333,1.),.UNSPECIFIED.)
CURVE()
GEOMETRIC_REPRESENTATION_ITEM()
RATIONAL_B_SPLINE_CURVE((1.,0.866025403784439,1.,0.866025403784439,1.,0.866025403784439,
1.,0.866025403784439,1.,0.866025403784439,1.,0.866025403784439,1.,0.866025403784439,
1.,0.866025403784439,1.,0.866025403784439,1.,0.866025403784439,1.,0.866025403784439,
1.,0.866025403784439,1.,0.866025403784439,1.,0.866025403784439,1.,0.866025403784439,
1.,0.866025403784439,1.,0.866025403784439,1.,0.866025403784439,1.,0.866025403784439,
1.,0.866025403784439,1.,0.866025403784439,1.,0.866025403784439,1.,0.866025403784439,
1.,0.866025403784439,1.,0.866025403784439,1.,0.866025403784439,1.,0.866025403784439,
1.,0.866025403784439,1.,0.866025403784439,1.,0.866025403784439,1.,0.866025403784439,
1.,0.866025403784439,1.,0.866025403784439,1.,0.866025403784439,1.,0.866025403784439,
1.,0.866025403784439,1.,0.866025403784439,1.,0.866025403784439,1.,0.866025403784439,
1.,0.866025403784439,1.,0.866025403784439,1.,0.866025403784439,1.,0.866025403784439,
1.,0.866025403784439,1.,0.866025403784439,1.,0.866025403784439,1.,0.866025403784439,
1.,0.866025403784439,1.,0.866025403784439,1.,0.866025403784439,1.,0.866025403784439,
1.,0.866025403784439,1.,0.866025403784439,1.,0.866025403784439,1.,0.866025403784439,
1.,0.866025403784439,1.,0.866025403784439,1.,0.866025403784439,1.,0.866025403784439,
1.,0.866025403784439,1.,0.866025403784439,1.,0.866025403784439,1.,0.866025403784439,
1.,0.866025403784439,1.,0.866025403784439,1.,0.866025403784439,1.,0.866025403784439,
1.,0.866025403784439,1.,0.866025403784439,1.,0.866025403784439,1.,0.866025403784439,
1.,0.866025403784439,1.,0.866025403784439,1.,0.866025403784439,1.,0.866025403784439,
1.,0.866025403784439,1.,0.866025403784439,1.,0.866025403784439,1.,0.866025403784439,
1.,0.866025403784439,1.,0.866025403784439,1.,0.866025403784439,1.,0.866025403784439,
1.,0.866025403784439,1.,0.866025403784439,1.,0.866025403784439,1.,0.866025403784439,
1.,0.866025403784439,1.,0.866025403784439,1.,0.866025403784439,1.,0.866025403784439,
1.,0.866025403784439,1.,0.866025403784439,1.,0.866025403784439,1.,0.866025403784439,
1.,0.866025403784439,1.))
REPRESENTATION_ITEM('')
);
#33=(
BOUNDED_CURVE()
B_SPLINE_CURVE(2,(#6813,#6814,#6815,#6816,#6817,#6818,#6819,#6820,#6821,
#6822,#6823,#6824,#6825,#6826,#6827,#6828,#6829,#6830,#6831,#6832,#6833,
#6834,#6835,#6836,#6837,#6838,#6839,#6840,#6841,#6842,#6843,#6844,#6845,
#6846,#6847,#6848,#6849,#6850,#6851,#6852,#6853,#6854,#6855,#6856,#6857,
#6858,#6859,#6860,#6861,#6862,#6863,#6864,#6865,#6866,#6867,#6868,#6869,
#6870,#6871,#6872,#6873,#6874,#6875,#6876,#6877,#6878,#6879,#6880,#6881,
#6882,#6883,#6884,#6885,#6886,#6887,#6888,#6889,#6890,#6891,#6892,#6893,
#6894,#6895,#6896,#6897,#6898,#6899,#6900,#6901,#6902,#6903,#6904,#6905,
#6906,#6907,#6908,#6909,#6910,#6911,#6912,#6913,#6914,#6915,#6916,#6917,
#6918,#6919,#6920,#6921,#6922,#6923,#6924,#6925,#6926,#6927,#6928,#6929,
#6930,#6931,#6932,#6933,#6934,#6935,#6936,#6937,#6938,#6939,#6940,#6941,
#6942,#6943,#6944,#6945,#6946,#6947,#6948,#6949,#6950,#6951,#6952,#6953,
#6954,#6955,#6956,#6957,#6958,#6959,#6960,#6961,#6962,#6963,#6964,#6965,
#6966,#6967,#6968,#6969,#6970,#6971,#6972,#6973,#6974,#6975,#6976,#6977,
#6978,#6979,#6980,#6981,#6982,#6983,#6984,#6985,#6986,#6987,#6988,#6989,
#6990,#6991,#6992,#6993,#6994,#6995,#6996,#6997,#6998,#6999,#7000,#7001,
#7002,#7003,#7004,#7005),.UNSPECIFIED.,.F.,.F.)
B_SPLINE_CURVE_WITH_KNOTS((3,2,2,2,2,2,2,2,2,2,2,2,2,2,2,2,2,2,2,2,2,2,
2,2,2,2,2,2,2,2,2,2,2,2,2,2,2,2,2,2,2,2,2,2,2,2,2,2,2,2,2,2,2,2,2,2,2,2,
2,2,2,2,2,2,2,2,2,2,2,2,2,2,2,2,2,2,2,2,2,2,2,2,2,2,2,2,2,2,2,2,2,2,2,2,
2,2,3),(0.,0.0104166666666667,0.0208333333333333,0.03125,0.0416666666666667,
0.0520833333333333,0.0625,0.0729166666666667,0.0833333333333333,0.09375,
0.104166666666667,0.114583333333333,0.125,0.135416666666667,0.145833333333333,
0.15625,0.166666666666667,0.177083333333334,0.1875,0.197916666666667,0.208333333333334,
0.21875,0.229166666666666,0.239583333333334,0.25,0.260416666666667,0.270833333333334,
0.28125,0.291666666666667,0.302083333333334,0.3125,0.322916666666667,0.333333333333334,
0.34375,0.354166666666667,0.364583333333334,0.375,0.385416666666667,0.395833333333334,
0.40625,0.416666666666667,0.427083333333334,0.4375,0.447916666666667,0.458333333333333,
0.46875,0.479166666666667,0.489583333333333,0.5,0.510416666666667,0.520833333333333,
0.53125,0.541666666666667,0.552083333333333,0.5625,0.572916666666667,0.583333333333333,
0.59375,0.604166666666667,0.614583333333333,0.625,0.635416666666667,0.645833333333333,
0.65625,0.666666666666667,0.677083333333333,0.6875,0.697916666666667,0.708333333333333,
0.71875,0.729166666666667,0.739583333333333,0.75,0.760416666666667,0.770833333333333,
0.78125,0.791666666666667,0.802083333333333,0.8125,0.822916666666667,0.833333333333333,
0.84375,0.854166666666667,0.864583333333333,0.875,0.885416666666667,0.895833333333333,
0.90625,0.916666666666667,0.927083333333333,0.9375,0.947916666666667,0.958333333333333,
0.96875,0.979166666666667,0.989583333333333,1.),.UNSPECIFIED.)
CURVE()
GEOMETRIC_REPRESENTATION_ITEM()
RATIONAL_B_SPLINE_CURVE((1.,0.866025403784439,1.,0.866025403784439,1.,0.866025403784439,
1.,0.866025403784439,1.,0.866025403784439,1.,0.866025403784439,1.,0.866025403784439,
1.,0.866025403784439,1.,0.866025403784439,1.,0.866025403784439,1.,0.866025403784439,
1.,0.866025403784439,1.,0.866025403784439,1.,0.866025403784439,1.,0.866025403784439,
1.,0.866025403784439,1.,0.866025403784439,1.,0.866025403784439,1.,0.866025403784439,
1.,0.866025403784439,1.,0.866025403784439,1.,0.866025403784439,1.,0.866025403784439,
1.,0.866025403784439,1.,0.866025403784439,1.,0.866025403784439,1.,0.866025403784439,
1.,0.866025403784439,1.,0.866025403784439,1.,0.866025403784439,1.,0.866025403784439,
1.,0.866025403784439,1.,0.866025403784439,1.,0.866025403784439,1.,0.866025403784439,
1.,0.866025403784439,1.,0.866025403784439,1.,0.866025403784439,1.,0.866025403784439,
1.,0.866025403784439,1.,0.866025403784439,1.,0.866025403784439,1.,0.866025403784439,
1.,0.866025403784439,1.,0.866025403784439,1.,0.866025403784439,1.,0.866025403784439,
1.,0.866025403784439,1.,0.866025403784439,1.,0.866025403784439,1.,0.866025403784439,
1.,0.866025403784439,1.,0.866025403784439,1.,0.866025403784439,1.,0.866025403784439,
1.,0.866025403784439,1.,0.866025403784439,1.,0.866025403784439,1.,0.866025403784439,
1.,0.866025403784439,1.,0.866025403784439,1.,0.866025403784439,1.,0.866025403784439,
1.,0.866025403784439,1.,0.866025403784439,1.,0.866025403784439,1.,0.866025403784439,
1.,0.866025403784439,1.,0.866025403784439,1.,0.866025403784439,1.,0.866025403784439,
1.,0.866025403784439,1.,0.866025403784439,1.,0.866025403784439,1.,0.866025403784439,
1.,0.866025403784439,1.,0.866025403784439,1.,0.866025403784439,1.,0.866025403784439,
1.,0.866025403784439,1.,0.866025403784439,1.,0.866025403784439,1.,0.866025403784439,
1.,0.866025403784439,1.,0.866025403784439,1.,0.866025403784439,1.,0.866025403784439,
1.,0.866025403784439,1.,0.866025403784439,1.,0.866025403784439,1.,0.866025403784439,
1.,0.866025403784439,1.,0.866025403784439,1.,0.866025403784439,1.,0.866025403784439,
1.,0.866025403784439,1.))
REPRESENTATION_ITEM('')
);
#34=(
BOUNDED_CURVE()
B_SPLINE_CURVE(2,(#7734,#7735,#7736,#7737,#7738,#7739,#7740,#7741,#7742,
#7743,#7744,#7745,#7746,#7747,#7748,#7749,#7750,#7751,#7752,#7753,#7754,
#7755,#7756,#7757,#7758,#7759,#7760,#7761,#7762,#7763,#7764,#7765,#7766,
#7767,#7768,#7769,#7770,#7771,#7772,#7773,#7774,#7775,#7776,#7777,#7778,
#7779,#7780,#7781,#7782,#7783,#7784,#7785,#7786,#7787,#7788,#7789,#7790,
#7791,#7792,#7793,#7794,#7795,#7796,#7797,#7798,#7799,#7800,#7801,#7802,
#7803,#7804,#7805,#7806,#7807,#7808,#7809,#7810,#7811,#7812,#7813,#7814,
#7815,#7816,#7817,#7818,#7819,#7820,#7821,#7822,#7823,#7824,#7825,#7826,
#7827,#7828,#7829,#7830,#7831,#7832,#7833,#7834,#7835,#7836,#7837,#7838,
#7839,#7840,#7841,#7842,#7843,#7844,#7845,#7846,#7847,#7848,#7849,#7850,
#7851,#7852,#7853,#7854,#7855,#7856,#7857,#7858,#7859,#7860,#7861,#7862,
#7863,#7864,#7865,#7866,#7867,#7868,#7869,#7870,#7871,#7872,#7873,#7874,
#7875,#7876,#7877,#7878,#7879,#7880,#7881,#7882,#7883,#7884,#7885,#7886,
#7887,#7888,#7889,#7890,#7891,#7892,#7893,#7894,#7895,#7896,#7897,#7898,
#7899,#7900,#7901,#7902,#7903,#7904,#7905,#7906,#7907,#7908,#7909,#7910,
#7911,#7912,#7913,#7914,#7915,#7916,#7917,#7918,#7919,#7920,#7921,#7922,
#7923,#7924,#7925,#7926),.UNSPECIFIED.,.F.,.F.)
B_SPLINE_CURVE_WITH_KNOTS((3,2,2,2,2,2,2,2,2,2,2,2,2,2,2,2,2,2,2,2,2,2,
2,2,2,2,2,2,2,2,2,2,2,2,2,2,2,2,2,2,2,2,2,2,2,2,2,2,2,2,2,2,2,2,2,2,2,2,
2,2,2,2,2,2,2,2,2,2,2,2,2,2,2,2,2,2,2,2,2,2,2,2,2,2,2,2,2,2,2,2,2,2,2,2,
2,2,3),(0.,0.0104166666666667,0.0208333333333333,0.03125,0.0416666666666667,
0.0520833333333333,0.0625,0.0729166666666667,0.0833333333333333,0.09375,
0.104166666666667,0.114583333333333,0.125,0.135416666666667,0.145833333333333,
0.15625,0.166666666666667,0.177083333333334,0.1875,0.197916666666667,0.208333333333334,
0.21875,0.229166666666666,0.239583333333334,0.25,0.260416666666667,0.270833333333334,
0.28125,0.291666666666667,0.302083333333334,0.3125,0.322916666666667,0.333333333333334,
0.34375,0.354166666666667,0.364583333333334,0.375,0.385416666666667,0.395833333333334,
0.40625,0.416666666666667,0.427083333333334,0.4375,0.447916666666667,0.458333333333333,
0.46875,0.479166666666667,0.489583333333333,0.5,0.510416666666667,0.520833333333333,
0.53125,0.541666666666667,0.552083333333333,0.5625,0.572916666666667,0.583333333333333,
0.59375,0.604166666666667,0.614583333333333,0.625,0.635416666666667,0.645833333333333,
0.65625,0.666666666666667,0.677083333333333,0.6875,0.697916666666667,0.708333333333333,
0.71875,0.729166666666667,0.739583333333333,0.75,0.760416666666667,0.770833333333333,
0.78125,0.791666666666667,0.802083333333333,0.8125,0.822916666666667,0.833333333333333,
0.84375,0.854166666666667,0.864583333333333,0.875,0.885416666666667,0.895833333333333,
0.90625,0.916666666666667,0.927083333333333,0.9375,0.947916666666667,0.958333333333333,
0.96875,0.979166666666667,0.989583333333333,1.),.UNSPECIFIED.)
CURVE()
GEOMETRIC_REPRESENTATION_ITEM()
RATIONAL_B_SPLINE_CURVE((1.,0.866025403784439,1.,0.866025403784439,1.,0.866025403784439,
1.,0.866025403784439,1.,0.866025403784439,1.,0.866025403784439,1.,0.866025403784439,
1.,0.866025403784439,1.,0.866025403784439,1.,0.866025403784439,1.,0.866025403784439,
1.,0.866025403784439,1.,0.866025403784439,1.,0.866025403784439,1.,0.866025403784439,
1.,0.866025403784439,1.,0.866025403784439,1.,0.866025403784439,1.,0.866025403784439,
1.,0.866025403784439,1.,0.866025403784439,1.,0.866025403784439,1.,0.866025403784439,
1.,0.866025403784439,1.,0.866025403784439,1.,0.866025403784439,1.,0.866025403784439,
1.,0.866025403784439,1.,0.866025403784439,1.,0.866025403784439,1.,0.866025403784439,
1.,0.866025403784439,1.,0.866025403784439,1.,0.866025403784439,1.,0.866025403784439,
1.,0.866025403784439,1.,0.866025403784439,1.,0.866025403784439,1.,0.866025403784439,
1.,0.866025403784439,1.,0.866025403784439,1.,0.866025403784439,1.,0.866025403784439,
1.,0.866025403784439,1.,0.866025403784439,1.,0.866025403784439,1.,0.866025403784439,
1.,0.866025403784439,1.,0.866025403784439,1.,0.866025403784439,1.,0.866025403784439,
1.,0.866025403784439,1.,0.866025403784439,1.,0.866025403784439,1.,0.866025403784439,
1.,0.866025403784439,1.,0.866025403784439,1.,0.866025403784439,1.,0.866025403784439,
1.,0.866025403784439,1.,0.866025403784439,1.,0.866025403784439,1.,0.866025403784439,
1.,0.866025403784439,1.,0.866025403784439,1.,0.866025403784439,1.,0.866025403784439,
1.,0.866025403784439,1.,0.866025403784439,1.,0.866025403784439,1.,0.866025403784439,
1.,0.866025403784439,1.,0.866025403784439,1.,0.866025403784439,1.,0.866025403784439,
1.,0.866025403784439,1.,0.866025403784439,1.,0.866025403784439,1.,0.866025403784439,
1.,0.866025403784439,1.,0.866025403784439,1.,0.866025403784439,1.,0.866025403784439,
1.,0.866025403784439,1.,0.866025403784439,1.,0.866025403784439,1.,0.866025403784439,
1.,0.866025403784439,1.,0.866025403784439,1.,0.866025403784439,1.,0.866025403784439,
1.,0.866025403784439,1.,0.866025403784439,1.,0.866025403784439,1.,0.866025403784439,
1.,0.866025403784439,1.))
REPRESENTATION_ITEM('')
);
#35=(
BOUNDED_CURVE()
B_SPLINE_CURVE(2,(#7930,#7931,#7932,#7933,#7934,#7935,#7936,#7937,#7938,
#7939,#7940,#7941,#7942,#7943,#7944,#7945,#7946,#7947,#7948,#7949,#7950,
#7951,#7952,#7953,#7954,#7955,#7956,#7957,#7958,#7959,#7960,#7961,#7962,
#7963,#7964,#7965,#7966,#7967,#7968,#7969,#7970,#7971,#7972,#7973,#7974,
#7975,#7976,#7977,#7978,#7979,#7980,#7981,#7982,#7983,#7984,#7985,#7986,
#7987,#7988,#7989,#7990,#7991,#7992,#7993,#7994,#7995,#7996,#7997,#7998,
#7999,#8000,#8001,#8002,#8003,#8004,#8005,#8006,#8007,#8008,#8009,#8010,
#8011,#8012,#8013,#8014,#8015,#8016,#8017,#8018,#8019,#8020,#8021,#8022,
#8023,#8024,#8025,#8026,#8027,#8028,#8029,#8030,#8031,#8032,#8033,#8034,
#8035,#8036,#8037,#8038,#8039,#8040,#8041,#8042,#8043,#8044,#8045,#8046,
#8047,#8048,#8049,#8050,#8051,#8052,#8053,#8054,#8055,#8056,#8057,#8058,
#8059,#8060,#8061,#8062,#8063,#8064,#8065,#8066,#8067,#8068,#8069,#8070,
#8071,#8072,#8073,#8074,#8075,#8076,#8077,#8078,#8079,#8080,#8081,#8082,
#8083,#8084,#8085,#8086,#8087,#8088,#8089,#8090,#8091,#8092,#8093,#8094,
#8095,#8096,#8097,#8098,#8099,#8100,#8101,#8102,#8103,#8104,#8105,#8106,
#8107,#8108,#8109,#8110,#8111,#8112,#8113,#8114,#8115,#8116,#8117,#8118,
#8119,#8120,#8121,#8122),.UNSPECIFIED.,.F.,.F.)
B_SPLINE_CURVE_WITH_KNOTS((3,2,2,2,2,2,2,2,2,2,2,2,2,2,2,2,2,2,2,2,2,2,
2,2,2,2,2,2,2,2,2,2,2,2,2,2,2,2,2,2,2,2,2,2,2,2,2,2,2,2,2,2,2,2,2,2,2,2,
2,2,2,2,2,2,2,2,2,2,2,2,2,2,2,2,2,2,2,2,2,2,2,2,2,2,2,2,2,2,2,2,2,2,2,2,
2,2,3),(0.,0.0104166666666667,0.0208333333333333,0.03125,0.0416666666666667,
0.0520833333333333,0.0625,0.0729166666666667,0.0833333333333333,0.09375,
0.104166666666667,0.114583333333333,0.125,0.135416666666667,0.145833333333333,
0.15625,0.166666666666667,0.177083333333334,0.1875,0.197916666666667,0.208333333333334,
0.21875,0.229166666666666,0.239583333333334,0.25,0.260416666666667,0.270833333333334,
0.28125,0.291666666666667,0.302083333333334,0.3125,0.322916666666667,0.333333333333334,
0.34375,0.354166666666667,0.364583333333334,0.375,0.385416666666667,0.395833333333334,
0.40625,0.416666666666667,0.427083333333334,0.4375,0.447916666666667,0.458333333333333,
0.46875,0.479166666666667,0.489583333333333,0.5,0.510416666666667,0.520833333333333,
0.53125,0.541666666666667,0.552083333333333,0.5625,0.572916666666667,0.583333333333333,
0.59375,0.604166666666667,0.614583333333333,0.625,0.635416666666667,0.645833333333333,
0.65625,0.666666666666667,0.677083333333333,0.6875,0.697916666666667,0.708333333333333,
0.71875,0.729166666666667,0.739583333333333,0.75,0.760416666666667,0.770833333333333,
0.78125,0.791666666666667,0.802083333333333,0.8125,0.822916666666667,0.833333333333333,
0.84375,0.854166666666667,0.864583333333333,0.875,0.885416666666667,0.895833333333333,
0.90625,0.916666666666667,0.927083333333333,0.9375,0.947916666666667,0.958333333333333,
0.96875,0.979166666666667,0.989583333333333,1.),.UNSPECIFIED.)
CURVE()
GEOMETRIC_REPRESENTATION_ITEM()
RATIONAL_B_SPLINE_CURVE((1.,0.866025403784439,1.,0.866025403784439,1.,0.866025403784439,
1.,0.866025403784439,1.,0.866025403784439,1.,0.866025403784439,1.,0.866025403784439,
1.,0.866025403784439,1.,0.866025403784439,1.,0.866025403784439,1.,0.866025403784439,
1.,0.866025403784439,1.,0.866025403784439,1.,0.866025403784439,1.,0.866025403784439,
1.,0.866025403784439,1.,0.866025403784439,1.,0.866025403784439,1.,0.866025403784439,
1.,0.866025403784439,1.,0.866025403784439,1.,0.866025403784439,1.,0.866025403784439,
1.,0.866025403784439,1.,0.866025403784439,1.,0.866025403784439,1.,0.866025403784439,
1.,0.866025403784439,1.,0.866025403784439,1.,0.866025403784439,1.,0.866025403784439,
1.,0.866025403784439,1.,0.866025403784439,1.,0.866025403784439,1.,0.866025403784439,
1.,0.866025403784439,1.,0.866025403784439,1.,0.866025403784439,1.,0.866025403784439,
1.,0.866025403784439,1.,0.866025403784439,1.,0.866025403784439,1.,0.866025403784439,
1.,0.866025403784439,1.,0.866025403784439,1.,0.866025403784439,1.,0.866025403784439,
1.,0.866025403784439,1.,0.866025403784439,1.,0.866025403784439,1.,0.866025403784439,
1.,0.866025403784439,1.,0.866025403784439,1.,0.866025403784439,1.,0.866025403784439,
1.,0.866025403784439,1.,0.866025403784439,1.,0.866025403784439,1.,0.866025403784439,
1.,0.866025403784439,1.,0.866025403784439,1.,0.866025403784439,1.,0.866025403784439,
1.,0.866025403784439,1.,0.866025403784439,1.,0.866025403784439,1.,0.866025403784439,
1.,0.866025403784439,1.,0.866025403784439,1.,0.866025403784439,1.,0.866025403784439,
1.,0.866025403784439,1.,0.866025403784439,1.,0.866025403784439,1.,0.866025403784439,
1.,0.866025403784439,1.,0.866025403784439,1.,0.866025403784439,1.,0.866025403784439,
1.,0.866025403784439,1.,0.866025403784439,1.,0.866025403784439,1.,0.866025403784439,
1.,0.866025403784439,1.,0.866025403784439,1.,0.866025403784439,1.,0.866025403784439,
1.,0.866025403784439,1.,0.866025403784439,1.,0.866025403784439,1.,0.866025403784439,
1.,0.866025403784439,1.,0.866025403784439,1.,0.866025403784439,1.,0.866025403784439,
1.,0.866025403784439,1.))
REPRESENTATION_ITEM('')
);
#36=VERTEX_LOOP('',#921);
#37=VERTEX_LOOP('',#924);
#38=VERTEX_LOOP('',#927);
#39=VERTEX_LOOP('',#930);
#40=CONICAL_SURFACE('',#1629,0.001025,1.02974425867666);
#41=CONICAL_SURFACE('',#1633,0.001025,1.02974425867666);
#42=CONICAL_SURFACE('',#1637,0.001025,1.02974425867666);
#43=CONICAL_SURFACE('',#1641,0.001025,1.02974425867666);
#44=TOROIDAL_SURFACE('',#1609,0.0035,0.003);
#45=TOROIDAL_SURFACE('',#1616,0.0035,0.003);
#46=TOROIDAL_SURFACE('',#1618,0.0035,0.003);
#47=TOROIDAL_SURFACE('',#1624,0.00350000000000005,0.003);
#48=CYLINDRICAL_SURFACE('',#1576,0.0065);
#49=CYLINDRICAL_SURFACE('',#1579,0.0065);
#50=CYLINDRICAL_SURFACE('',#1582,0.0065);
#51=CYLINDRICAL_SURFACE('',#1585,0.003);
#52=CYLINDRICAL_SURFACE('',#1589,0.003);
#53=CYLINDRICAL_SURFACE('',#1593,0.003);
#54=CYLINDRICAL_SURFACE('',#1597,0.003);
#55=CYLINDRICAL_SURFACE('',#1601,0.0065);
#56=CYLINDRICAL_SURFACE('',#1612,0.003);
#57=CYLINDRICAL_SURFACE('',#1614,0.003);
#58=CYLINDRICAL_SURFACE('',#1620,0.003);
#59=CYLINDRICAL_SURFACE('',#1622,0.003);
#60=CYLINDRICAL_SURFACE('',#1625,0.00125);
#61=CYLINDRICAL_SURFACE('',#1626,0.00125);
#62=CYLINDRICAL_SURFACE('',#1627,0.00125);
#63=CYLINDRICAL_SURFACE('',#1628,0.00125);
#64=CYLINDRICAL_SURFACE('',#1632,0.001025);
#65=CYLINDRICAL_SURFACE('',#1636,0.001025);
#66=CYLINDRICAL_SURFACE('',#1640,0.001025);
#67=CYLINDRICAL_SURFACE('',#1644,0.001025);
#68=CYLINDRICAL_SURFACE('',#1645,0.000781430355185626);
#69=CYLINDRICAL_SURFACE('',#1648,0.000781430355185626);
#70=CYLINDRICAL_SURFACE('',#1651,0.000781430355185626);
#71=CYLINDRICAL_SURFACE('',#1654,0.000781430355185626);
#72=B_SPLINE_CURVE_WITH_KNOTS('',3,(#2264,#2265,#2266,#2267,#2268),
 .UNSPECIFIED.,.F.,.F.,(4,1,4),(7.91155630660524E-17,0.000892702428172474,
0.00178540485634487),.UNSPECIFIED.);
#73=B_SPLINE_CURVE_WITH_KNOTS('',3,(#2272,#2273,#2274,#2275,#2276),
 .UNSPECIFIED.,.F.,.F.,(4,1,4),(0.,0.000891443199927394,0.00178288639985479),
 .UNSPECIFIED.);
#74=B_SPLINE_CURVE_WITH_KNOTS('',3,(#2280,#2281,#2282,#2283,#2284),
 .UNSPECIFIED.,.F.,.F.,(4,1,4),(9.10688521011302E-17,0.000892702428172494,
0.0017854048563449),.UNSPECIFIED.);
#75=B_SPLINE_CURVE_WITH_KNOTS('',3,(#2288,#2289,#2290,#2291,#2292),
 .UNSPECIFIED.,.F.,.F.,(4,1,4),(0.,0.00089144319992738,0.00178288639985476),
 .UNSPECIFIED.);
#76=B_SPLINE_CURVE_WITH_KNOTS('',3,(#2299,#2300,#2301,#2302,#2303),
 .UNSPECIFIED.,.F.,.F.,(4,1,4),(5.92391488283441E-17,0.000892702428172462,
0.00178540485634486),.UNSPECIFIED.);
#77=B_SPLINE_CURVE_WITH_KNOTS('',3,(#2307,#2308,#2309,#2310,#2311),
 .UNSPECIFIED.,.F.,.F.,(4,1,4),(0.,0.000891443199927393,0.00178288639985479),
 .UNSPECIFIED.);
#78=B_SPLINE_CURVE_WITH_KNOTS('',3,(#2315,#2316,#2317,#2318,#2319),
 .UNSPECIFIED.,.F.,.F.,(4,1,4),(4.54538103023856E-17,0.000892702428172441,
0.00178540485634484),.UNSPECIFIED.);
#79=B_SPLINE_CURVE_WITH_KNOTS('',3,(#2323,#2324,#2325,#2326,#2327),
 .UNSPECIFIED.,.F.,.F.,(4,1,4),(0.,0.000891443199927429,0.00178288639985486),
 .UNSPECIFIED.);
#80=B_SPLINE_CURVE_WITH_KNOTS('',3,(#4377,#4378,#4379,#4380,#4381),
 .UNSPECIFIED.,.F.,.F.,(4,1,4),(1.00550514372644E-14,0.000892936709035732,
0.00178587341806141),.UNSPECIFIED.);
#81=B_SPLINE_CURVE_WITH_KNOTS('',3,(#5130,#5131,#5132,#5133,#5134),
 .UNSPECIFIED.,.F.,.F.,(4,1,4),(0.,0.000888136692463403,0.00177627338492681),
 .UNSPECIFIED.);
#82=B_SPLINE_CURVE_WITH_KNOTS('',3,(#5494,#5495,#5496,#5497,#5498),
 .UNSPECIFIED.,.F.,.F.,(4,1,4),(1.00530815326792E-14,0.000892936709035774,
0.0017858734180615),.UNSPECIFIED.);
#83=B_SPLINE_CURVE_WITH_KNOTS('',3,(#6247,#6248,#6249,#6250,#6251),
 .UNSPECIFIED.,.F.,.F.,(4,1,4),(1.0842021724855E-18,0.000888136692463383,
0.00177627338492676),.UNSPECIFIED.);
#84=B_SPLINE_CURVE_WITH_KNOTS('',3,(#6611,#6612,#6613,#6614,#6615),
 .UNSPECIFIED.,.F.,.F.,(4,1,4),(1.0071500337697E-14,0.000892936709035786,
0.0017858734180615),.UNSPECIFIED.);
#85=B_SPLINE_CURVE_WITH_KNOTS('',3,(#7364,#7365,#7366,#7367,#7368),
 .UNSPECIFIED.,.F.,.F.,(4,1,4),(0.,0.00088813669246339,0.00177627338492678),
 .UNSPECIFIED.);
#86=B_SPLINE_CURVE_WITH_KNOTS('',3,(#7728,#7729,#7730,#7731,#7732),
 .UNSPECIFIED.,.F.,.F.,(4,1,4),(1.00811430593767E-14,0.000892936709035787,
0.00178587341806149),.UNSPECIFIED.);
#87=B_SPLINE_CURVE_WITH_KNOTS('',3,(#8481,#8482,#8483,#8484,#8485),
 .UNSPECIFIED.,.F.,.F.,(4,1,4),(0.,0.000888136692463432,0.00177627338492686),
 .UNSPECIFIED.);
#88=CIRCLE('',#1542,0.00125);
#89=CIRCLE('',#1543,0.00125);
#90=CIRCLE('',#1545,0.00125);
#91=CIRCLE('',#1546,0.00125);
#92=CIRCLE('',#1548,0.00125);
#93=CIRCLE('',#1549,0.00125);
#94=CIRCLE('',#1551,0.00125);
#95=CIRCLE('',#1552,0.00125);
#96=CIRCLE('',#1555,0.0065);
#97=CIRCLE('',#1556,0.0065);
#98=CIRCLE('',#1557,0.0065);
#99=CIRCLE('',#1558,0.0065);
#100=CIRCLE('',#1566,0.001025);
#101=CIRCLE('',#1567,0.000781430355185626);
#102=CIRCLE('',#1568,0.001025);
#103=CIRCLE('',#1569,0.000781430355185626);
#104=CIRCLE('',#1570,0.001025);
#105=CIRCLE('',#1571,0.000781430355185626);
#106=CIRCLE('',#1572,0.001025);
#107=CIRCLE('',#1573,0.000781430355185626);
#108=CIRCLE('',#1577,0.0065);
#109=CIRCLE('',#1580,0.0065);
#110=CIRCLE('',#1583,0.0065);
#111=CIRCLE('',#1586,0.003);
#112=CIRCLE('',#1587,0.003);
#113=CIRCLE('',#1590,0.003);
#114=CIRCLE('',#1591,0.003);
#115=CIRCLE('',#1594,0.003);
#116=CIRCLE('',#1595,0.003);
#117=CIRCLE('',#1598,0.003);
#118=CIRCLE('',#1599,0.003);
#119=CIRCLE('',#1602,0.0065);
#120=CIRCLE('',#1604,0.00350000000000005);
#121=CIRCLE('',#1605,0.0035);
#122=CIRCLE('',#1606,0.0035);
#123=CIRCLE('',#1607,0.0035);
#124=CIRCLE('',#1610,0.003);
#125=CIRCLE('',#1611,0.003);
#126=CIRCLE('',#1613,0.003);
#127=CIRCLE('',#1615,0.003);
#128=CIRCLE('',#1617,0.003);
#129=CIRCLE('',#1619,0.003);
#130=CIRCLE('',#1621,0.003);
#131=CIRCLE('',#1623,0.003);
#132=CIRCLE('',#1630,0.001025);
#133=CIRCLE('',#1631,0.001025);
#134=CIRCLE('',#1634,0.001025);
#135=CIRCLE('',#1635,0.001025);
#136=CIRCLE('',#1638,0.001025);
#137=CIRCLE('',#1639,0.001025);
#138=CIRCLE('',#1642,0.001025);
#139=CIRCLE('',#1643,0.001025);
#140=CIRCLE('',#1646,0.000781430355185626);
#141=CIRCLE('',#1649,0.000781430355185626);
#142=CIRCLE('',#1652,0.000781430355185626);
#143=CIRCLE('',#1655,0.000781430355185626);
#144=ORIENTED_EDGE('',*,*,#580,.T.);
#145=ORIENTED_EDGE('',*,*,#581,.T.);
#146=ORIENTED_EDGE('',*,*,#582,.F.);
#147=ORIENTED_EDGE('',*,*,#583,.F.);
#148=ORIENTED_EDGE('',*,*,#584,.T.);
#149=ORIENTED_EDGE('',*,*,#585,.T.);
#150=ORIENTED_EDGE('',*,*,#586,.F.);
#151=ORIENTED_EDGE('',*,*,#587,.T.);
#152=ORIENTED_EDGE('',*,*,#588,.T.);
#153=ORIENTED_EDGE('',*,*,#589,.F.);
#154=ORIENTED_EDGE('',*,*,#590,.F.);
#155=ORIENTED_EDGE('',*,*,#591,.T.);
#156=ORIENTED_EDGE('',*,*,#592,.T.);
#157=ORIENTED_EDGE('',*,*,#593,.F.);
#158=ORIENTED_EDGE('',*,*,#594,.F.);
#159=ORIENTED_EDGE('',*,*,#595,.T.);
#160=ORIENTED_EDGE('',*,*,#596,.F.);
#161=ORIENTED_EDGE('',*,*,#597,.T.);
#162=ORIENTED_EDGE('',*,*,#598,.T.);
#163=ORIENTED_EDGE('',*,*,#599,.F.);
#164=ORIENTED_EDGE('',*,*,#600,.F.);
#165=ORIENTED_EDGE('',*,*,#601,.F.);
#166=ORIENTED_EDGE('',*,*,#602,.F.);
#167=ORIENTED_EDGE('',*,*,#601,.T.);
#168=ORIENTED_EDGE('',*,*,#603,.F.);
#169=ORIENTED_EDGE('',*,*,#604,.F.);
#170=ORIENTED_EDGE('',*,*,#605,.T.);
#171=ORIENTED_EDGE('',*,*,#606,.T.);
#172=ORIENTED_EDGE('',*,*,#607,.F.);
#173=ORIENTED_EDGE('',*,*,#608,.F.);
#174=ORIENTED_EDGE('',*,*,#609,.F.);
#175=ORIENTED_EDGE('',*,*,#610,.T.);
#176=ORIENTED_EDGE('',*,*,#611,.T.);
#177=ORIENTED_EDGE('',*,*,#597,.F.);
#178=ORIENTED_EDGE('',*,*,#612,.F.);
#179=ORIENTED_EDGE('',*,*,#586,.T.);
#180=ORIENTED_EDGE('',*,*,#613,.T.);
#181=ORIENTED_EDGE('',*,*,#610,.F.);
#182=ORIENTED_EDGE('',*,*,#614,.T.);
#183=ORIENTED_EDGE('',*,*,#615,.T.);
#184=ORIENTED_EDGE('',*,*,#616,.F.);
#185=ORIENTED_EDGE('',*,*,#617,.F.);
#186=ORIENTED_EDGE('',*,*,#618,.T.);
#187=ORIENTED_EDGE('',*,*,#619,.T.);
#188=ORIENTED_EDGE('',*,*,#620,.F.);
#189=ORIENTED_EDGE('',*,*,#621,.F.);
#190=ORIENTED_EDGE('',*,*,#622,.F.);
#191=ORIENTED_EDGE('',*,*,#623,.F.);
#192=ORIENTED_EDGE('',*,*,#624,.F.);
#193=ORIENTED_EDGE('',*,*,#625,.T.);
#194=ORIENTED_EDGE('',*,*,#626,.T.);
#195=ORIENTED_EDGE('',*,*,#627,.T.);
#196=ORIENTED_EDGE('',*,*,#606,.F.);
#197=ORIENTED_EDGE('',*,*,#628,.T.);
#198=ORIENTED_EDGE('',*,*,#629,.F.);
#199=ORIENTED_EDGE('',*,*,#630,.F.);
#200=ORIENTED_EDGE('',*,*,#631,.F.);
#201=ORIENTED_EDGE('',*,*,#632,.T.);
#202=ORIENTED_EDGE('',*,*,#633,.F.);
#203=ORIENTED_EDGE('',*,*,#634,.F.);
#204=ORIENTED_EDGE('',*,*,#635,.T.);
#205=ORIENTED_EDGE('',*,*,#636,.F.);
#206=ORIENTED_EDGE('',*,*,#637,.F.);
#207=ORIENTED_EDGE('',*,*,#638,.F.);
#208=ORIENTED_EDGE('',*,*,#639,.T.);
#209=ORIENTED_EDGE('',*,*,#640,.T.);
#210=ORIENTED_EDGE('',*,*,#641,.F.);
#211=ORIENTED_EDGE('',*,*,#642,.F.);
#212=ORIENTED_EDGE('',*,*,#643,.F.);
#213=ORIENTED_EDGE('',*,*,#644,.F.);
#214=ORIENTED_EDGE('',*,*,#645,.F.);
#215=ORIENTED_EDGE('',*,*,#646,.T.);
#216=ORIENTED_EDGE('',*,*,#639,.F.);
#217=ORIENTED_EDGE('',*,*,#647,.T.);
#218=ORIENTED_EDGE('',*,*,#646,.F.);
#219=ORIENTED_EDGE('',*,*,#648,.T.);
#220=ORIENTED_EDGE('',*,*,#628,.F.);
#221=ORIENTED_EDGE('',*,*,#605,.F.);
#222=ORIENTED_EDGE('',*,*,#649,.T.);
#223=ORIENTED_EDGE('',*,*,#650,.T.);
#224=ORIENTED_EDGE('',*,*,#651,.F.);
#225=ORIENTED_EDGE('',*,*,#634,.T.);
#226=ORIENTED_EDGE('',*,*,#652,.F.);
#227=ORIENTED_EDGE('',*,*,#641,.T.);
#228=ORIENTED_EDGE('',*,*,#653,.F.);
#229=ORIENTED_EDGE('',*,*,#654,.F.);
#230=ORIENTED_EDGE('',*,*,#603,.T.);
#231=ORIENTED_EDGE('',*,*,#600,.T.);
#232=ORIENTED_EDGE('',*,*,#655,.F.);
#233=ORIENTED_EDGE('',*,*,#637,.T.);
#234=ORIENTED_EDGE('',*,*,#656,.F.);
#235=ORIENTED_EDGE('',*,*,#657,.F.);
#236=ORIENTED_EDGE('',*,*,#625,.F.);
#237=ORIENTED_EDGE('',*,*,#658,.F.);
#238=ORIENTED_EDGE('',*,*,#583,.T.);
#239=ORIENTED_EDGE('',*,*,#659,.T.);
#240=ORIENTED_EDGE('',*,*,#660,.T.);
#241=ORIENTED_EDGE('',*,*,#630,.T.);
#242=ORIENTED_EDGE('',*,*,#661,.F.);
#243=ORIENTED_EDGE('',*,*,#644,.T.);
#244=ORIENTED_EDGE('',*,*,#632,.F.);
#245=ORIENTED_EDGE('',*,*,#662,.F.);
#246=ORIENTED_EDGE('',*,*,#598,.F.);
#247=ORIENTED_EDGE('',*,*,#611,.F.);
#248=ORIENTED_EDGE('',*,*,#613,.F.);
#249=ORIENTED_EDGE('',*,*,#585,.F.);
#250=ORIENTED_EDGE('',*,*,#663,.T.);
#251=ORIENTED_EDGE('',*,*,#623,.T.);
#252=ORIENTED_EDGE('',*,*,#664,.T.);
#253=ORIENTED_EDGE('',*,*,#665,.T.);
#254=ORIENTED_EDGE('',*,*,#635,.F.);
#255=ORIENTED_EDGE('',*,*,#666,.F.);
#256=ORIENTED_EDGE('',*,*,#640,.F.);
#257=ORIENTED_EDGE('',*,*,#650,.F.);
#258=ORIENTED_EDGE('',*,*,#667,.T.);
#259=ORIENTED_EDGE('',*,*,#653,.T.);
#260=ORIENTED_EDGE('',*,*,#668,.F.);
#261=ORIENTED_EDGE('',*,*,#669,.F.);
#262=ORIENTED_EDGE('',*,*,#670,.F.);
#263=ORIENTED_EDGE('',*,*,#671,.F.);
#264=ORIENTED_EDGE('',*,*,#672,.F.);
#265=ORIENTED_EDGE('',*,*,#673,.T.);
#266=ORIENTED_EDGE('',*,*,#674,.F.);
#267=ORIENTED_EDGE('',*,*,#675,.T.);
#268=ORIENTED_EDGE('',*,*,#584,.F.);
#269=ORIENTED_EDGE('',*,*,#658,.T.);
#270=ORIENTED_EDGE('',*,*,#624,.T.);
#271=ORIENTED_EDGE('',*,*,#663,.F.);
#272=ORIENTED_EDGE('',*,*,#649,.F.);
#273=ORIENTED_EDGE('',*,*,#604,.T.);
#274=ORIENTED_EDGE('',*,*,#654,.T.);
#275=ORIENTED_EDGE('',*,*,#667,.F.);
#276=ORIENTED_EDGE('',*,*,#676,.F.);
#277=ORIENTED_EDGE('',*,*,#593,.T.);
#278=ORIENTED_EDGE('',*,*,#677,.T.);
#279=ORIENTED_EDGE('',*,*,#617,.T.);
#280=ORIENTED_EDGE('',*,*,#678,.F.);
#281=ORIENTED_EDGE('',*,*,#594,.T.);
#282=ORIENTED_EDGE('',*,*,#676,.T.);
#283=ORIENTED_EDGE('',*,*,#616,.T.);
#284=ORIENTED_EDGE('',*,*,#595,.F.);
#285=ORIENTED_EDGE('',*,*,#678,.T.);
#286=ORIENTED_EDGE('',*,*,#615,.F.);
#287=ORIENTED_EDGE('',*,*,#679,.F.);
#288=ORIENTED_EDGE('',*,*,#680,.F.);
#289=ORIENTED_EDGE('',*,*,#589,.T.);
#290=ORIENTED_EDGE('',*,*,#681,.T.);
#291=ORIENTED_EDGE('',*,*,#621,.T.);
#292=ORIENTED_EDGE('',*,*,#682,.F.);
#293=ORIENTED_EDGE('',*,*,#590,.T.);
#294=ORIENTED_EDGE('',*,*,#680,.T.);
#295=ORIENTED_EDGE('',*,*,#620,.T.);
#296=ORIENTED_EDGE('',*,*,#683,.T.);
#297=ORIENTED_EDGE('',*,*,#684,.T.);
#298=ORIENTED_EDGE('',*,*,#685,.T.);
#299=ORIENTED_EDGE('',*,*,#686,.T.);
#300=ORIENTED_EDGE('',*,*,#687,.T.);
#301=ORIENTED_EDGE('',*,*,#688,.T.);
#302=ORIENTED_EDGE('',*,*,#689,.T.);
#303=ORIENTED_EDGE('',*,*,#690,.T.);
#304=ORIENTED_EDGE('',*,*,#681,.F.);
#305=ORIENTED_EDGE('',*,*,#588,.F.);
#306=ORIENTED_EDGE('',*,*,#691,.T.);
#307=ORIENTED_EDGE('',*,*,#608,.T.);
#308=ORIENTED_EDGE('',*,*,#692,.F.);
#309=ORIENTED_EDGE('',*,*,#580,.F.);
#310=ORIENTED_EDGE('',*,*,#679,.T.);
#311=ORIENTED_EDGE('',*,*,#614,.F.);
#312=ORIENTED_EDGE('',*,*,#677,.F.);
#313=ORIENTED_EDGE('',*,*,#592,.F.);
#314=ORIENTED_EDGE('',*,*,#693,.T.);
#315=ORIENTED_EDGE('',*,*,#618,.F.);
#316=ORIENTED_EDGE('',*,*,#694,.T.);
#317=ORIENTED_EDGE('',*,*,#695,.T.);
#318=ORIENTED_EDGE('',*,*,#696,.T.);
#319=ORIENTED_EDGE('',*,*,#697,.T.);
#320=ORIENTED_EDGE('',*,*,#698,.T.);
#321=ORIENTED_EDGE('',*,*,#699,.T.);
#322=ORIENTED_EDGE('',*,*,#700,.T.);
#323=ORIENTED_EDGE('',*,*,#701,.T.);
#324=ORIENTED_EDGE('',*,*,#591,.F.);
#325=ORIENTED_EDGE('',*,*,#682,.T.);
#326=ORIENTED_EDGE('',*,*,#619,.F.);
#327=ORIENTED_EDGE('',*,*,#693,.F.);
#328=ORIENTED_EDGE('',*,*,#702,.F.);
#329=ORIENTED_EDGE('',*,*,#703,.T.);
#330=ORIENTED_EDGE('',*,*,#704,.T.);
#331=ORIENTED_EDGE('',*,*,#675,.F.);
#332=ORIENTED_EDGE('',*,*,#705,.F.);
#333=ORIENTED_EDGE('',*,*,#706,.T.);
#334=ORIENTED_EDGE('',*,*,#702,.T.);
#335=ORIENTED_EDGE('',*,*,#674,.T.);
#336=ORIENTED_EDGE('',*,*,#707,.F.);
#337=ORIENTED_EDGE('',*,*,#708,.T.);
#338=ORIENTED_EDGE('',*,*,#705,.T.);
#339=ORIENTED_EDGE('',*,*,#673,.F.);
#340=ORIENTED_EDGE('',*,*,#709,.F.);
#341=ORIENTED_EDGE('',*,*,#710,.T.);
#342=ORIENTED_EDGE('',*,*,#707,.T.);
#343=ORIENTED_EDGE('',*,*,#672,.T.);
#344=ORIENTED_EDGE('',*,*,#711,.F.);
#345=ORIENTED_EDGE('',*,*,#712,.T.);
#346=ORIENTED_EDGE('',*,*,#709,.T.);
#347=ORIENTED_EDGE('',*,*,#671,.T.);
#348=ORIENTED_EDGE('',*,*,#713,.F.);
#349=ORIENTED_EDGE('',*,*,#714,.T.);
#350=ORIENTED_EDGE('',*,*,#711,.T.);
#351=ORIENTED_EDGE('',*,*,#670,.T.);
#352=ORIENTED_EDGE('',*,*,#715,.F.);
#353=ORIENTED_EDGE('',*,*,#716,.T.);
#354=ORIENTED_EDGE('',*,*,#713,.T.);
#355=ORIENTED_EDGE('',*,*,#669,.T.);
#356=ORIENTED_EDGE('',*,*,#717,.F.);
#357=ORIENTED_EDGE('',*,*,#718,.F.);
#358=ORIENTED_EDGE('',*,*,#719,.T.);
#359=ORIENTED_EDGE('',*,*,#720,.T.);
#360=ORIENTED_EDGE('',*,*,#721,.F.);
#361=ORIENTED_EDGE('',*,*,#722,.F.);
#362=ORIENTED_EDGE('',*,*,#723,.T.);
#363=ORIENTED_EDGE('',*,*,#718,.T.);
#364=ORIENTED_EDGE('',*,*,#724,.F.);
#365=ORIENTED_EDGE('',*,*,#725,.F.);
#366=ORIENTED_EDGE('',*,*,#726,.T.);
#367=ORIENTED_EDGE('',*,*,#722,.T.);
#368=ORIENTED_EDGE('',*,*,#727,.T.);
#369=ORIENTED_EDGE('',*,*,#728,.F.);
#370=ORIENTED_EDGE('',*,*,#729,.F.);
#371=ORIENTED_EDGE('',*,*,#725,.T.);
#372=ORIENTED_EDGE('',*,*,#730,.F.);
#373=ORIENTED_EDGE('',*,*,#731,.F.);
#374=ORIENTED_EDGE('',*,*,#732,.T.);
#375=ORIENTED_EDGE('',*,*,#728,.T.);
#376=ORIENTED_EDGE('',*,*,#733,.T.);
#377=ORIENTED_EDGE('',*,*,#734,.F.);
#378=ORIENTED_EDGE('',*,*,#735,.F.);
#379=ORIENTED_EDGE('',*,*,#731,.T.);
#380=ORIENTED_EDGE('',*,*,#736,.F.);
#381=ORIENTED_EDGE('',*,*,#737,.F.);
#382=ORIENTED_EDGE('',*,*,#738,.T.);
#383=ORIENTED_EDGE('',*,*,#734,.T.);
#384=ORIENTED_EDGE('',*,*,#739,.F.);
#385=ORIENTED_EDGE('',*,*,#720,.F.);
#386=ORIENTED_EDGE('',*,*,#740,.T.);
#387=ORIENTED_EDGE('',*,*,#737,.T.);
#388=ORIENTED_EDGE('',*,*,#704,.F.);
#389=ORIENTED_EDGE('',*,*,#741,.T.);
#390=ORIENTED_EDGE('',*,*,#715,.T.);
#391=ORIENTED_EDGE('',*,*,#668,.T.);
#392=ORIENTED_EDGE('',*,*,#742,.T.);
#393=ORIENTED_EDGE('',*,*,#743,.T.);
#394=ORIENTED_EDGE('',*,*,#744,.T.);
#395=ORIENTED_EDGE('',*,*,#745,.T.);
#396=ORIENTED_EDGE('',*,*,#746,.T.);
#397=ORIENTED_EDGE('',*,*,#747,.T.);
#398=ORIENTED_EDGE('',*,*,#748,.T.);
#399=ORIENTED_EDGE('',*,*,#749,.T.);
#400=ORIENTED_EDGE('',*,*,#719,.F.);
#401=ORIENTED_EDGE('',*,*,#723,.F.);
#402=ORIENTED_EDGE('',*,*,#726,.F.);
#403=ORIENTED_EDGE('',*,*,#729,.T.);
#404=ORIENTED_EDGE('',*,*,#732,.F.);
#405=ORIENTED_EDGE('',*,*,#735,.T.);
#406=ORIENTED_EDGE('',*,*,#738,.F.);
#407=ORIENTED_EDGE('',*,*,#740,.F.);
#408=ORIENTED_EDGE('',*,*,#721,.T.);
#409=ORIENTED_EDGE('',*,*,#717,.T.);
#410=ORIENTED_EDGE('',*,*,#739,.T.);
#411=ORIENTED_EDGE('',*,*,#736,.T.);
#412=ORIENTED_EDGE('',*,*,#733,.F.);
#413=ORIENTED_EDGE('',*,*,#730,.T.);
#414=ORIENTED_EDGE('',*,*,#727,.F.);
#415=ORIENTED_EDGE('',*,*,#724,.T.);
#416=ORIENTED_EDGE('',*,*,#750,.F.);
#417=ORIENTED_EDGE('',*,*,#706,.F.);
#418=ORIENTED_EDGE('',*,*,#751,.F.);
#419=ORIENTED_EDGE('',*,*,#747,.F.);
#420=ORIENTED_EDGE('',*,*,#751,.T.);
#421=ORIENTED_EDGE('',*,*,#708,.F.);
#422=ORIENTED_EDGE('',*,*,#752,.F.);
#423=ORIENTED_EDGE('',*,*,#748,.F.);
#424=ORIENTED_EDGE('',*,*,#750,.T.);
#425=ORIENTED_EDGE('',*,*,#746,.F.);
#426=ORIENTED_EDGE('',*,*,#753,.F.);
#427=ORIENTED_EDGE('',*,*,#703,.F.);
#428=ORIENTED_EDGE('',*,*,#752,.T.);
#429=ORIENTED_EDGE('',*,*,#710,.F.);
#430=ORIENTED_EDGE('',*,*,#754,.F.);
#431=ORIENTED_EDGE('',*,*,#749,.F.);
#432=ORIENTED_EDGE('',*,*,#753,.T.);
#433=ORIENTED_EDGE('',*,*,#745,.F.);
#434=ORIENTED_EDGE('',*,*,#755,.F.);
#435=ORIENTED_EDGE('',*,*,#741,.F.);
#436=ORIENTED_EDGE('',*,*,#754,.T.);
#437=ORIENTED_EDGE('',*,*,#712,.F.);
#438=ORIENTED_EDGE('',*,*,#756,.F.);
#439=ORIENTED_EDGE('',*,*,#742,.F.);
#440=ORIENTED_EDGE('',*,*,#755,.T.);
#441=ORIENTED_EDGE('',*,*,#744,.F.);
#442=ORIENTED_EDGE('',*,*,#757,.F.);
#443=ORIENTED_EDGE('',*,*,#716,.F.);
#444=ORIENTED_EDGE('',*,*,#756,.T.);
#445=ORIENTED_EDGE('',*,*,#714,.F.);
#446=ORIENTED_EDGE('',*,*,#757,.T.);
#447=ORIENTED_EDGE('',*,*,#743,.F.);
#448=ORIENTED_EDGE('',*,*,#629,.T.);
#449=ORIENTED_EDGE('',*,*,#648,.F.);
#450=ORIENTED_EDGE('',*,*,#645,.T.);
#451=ORIENTED_EDGE('',*,*,#661,.T.);
#452=ORIENTED_EDGE('',*,*,#643,.T.);
#453=ORIENTED_EDGE('',*,*,#647,.F.);
#454=ORIENTED_EDGE('',*,*,#638,.T.);
#455=ORIENTED_EDGE('',*,*,#655,.T.);
#456=ORIENTED_EDGE('',*,*,#642,.T.);
#457=ORIENTED_EDGE('',*,*,#652,.T.);
#458=ORIENTED_EDGE('',*,*,#633,.T.);
#459=ORIENTED_EDGE('',*,*,#666,.T.);
#460=ORIENTED_EDGE('',*,*,#631,.T.);
#461=ORIENTED_EDGE('',*,*,#651,.T.);
#462=ORIENTED_EDGE('',*,*,#599,.T.);
#463=ORIENTED_EDGE('',*,*,#662,.T.);
#464=ORIENTED_EDGE('',*,*,#758,.F.);
#465=ORIENTED_EDGE('',*,*,#759,.F.);
#466=ORIENTED_EDGE('',*,*,#760,.F.);
#467=ORIENTED_EDGE('',*,*,#687,.F.);
#468=ORIENTED_EDGE('',*,*,#761,.T.);
#469=ORIENTED_EDGE('',*,*,#758,.T.);
#470=ORIENTED_EDGE('',*,*,#762,.F.);
#471=ORIENTED_EDGE('',*,*,#763,.F.);
#472=ORIENTED_EDGE('',*,*,#764,.F.);
#473=ORIENTED_EDGE('',*,*,#683,.F.);
#474=ORIENTED_EDGE('',*,*,#765,.T.);
#475=ORIENTED_EDGE('',*,*,#762,.T.);
#476=ORIENTED_EDGE('',*,*,#766,.F.);
#477=ORIENTED_EDGE('',*,*,#767,.F.);
#478=ORIENTED_EDGE('',*,*,#768,.F.);
#479=ORIENTED_EDGE('',*,*,#698,.F.);
#480=ORIENTED_EDGE('',*,*,#769,.T.);
#481=ORIENTED_EDGE('',*,*,#766,.T.);
#482=ORIENTED_EDGE('',*,*,#770,.F.);
#483=ORIENTED_EDGE('',*,*,#771,.F.);
#484=ORIENTED_EDGE('',*,*,#772,.F.);
#485=ORIENTED_EDGE('',*,*,#694,.F.);
#486=ORIENTED_EDGE('',*,*,#773,.T.);
#487=ORIENTED_EDGE('',*,*,#770,.T.);
#488=ORIENTED_EDGE('',*,*,#774,.F.);
#489=ORIENTED_EDGE('',*,*,#775,.F.);
#490=ORIENTED_EDGE('',*,*,#695,.F.);
#491=ORIENTED_EDGE('',*,*,#772,.T.);
#492=ORIENTED_EDGE('',*,*,#776,.F.);
#493=ORIENTED_EDGE('',*,*,#777,.F.);
#494=ORIENTED_EDGE('',*,*,#696,.F.);
#495=ORIENTED_EDGE('',*,*,#775,.T.);
#496=ORIENTED_EDGE('',*,*,#778,.F.);
#497=ORIENTED_EDGE('',*,*,#773,.F.);
#498=ORIENTED_EDGE('',*,*,#697,.F.);
#499=ORIENTED_EDGE('',*,*,#777,.T.);
#500=ORIENTED_EDGE('',*,*,#771,.T.);
#501=ORIENTED_EDGE('',*,*,#778,.T.);
#502=ORIENTED_EDGE('',*,*,#776,.T.);
#503=ORIENTED_EDGE('',*,*,#774,.T.);
#504=ORIENTED_EDGE('',*,*,#779,.F.);
#505=ORIENTED_EDGE('',*,*,#780,.F.);
#506=ORIENTED_EDGE('',*,*,#699,.F.);
#507=ORIENTED_EDGE('',*,*,#768,.T.);
#508=ORIENTED_EDGE('',*,*,#781,.F.);
#509=ORIENTED_EDGE('',*,*,#782,.F.);
#510=ORIENTED_EDGE('',*,*,#700,.F.);
#511=ORIENTED_EDGE('',*,*,#780,.T.);
#512=ORIENTED_EDGE('',*,*,#783,.F.);
#513=ORIENTED_EDGE('',*,*,#769,.F.);
#514=ORIENTED_EDGE('',*,*,#701,.F.);
#515=ORIENTED_EDGE('',*,*,#782,.T.);
#516=ORIENTED_EDGE('',*,*,#767,.T.);
#517=ORIENTED_EDGE('',*,*,#783,.T.);
#518=ORIENTED_EDGE('',*,*,#781,.T.);
#519=ORIENTED_EDGE('',*,*,#779,.T.);
#520=ORIENTED_EDGE('',*,*,#784,.F.);
#521=ORIENTED_EDGE('',*,*,#785,.F.);
#522=ORIENTED_EDGE('',*,*,#684,.F.);
#523=ORIENTED_EDGE('',*,*,#764,.T.);
#524=ORIENTED_EDGE('',*,*,#786,.F.);
#525=ORIENTED_EDGE('',*,*,#787,.F.);
#526=ORIENTED_EDGE('',*,*,#685,.F.);
#527=ORIENTED_EDGE('',*,*,#785,.T.);
#528=ORIENTED_EDGE('',*,*,#788,.F.);
#529=ORIENTED_EDGE('',*,*,#765,.F.);
#530=ORIENTED_EDGE('',*,*,#686,.F.);
#531=ORIENTED_EDGE('',*,*,#787,.T.);
#532=ORIENTED_EDGE('',*,*,#763,.T.);
#533=ORIENTED_EDGE('',*,*,#788,.T.);
#534=ORIENTED_EDGE('',*,*,#786,.T.);
#535=ORIENTED_EDGE('',*,*,#784,.T.);
#536=ORIENTED_EDGE('',*,*,#789,.F.);
#537=ORIENTED_EDGE('',*,*,#790,.F.);
#538=ORIENTED_EDGE('',*,*,#688,.F.);
#539=ORIENTED_EDGE('',*,*,#760,.T.);
#540=ORIENTED_EDGE('',*,*,#791,.F.);
#541=ORIENTED_EDGE('',*,*,#792,.F.);
#542=ORIENTED_EDGE('',*,*,#689,.F.);
#543=ORIENTED_EDGE('',*,*,#790,.T.);
#544=ORIENTED_EDGE('',*,*,#793,.F.);
#545=ORIENTED_EDGE('',*,*,#761,.F.);
#546=ORIENTED_EDGE('',*,*,#690,.F.);
#547=ORIENTED_EDGE('',*,*,#792,.T.);
#548=ORIENTED_EDGE('',*,*,#759,.T.);
#549=ORIENTED_EDGE('',*,*,#793,.T.);
#550=ORIENTED_EDGE('',*,*,#791,.T.);
#551=ORIENTED_EDGE('',*,*,#789,.T.);
#552=ORIENTED_EDGE('',*,*,#636,.T.);
#553=ORIENTED_EDGE('',*,*,#665,.F.);
#554=ORIENTED_EDGE('',*,*,#794,.F.);
#555=ORIENTED_EDGE('',*,*,#656,.T.);
#556=ORIENTED_EDGE('',*,*,#664,.F.);
#557=ORIENTED_EDGE('',*,*,#622,.T.);
#558=ORIENTED_EDGE('',*,*,#657,.T.);
#559=ORIENTED_EDGE('',*,*,#794,.T.);
#560=ORIENTED_EDGE('',*,*,#795,.F.);
#561=ORIENTED_EDGE('',*,*,#626,.F.);
#562=ORIENTED_EDGE('',*,*,#660,.F.);
#563=ORIENTED_EDGE('',*,*,#796,.T.);
#564=ORIENTED_EDGE('',*,*,#797,.F.);
#565=ORIENTED_EDGE('',*,*,#796,.F.);
#566=ORIENTED_EDGE('',*,*,#659,.F.);
#567=ORIENTED_EDGE('',*,*,#582,.T.);
#568=ORIENTED_EDGE('',*,*,#609,.T.);
#569=ORIENTED_EDGE('',*,*,#596,.T.);
#570=ORIENTED_EDGE('',*,*,#602,.T.);
#571=ORIENTED_EDGE('',*,*,#691,.F.);
#572=ORIENTED_EDGE('',*,*,#587,.F.);
#573=ORIENTED_EDGE('',*,*,#612,.T.);
#574=ORIENTED_EDGE('',*,*,#795,.T.);
#575=ORIENTED_EDGE('',*,*,#797,.T.);
#576=ORIENTED_EDGE('',*,*,#581,.F.);
#577=ORIENTED_EDGE('',*,*,#692,.T.);
#578=ORIENTED_EDGE('',*,*,#607,.T.);
#579=ORIENTED_EDGE('',*,*,#627,.F.);
#580=EDGE_CURVE('',#798,#799,#942,.T.);
#581=EDGE_CURVE('',#799,#800,#943,.T.);
#582=EDGE_CURVE('',#801,#800,#944,.T.);
#583=EDGE_CURVE('',#802,#801,#945,.T.);
#584=EDGE_CURVE('',#802,#803,#946,.T.);
#585=EDGE_CURVE('',#803,#804,#947,.T.);
#586=EDGE_CURVE('',#805,#804,#948,.T.);
#587=EDGE_CURVE('',#805,#806,#949,.T.);
#588=EDGE_CURVE('',#806,#807,#950,.T.);
#589=EDGE_CURVE('',#808,#807,#951,.T.);
#590=EDGE_CURVE('',#809,#808,#952,.T.);
#591=EDGE_CURVE('',#809,#810,#953,.T.);
#592=EDGE_CURVE('',#810,#811,#954,.T.);
#593=EDGE_CURVE('',#812,#811,#955,.T.);
#594=EDGE_CURVE('',#813,#812,#956,.T.);
#595=EDGE_CURVE('',#813,#798,#957,.T.);
#596=EDGE_CURVE('',#814,#815,#958,.T.);
#597=EDGE_CURVE('',#814,#816,#959,.T.);
#598=EDGE_CURVE('',#816,#817,#960,.T.);
#599=EDGE_CURVE('',#818,#817,#961,.T.);
#600=EDGE_CURVE('',#819,#818,#962,.T.);
#601=EDGE_CURVE('',#815,#819,#963,.T.);
#602=EDGE_CURVE('',#815,#820,#964,.T.);
#603=EDGE_CURVE('',#821,#819,#965,.T.);
#604=EDGE_CURVE('',#822,#821,#966,.T.);
#605=EDGE_CURVE('',#822,#823,#967,.T.);
#606=EDGE_CURVE('',#823,#824,#968,.T.);
#607=EDGE_CURVE('',#825,#824,#969,.T.);
#608=EDGE_CURVE('',#820,#825,#970,.T.);
#609=EDGE_CURVE('',#826,#814,#971,.T.);
#610=EDGE_CURVE('',#826,#827,#972,.T.);
#611=EDGE_CURVE('',#827,#816,#973,.T.);
#612=EDGE_CURVE('',#805,#826,#974,.T.);
#613=EDGE_CURVE('',#804,#827,#975,.T.);
#614=EDGE_CURVE('',#828,#829,#976,.T.);
#615=EDGE_CURVE('',#829,#830,#977,.T.);
#616=EDGE_CURVE('',#831,#830,#978,.T.);
#617=EDGE_CURVE('',#828,#831,#979,.T.);
#618=EDGE_CURVE('',#832,#833,#980,.T.);
#619=EDGE_CURVE('',#833,#834,#981,.T.);
#620=EDGE_CURVE('',#835,#834,#982,.T.);
#621=EDGE_CURVE('',#832,#835,#983,.T.);
#622=EDGE_CURVE('',#836,#837,#984,.T.);
#623=EDGE_CURVE('',#838,#836,#985,.T.);
#624=EDGE_CURVE('',#839,#838,#986,.T.);
#625=EDGE_CURVE('',#839,#837,#987,.T.);
#626=EDGE_CURVE('',#840,#841,#988,.T.);
#627=EDGE_CURVE('',#841,#824,#989,.T.);
#628=EDGE_CURVE('',#823,#842,#990,.T.);
#629=EDGE_CURVE('',#843,#842,#991,.F.);
#630=EDGE_CURVE('',#840,#843,#992,.T.);
#631=EDGE_CURVE('',#844,#845,#993,.F.);
#632=EDGE_CURVE('',#844,#846,#994,.T.);
#633=EDGE_CURVE('',#847,#846,#995,.T.);
#634=EDGE_CURVE('',#845,#847,#996,.T.);
#635=EDGE_CURVE('',#848,#849,#997,.T.);
#636=EDGE_CURVE('',#850,#849,#998,.T.);
#637=EDGE_CURVE('',#851,#850,#999,.T.);
#638=EDGE_CURVE('',#852,#851,#1000,.T.);
#639=EDGE_CURVE('',#852,#853,#1001,.T.);
#640=EDGE_CURVE('',#853,#854,#1002,.T.);
#641=EDGE_CURVE('',#855,#854,#1003,.T.);
#642=EDGE_CURVE('',#848,#855,#1004,.F.);
#643=EDGE_CURVE('',#856,#857,#1005,.F.);
#644=EDGE_CURVE('',#858,#856,#1006,.T.);
#645=EDGE_CURVE('',#859,#858,#1007,.T.);
#646=EDGE_CURVE('',#859,#857,#1008,.T.);
#647=EDGE_CURVE('',#852,#857,#88,.F.);
#648=EDGE_CURVE('',#859,#842,#89,.F.);
#649=EDGE_CURVE('',#822,#860,#1009,.T.);
#650=EDGE_CURVE('',#860,#853,#1010,.T.);
#651=EDGE_CURVE('',#845,#818,#90,.F.);
#652=EDGE_CURVE('',#855,#847,#91,.F.);
#653=EDGE_CURVE('',#861,#854,#1011,.T.);
#654=EDGE_CURVE('',#821,#861,#1012,.T.);
#655=EDGE_CURVE('',#851,#856,#92,.T.);
#656=EDGE_CURVE('',#862,#850,#1013,.T.);
#657=EDGE_CURVE('',#837,#862,#1014,.T.);
#658=EDGE_CURVE('',#802,#839,#1015,.T.);
#659=EDGE_CURVE('',#801,#863,#1016,.T.);
#660=EDGE_CURVE('',#863,#840,#1017,.T.);
#661=EDGE_CURVE('',#858,#843,#93,.T.);
#662=EDGE_CURVE('',#817,#844,#94,.T.);
#663=EDGE_CURVE('',#803,#838,#1018,.T.);
#664=EDGE_CURVE('',#836,#864,#1019,.T.);
#665=EDGE_CURVE('',#864,#849,#1020,.T.);
#666=EDGE_CURVE('',#846,#848,#95,.T.);
#667=EDGE_CURVE('',#860,#861,#1021,.T.);
#668=EDGE_CURVE('',#865,#866,#96,.T.);
#669=EDGE_CURVE('',#867,#865,#1022,.T.);
#670=EDGE_CURVE('',#868,#867,#97,.T.);
#671=EDGE_CURVE('',#869,#868,#1023,.T.);
#672=EDGE_CURVE('',#870,#869,#98,.T.);
#673=EDGE_CURVE('',#870,#871,#1024,.T.);
#674=EDGE_CURVE('',#872,#871,#99,.T.);
#675=EDGE_CURVE('',#872,#866,#1025,.T.);
#676=EDGE_CURVE('',#812,#831,#1026,.T.);
#677=EDGE_CURVE('',#811,#828,#1027,.T.);
#678=EDGE_CURVE('',#813,#830,#1028,.T.);
#679=EDGE_CURVE('',#798,#829,#1029,.T.);
#680=EDGE_CURVE('',#808,#835,#1030,.T.);
#681=EDGE_CURVE('',#807,#832,#1031,.T.);
#682=EDGE_CURVE('',#809,#834,#1032,.T.);
#683=EDGE_CURVE('',#873,#874,#100,.F.);
#684=EDGE_CURVE('',#874,#875,#72,.T.);
#685=EDGE_CURVE('',#875,#876,#101,.T.);
#686=EDGE_CURVE('',#876,#873,#73,.T.);
#687=EDGE_CURVE('',#877,#878,#102,.F.);
#688=EDGE_CURVE('',#878,#879,#74,.T.);
#689=EDGE_CURVE('',#879,#880,#103,.T.);
#690=EDGE_CURVE('',#880,#877,#75,.T.);
#691=EDGE_CURVE('',#806,#820,#1033,.T.);
#692=EDGE_CURVE('',#799,#825,#1034,.T.);
#693=EDGE_CURVE('',#810,#833,#1035,.T.);
#694=EDGE_CURVE('',#881,#882,#104,.F.);
#695=EDGE_CURVE('',#882,#883,#76,.T.);
#696=EDGE_CURVE('',#883,#884,#105,.T.);
#697=EDGE_CURVE('',#884,#881,#77,.T.);
#698=EDGE_CURVE('',#885,#886,#106,.F.);
#699=EDGE_CURVE('',#886,#887,#78,.T.);
#700=EDGE_CURVE('',#887,#888,#107,.T.);
#701=EDGE_CURVE('',#888,#885,#79,.T.);
#702=EDGE_CURVE('',#889,#872,#1036,.T.);
#703=EDGE_CURVE('',#889,#890,#1037,.T.);
#704=EDGE_CURVE('',#890,#866,#1038,.T.);
#705=EDGE_CURVE('',#891,#871,#1039,.T.);
#706=EDGE_CURVE('',#891,#889,#108,.F.);
#707=EDGE_CURVE('',#892,#870,#1040,.T.);
#708=EDGE_CURVE('',#892,#891,#1041,.T.);
#709=EDGE_CURVE('',#893,#869,#1042,.T.);
#710=EDGE_CURVE('',#893,#892,#109,.F.);
#711=EDGE_CURVE('',#894,#868,#1043,.T.);
#712=EDGE_CURVE('',#894,#893,#1044,.F.);
#713=EDGE_CURVE('',#895,#867,#1045,.T.);
#714=EDGE_CURVE('',#895,#894,#110,.F.);
#715=EDGE_CURVE('',#896,#865,#1046,.T.);
#716=EDGE_CURVE('',#896,#895,#1047,.F.);
#717=EDGE_CURVE('',#897,#898,#111,.T.);
#718=EDGE_CURVE('',#899,#897,#1048,.T.);
#719=EDGE_CURVE('',#899,#900,#112,.T.);
#720=EDGE_CURVE('',#900,#898,#1049,.T.);
#721=EDGE_CURVE('',#901,#897,#1050,.T.);
#722=EDGE_CURVE('',#902,#901,#1051,.T.);
#723=EDGE_CURVE('',#902,#899,#1052,.T.);
#724=EDGE_CURVE('',#903,#901,#113,.T.);
#725=EDGE_CURVE('',#904,#903,#1053,.T.);
#726=EDGE_CURVE('',#904,#902,#114,.T.);
#727=EDGE_CURVE('',#903,#905,#1054,.T.);
#728=EDGE_CURVE('',#906,#905,#1055,.T.);
#729=EDGE_CURVE('',#904,#906,#1056,.T.);
#730=EDGE_CURVE('',#907,#905,#115,.T.);
#731=EDGE_CURVE('',#908,#907,#1057,.T.);
#732=EDGE_CURVE('',#908,#906,#116,.T.);
#733=EDGE_CURVE('',#907,#909,#1058,.T.);
#734=EDGE_CURVE('',#910,#909,#1059,.T.);
#735=EDGE_CURVE('',#908,#910,#1060,.T.);
#736=EDGE_CURVE('',#911,#909,#117,.T.);
#737=EDGE_CURVE('',#912,#911,#1061,.T.);
#738=EDGE_CURVE('',#912,#910,#118,.T.);
#739=EDGE_CURVE('',#898,#911,#1062,.T.);
#740=EDGE_CURVE('',#900,#912,#1063,.T.);
#741=EDGE_CURVE('',#890,#896,#119,.F.);
#742=EDGE_CURVE('',#913,#914,#1064,.T.);
#743=EDGE_CURVE('',#914,#915,#120,.T.);
#744=EDGE_CURVE('',#915,#916,#1065,.T.);
#745=EDGE_CURVE('',#916,#917,#121,.T.);
#746=EDGE_CURVE('',#917,#918,#1066,.F.);
#747=EDGE_CURVE('',#918,#919,#122,.T.);
#748=EDGE_CURVE('',#919,#920,#1067,.F.);
#749=EDGE_CURVE('',#920,#913,#123,.T.);
#750=EDGE_CURVE('',#889,#918,#124,.T.);
#751=EDGE_CURVE('',#919,#891,#125,.T.);
#752=EDGE_CURVE('',#920,#892,#126,.T.);
#753=EDGE_CURVE('',#890,#917,#127,.T.);
#754=EDGE_CURVE('',#913,#893,#128,.T.);
#755=EDGE_CURVE('',#896,#916,#129,.T.);
#756=EDGE_CURVE('',#914,#894,#130,.T.);
#757=EDGE_CURVE('',#895,#915,#131,.T.);
#758=EDGE_CURVE('',#922,#923,#132,.T.);
#759=EDGE_CURVE('',#923,#922,#133,.F.);
#760=EDGE_CURVE('',#878,#923,#20,.T.);
#761=EDGE_CURVE('',#877,#922,#21,.T.);
#762=EDGE_CURVE('',#925,#926,#134,.T.);
#763=EDGE_CURVE('',#926,#925,#135,.F.);
#764=EDGE_CURVE('',#874,#926,#22,.T.);
#765=EDGE_CURVE('',#873,#925,#23,.T.);
#766=EDGE_CURVE('',#928,#929,#136,.T.);
#767=EDGE_CURVE('',#929,#928,#137,.F.);
#768=EDGE_CURVE('',#886,#929,#24,.T.);
#769=EDGE_CURVE('',#885,#928,#25,.T.);
#770=EDGE_CURVE('',#931,#932,#138,.T.);
#771=EDGE_CURVE('',#932,#931,#139,.F.);
#772=EDGE_CURVE('',#882,#932,#26,.T.);
#773=EDGE_CURVE('',#881,#931,#27,.T.);
#774=EDGE_CURVE('',#933,#932,#80,.T.);
#775=EDGE_CURVE('',#883,#933,#28,.T.);
#776=EDGE_CURVE('',#934,#933,#140,.T.);
#777=EDGE_CURVE('',#884,#934,#29,.T.);
#778=EDGE_CURVE('',#931,#934,#81,.T.);
#779=EDGE_CURVE('',#935,#929,#82,.T.);
#780=EDGE_CURVE('',#887,#935,#30,.T.);
#781=EDGE_CURVE('',#936,#935,#141,.T.);
#782=EDGE_CURVE('',#888,#936,#31,.T.);
#783=EDGE_CURVE('',#928,#936,#83,.T.);
#784=EDGE_CURVE('',#937,#926,#84,.T.);
#785=EDGE_CURVE('',#875,#937,#32,.T.);
#786=EDGE_CURVE('',#938,#937,#142,.T.);
#787=EDGE_CURVE('',#876,#938,#33,.T.);
#788=EDGE_CURVE('',#925,#938,#85,.T.);
#789=EDGE_CURVE('',#939,#923,#86,.T.);
#790=EDGE_CURVE('',#879,#939,#34,.T.);
#791=EDGE_CURVE('',#940,#939,#143,.T.);
#792=EDGE_CURVE('',#880,#940,#35,.T.);
#793=EDGE_CURVE('',#922,#940,#87,.T.);
#794=EDGE_CURVE('',#862,#864,#1068,.T.);
#795=EDGE_CURVE('',#841,#941,#1069,.T.);
#796=EDGE_CURVE('',#863,#941,#1070,.T.);
#797=EDGE_CURVE('',#941,#800,#1071,.T.);
#798=VERTEX_POINT('',#2062);
#799=VERTEX_POINT('',#2063);
#800=VERTEX_POINT('',#2065);
#801=VERTEX_POINT('',#2067);
#802=VERTEX_POINT('',#2069);
#803=VERTEX_POINT('',#2071);
#804=VERTEX_POINT('',#2073);
#805=VERTEX_POINT('',#2075);
#806=VERTEX_POINT('',#2077);
#807=VERTEX_POINT('',#2079);
#808=VERTEX_POINT('',#2081);
#809=VERTEX_POINT('',#2083);
#810=VERTEX_POINT('',#2085);
#811=VERTEX_POINT('',#2087);
#812=VERTEX_POINT('',#2089);
#813=VERTEX_POINT('',#2091);
#814=VERTEX_POINT('',#2095);
#815=VERTEX_POINT('',#2096);
#816=VERTEX_POINT('',#2098);
#817=VERTEX_POINT('',#2100);
#818=VERTEX_POINT('',#2102);
#819=VERTEX_POINT('',#2104);
#820=VERTEX_POINT('',#2108);
#821=VERTEX_POINT('',#2110);
#822=VERTEX_POINT('',#2112);
#823=VERTEX_POINT('',#2114);
#824=VERTEX_POINT('',#2116);
#825=VERTEX_POINT('',#2118);
#826=VERTEX_POINT('',#2122);
#827=VERTEX_POINT('',#2124);
#828=VERTEX_POINT('',#2131);
#829=VERTEX_POINT('',#2132);
#830=VERTEX_POINT('',#2134);
#831=VERTEX_POINT('',#2136);
#832=VERTEX_POINT('',#2139);
#833=VERTEX_POINT('',#2140);
#834=VERTEX_POINT('',#2142);
#835=VERTEX_POINT('',#2144);
#836=VERTEX_POINT('',#2147);
#837=VERTEX_POINT('',#2148);
#838=VERTEX_POINT('',#2150);
#839=VERTEX_POINT('',#2152);
#840=VERTEX_POINT('',#2156);
#841=VERTEX_POINT('',#2157);
#842=VERTEX_POINT('',#2160);
#843=VERTEX_POINT('',#2162);
#844=VERTEX_POINT('',#2166);
#845=VERTEX_POINT('',#2167);
#846=VERTEX_POINT('',#2169);
#847=VERTEX_POINT('',#2171);
#848=VERTEX_POINT('',#2175);
#849=VERTEX_POINT('',#2176);
#850=VERTEX_POINT('',#2178);
#851=VERTEX_POINT('',#2180);
#852=VERTEX_POINT('',#2182);
#853=VERTEX_POINT('',#2184);
#854=VERTEX_POINT('',#2186);
#855=VERTEX_POINT('',#2188);
#856=VERTEX_POINT('',#2192);
#857=VERTEX_POINT('',#2193);
#858=VERTEX_POINT('',#2195);
#859=VERTEX_POINT('',#2197);
#860=VERTEX_POINT('',#2203);
#861=VERTEX_POINT('',#2209);
#862=VERTEX_POINT('',#2214);
#863=VERTEX_POINT('',#2218);
#864=VERTEX_POINT('',#2225);
#865=VERTEX_POINT('',#2232);
#866=VERTEX_POINT('',#2233);
#867=VERTEX_POINT('',#2235);
#868=VERTEX_POINT('',#2237);
#869=VERTEX_POINT('',#2239);
#870=VERTEX_POINT('',#2241);
#871=VERTEX_POINT('',#2243);
#872=VERTEX_POINT('',#2245);
#873=VERTEX_POINT('',#2262);
#874=VERTEX_POINT('',#2263);
#875=VERTEX_POINT('',#2269);
#876=VERTEX_POINT('',#2271);
#877=VERTEX_POINT('',#2278);
#878=VERTEX_POINT('',#2279);
#879=VERTEX_POINT('',#2285);
#880=VERTEX_POINT('',#2287);
#881=VERTEX_POINT('',#2297);
#882=VERTEX_POINT('',#2298);
#883=VERTEX_POINT('',#2304);
#884=VERTEX_POINT('',#2306);
#885=VERTEX_POINT('',#2313);
#886=VERTEX_POINT('',#2314);
#887=VERTEX_POINT('',#2320);
#888=VERTEX_POINT('',#2322);
#889=VERTEX_POINT('',#2331);
#890=VERTEX_POINT('',#2333);
#891=VERTEX_POINT('',#2337);
#892=VERTEX_POINT('',#2341);
#893=VERTEX_POINT('',#2345);
#894=VERTEX_POINT('',#2349);
#895=VERTEX_POINT('',#2353);
#896=VERTEX_POINT('',#2357);
#897=VERTEX_POINT('',#2361);
#898=VERTEX_POINT('',#2362);
#899=VERTEX_POINT('',#2364);
#900=VERTEX_POINT('',#2366);
#901=VERTEX_POINT('',#2370);
#902=VERTEX_POINT('',#2372);
#903=VERTEX_POINT('',#2376);
#904=VERTEX_POINT('',#2378);
#905=VERTEX_POINT('',#2382);
#906=VERTEX_POINT('',#2384);
#907=VERTEX_POINT('',#2388);
#908=VERTEX_POINT('',#2390);
#909=VERTEX_POINT('',#2394);
#910=VERTEX_POINT('',#2396);
#911=VERTEX_POINT('',#2400);
#912=VERTEX_POINT('',#2402);
#913=VERTEX_POINT('',#2411);
#914=VERTEX_POINT('',#2412);
#915=VERTEX_POINT('',#2414);
#916=VERTEX_POINT('',#2416);
#917=VERTEX_POINT('',#2418);
#918=VERTEX_POINT('',#2420);
#919=VERTEX_POINT('',#2422);
#920=VERTEX_POINT('',#2424);
#921=VERTEX_POINT('',#2448);
#922=VERTEX_POINT('',#2450);
#923=VERTEX_POINT('',#2451);
#924=VERTEX_POINT('',#2841);
#925=VERTEX_POINT('',#2843);
#926=VERTEX_POINT('',#2844);
#927=VERTEX_POINT('',#3234);
#928=VERTEX_POINT('',#3236);
#929=VERTEX_POINT('',#3237);
#930=VERTEX_POINT('',#3627);
#931=VERTEX_POINT('',#3629);
#932=VERTEX_POINT('',#3630);
#933=VERTEX_POINT('',#4382);
#934=VERTEX_POINT('',#4578);
#935=VERTEX_POINT('',#5499);
#936=VERTEX_POINT('',#5695);
#937=VERTEX_POINT('',#6616);
#938=VERTEX_POINT('',#6812);
#939=VERTEX_POINT('',#7733);
#940=VERTEX_POINT('',#7929);
#941=VERTEX_POINT('',#8492);
#942=LINE('',#2061,#1072);
#943=LINE('',#2064,#1073);
#944=LINE('',#2066,#1074);
#945=LINE('',#2068,#1075);
#946=LINE('',#2070,#1076);
#947=LINE('',#2072,#1077);
#948=LINE('',#2074,#1078);
#949=LINE('',#2076,#1079);
#950=LINE('',#2078,#1080);
#951=LINE('',#2080,#1081);
#952=LINE('',#2082,#1082);
#953=LINE('',#2084,#1083);
#954=LINE('',#2086,#1084);
#955=LINE('',#2088,#1085);
#956=LINE('',#2090,#1086);
#957=LINE('',#2092,#1087);
#958=LINE('',#2094,#1088);
#959=LINE('',#2097,#1089);
#960=LINE('',#2099,#1090);
#961=LINE('',#2101,#1091);
#962=LINE('',#2103,#1092);
#963=LINE('',#2105,#1093);
#964=LINE('',#2107,#1094);
#965=LINE('',#2109,#1095);
#966=LINE('',#2111,#1096);
#967=LINE('',#2113,#1097);
#968=LINE('',#2115,#1098);
#969=LINE('',#2117,#1099);
#970=LINE('',#2119,#1100);
#971=LINE('',#2121,#1101);
#972=LINE('',#2123,#1102);
#973=LINE('',#2125,#1103);
#974=LINE('',#2127,#1104);
#975=LINE('',#2128,#1105);
#976=LINE('',#2130,#1106);
#977=LINE('',#2133,#1107);
#978=LINE('',#2135,#1108);
#979=LINE('',#2137,#1109);
#980=LINE('',#2138,#1110);
#981=LINE('',#2141,#1111);
#982=LINE('',#2143,#1112);
#983=LINE('',#2145,#1113);
#984=LINE('',#2146,#1114);
#985=LINE('',#2149,#1115);
#986=LINE('',#2151,#1116);
#987=LINE('',#2153,#1117);
#988=LINE('',#2155,#1118);
#989=LINE('',#2158,#1119);
#990=LINE('',#2159,#1120);
#991=LINE('',#2161,#1121);
#992=LINE('',#2163,#1122);
#993=LINE('',#2165,#1123);
#994=LINE('',#2168,#1124);
#995=LINE('',#2170,#1125);
#996=LINE('',#2172,#1126);
#997=LINE('',#2174,#1127);
#998=LINE('',#2177,#1128);
#999=LINE('',#2179,#1129);
#1000=LINE('',#2181,#1130);
#1001=LINE('',#2183,#1131);
#1002=LINE('',#2185,#1132);
#1003=LINE('',#2187,#1133);
#1004=LINE('',#2189,#1134);
#1005=LINE('',#2191,#1135);
#1006=LINE('',#2194,#1136);
#1007=LINE('',#2196,#1137);
#1008=LINE('',#2198,#1138);
#1009=LINE('',#2202,#1139);
#1010=LINE('',#2204,#1140);
#1011=LINE('',#2208,#1141);
#1012=LINE('',#2210,#1142);
#1013=LINE('',#2213,#1143);
#1014=LINE('',#2215,#1144);
#1015=LINE('',#2216,#1145);
#1016=LINE('',#2217,#1146);
#1017=LINE('',#2219,#1147);
#1018=LINE('',#2223,#1148);
#1019=LINE('',#2224,#1149);
#1020=LINE('',#2226,#1150);
#1021=LINE('',#2229,#1151);
#1022=LINE('',#2234,#1152);
#1023=LINE('',#2238,#1153);
#1024=LINE('',#2242,#1154);
#1025=LINE('',#2246,#1155);
#1026=LINE('',#2249,#1156);
#1027=LINE('',#2250,#1157);
#1028=LINE('',#2252,#1158);
#1029=LINE('',#2254,#1159);
#1030=LINE('',#2256,#1160);
#1031=LINE('',#2257,#1161);
#1032=LINE('',#2259,#1162);
#1033=LINE('',#2293,#1163);
#1034=LINE('',#2294,#1164);
#1035=LINE('',#2295,#1165);
#1036=LINE('',#2330,#1166);
#1037=LINE('',#2332,#1167);
#1038=LINE('',#2334,#1168);
#1039=LINE('',#2336,#1169);
#1040=LINE('',#2340,#1170);
#1041=LINE('',#2342,#1171);
#1042=LINE('',#2344,#1172);
#1043=LINE('',#2348,#1173);
#1044=LINE('',#2350,#1174);
#1045=LINE('',#2352,#1175);
#1046=LINE('',#2356,#1176);
#1047=LINE('',#2358,#1177);
#1048=LINE('',#2363,#1178);
#1049=LINE('',#2367,#1179);
#1050=LINE('',#2369,#1180);
#1051=LINE('',#2371,#1181);
#1052=LINE('',#2373,#1182);
#1053=LINE('',#2377,#1183);
#1054=LINE('',#2381,#1184);
#1055=LINE('',#2383,#1185);
#1056=LINE('',#2385,#1186);
#1057=LINE('',#2389,#1187);
#1058=LINE('',#2393,#1188);
#1059=LINE('',#2395,#1189);
#1060=LINE('',#2397,#1190);
#1061=LINE('',#2401,#1191);
#1062=LINE('',#2405,#1192);
#1063=LINE('',#2406,#1193);
#1064=LINE('',#2410,#1194);
#1065=LINE('',#2415,#1195);
#1066=LINE('',#2419,#1196);
#1067=LINE('',#2423,#1197);
#1068=LINE('',#8488,#1198);
#1069=LINE('',#8491,#1199);
#1070=LINE('',#8493,#1200);
#1071=LINE('',#8495,#1201);
#1072=VECTOR('',#1667,1.);
#1073=VECTOR('',#1668,1.);
#1074=VECTOR('',#1669,1.);
#1075=VECTOR('',#1670,1.);
#1076=VECTOR('',#1671,1.);
#1077=VECTOR('',#1672,1.);
#1078=VECTOR('',#1673,1.);
#1079=VECTOR('',#1674,1.);
#1080=VECTOR('',#1675,1.);
#1081=VECTOR('',#1676,1.);
#1082=VECTOR('',#1677,1.);
#1083=VECTOR('',#1678,1.);
#1084=VECTOR('',#1679,1.);
#1085=VECTOR('',#1680,1.);
#1086=VECTOR('',#1681,1.);
#1087=VECTOR('',#1682,1.);
#1088=VECTOR('',#1685,1.);
#1089=VECTOR('',#1686,1.);
#1090=VECTOR('',#1687,1.);
#1091=VECTOR('',#1688,1.);
#1092=VECTOR('',#1689,1.);
#1093=VECTOR('',#1690,1.);
#1094=VECTOR('',#1693,1.);
#1095=VECTOR('',#1694,1.);
#1096=VECTOR('',#1695,1.);
#1097=VECTOR('',#1696,1.);
#1098=VECTOR('',#1697,1.);
#1099=VECTOR('',#1698,1.);
#1100=VECTOR('',#1699,1.);
#1101=VECTOR('',#1702,1.);
#1102=VECTOR('',#1703,1.);
#1103=VECTOR('',#1704,1.);
#1104=VECTOR('',#1707,1.);
#1105=VECTOR('',#1708,1.);
#1106=VECTOR('',#1711,1.);
#1107=VECTOR('',#1712,1.);
#1108=VECTOR('',#1713,1.);
#1109=VECTOR('',#1714,1.);
#1110=VECTOR('',#1715,1.);
#1111=VECTOR('',#1716,1.);
#1112=VECTOR('',#1717,1.);
#1113=VECTOR('',#1718,1.);
#1114=VECTOR('',#1719,1.);
#1115=VECTOR('',#1720,1.);
#1116=VECTOR('',#1721,1.);
#1117=VECTOR('',#1722,1.);
#1118=VECTOR('',#1725,1.);
#1119=VECTOR('',#1726,1.);
#1120=VECTOR('',#1727,1.);
#1121=VECTOR('',#1728,1.);
#1122=VECTOR('',#1729,1.);
#1123=VECTOR('',#1732,1.);
#1124=VECTOR('',#1733,1.);
#1125=VECTOR('',#1734,1.);
#1126=VECTOR('',#1735,1.);
#1127=VECTOR('',#1738,1.);
#1128=VECTOR('',#1739,1.);
#1129=VECTOR('',#1740,1.);
#1130=VECTOR('',#1741,1.);
#1131=VECTOR('',#1742,1.);
#1132=VECTOR('',#1743,1.);
#1133=VECTOR('',#1744,1.);
#1134=VECTOR('',#1745,1.);
#1135=VECTOR('',#1748,1.);
#1136=VECTOR('',#1749,1.);
#1137=VECTOR('',#1750,1.);
#1138=VECTOR('',#1751,1.);
#1139=VECTOR('',#1758,1.);
#1140=VECTOR('',#1759,1.);
#1141=VECTOR('',#1766,1.);
#1142=VECTOR('',#1767,1.);
#1143=VECTOR('',#1772,1.);
#1144=VECTOR('',#1773,1.);
#1145=VECTOR('',#1774,1.);
#1146=VECTOR('',#1775,1.);
#1147=VECTOR('',#1776,1.);
#1148=VECTOR('',#1783,1.);
#1149=VECTOR('',#1784,1.);
#1150=VECTOR('',#1785,1.);
#1151=VECTOR('',#1790,1.);
#1152=VECTOR('',#1795,1.);
#1153=VECTOR('',#1798,1.);
#1154=VECTOR('',#1801,1.);
#1155=VECTOR('',#1804,1.);
#1156=VECTOR('',#1809,1.);
#1157=VECTOR('',#1810,1.);
#1158=VECTOR('',#1813,1.);
#1159=VECTOR('',#1816,1.);
#1160=VECTOR('',#1819,1.);
#1161=VECTOR('',#1820,1.);
#1162=VECTOR('',#1823,1.);
#1163=VECTOR('',#1834,1.);
#1164=VECTOR('',#1835,1.);
#1165=VECTOR('',#1836,1.);
#1166=VECTOR('',#1849,1.);
#1167=VECTOR('',#1850,1.);
#1168=VECTOR('',#1851,1.);
#1169=VECTOR('',#1854,1.);
#1170=VECTOR('',#1859,1.);
#1171=VECTOR('',#1860,1.);
#1172=VECTOR('',#1863,1.);
#1173=VECTOR('',#1868,1.);
#1174=VECTOR('',#1869,1.);
#1175=VECTOR('',#1872,1.);
#1176=VECTOR('',#1877,1.);
#1177=VECTOR('',#1878,1.);
#1178=VECTOR('',#1883,1.);
#1179=VECTOR('',#1886,1.);
#1180=VECTOR('',#1889,1.);
#1181=VECTOR('',#1890,1.);
#1182=VECTOR('',#1891,1.);
#1183=VECTOR('',#1896,1.);
#1184=VECTOR('',#1901,1.);
#1185=VECTOR('',#1902,1.);
#1186=VECTOR('',#1903,1.);
#1187=VECTOR('',#1908,1.);
#1188=VECTOR('',#1913,1.);
#1189=VECTOR('',#1914,1.);
#1190=VECTOR('',#1915,1.);
#1191=VECTOR('',#1920,1.);
#1192=VECTOR('',#1925,1.);
#1193=VECTOR('',#1926,1.);
#1194=VECTOR('',#1933,1.);
#1195=VECTOR('',#1936,1.);
#1196=VECTOR('',#1939,1.);
#1197=VECTOR('',#1942,1.);
#1198=VECTOR('',#2045,1.);
#1199=VECTOR('',#2050,1.);
#1200=VECTOR('',#2051,1.);
#1201=VECTOR('',#2054,1.);
#1202=EDGE_LOOP('',(#144,#145,#146,#147,#148,#149,#150,#151,#152,#153,#154,
#155,#156,#157,#158,#159));
#1203=EDGE_LOOP('',(#160,#161,#162,#163,#164,#165));
#1204=EDGE_LOOP('',(#166,#167,#168,#169,#170,#171,#172,#173));
#1205=EDGE_LOOP('',(#174,#175,#176,#177));
#1206=EDGE_LOOP('',(#178,#179,#180,#181));
#1207=EDGE_LOOP('',(#182,#183,#184,#185));
#1208=EDGE_LOOP('',(#186,#187,#188,#189));
#1209=EDGE_LOOP('',(#190,#191,#192,#193));
#1210=EDGE_LOOP('',(#194,#195,#196,#197,#198,#199));
#1211=EDGE_LOOP('',(#200,#201,#202,#203));
#1212=EDGE_LOOP('',(#204,#205,#206,#207,#208,#209,#210,#211));
#1213=EDGE_LOOP('',(#212,#213,#214,#215));
#1214=EDGE_LOOP('',(#216,#217,#218,#219,#220,#221,#222,#223));
#1215=EDGE_LOOP('',(#224,#225,#226,#227,#228,#229,#230,#231));
#1216=EDGE_LOOP('',(#232,#233,#234,#235,#236,#237,#238,#239,#240,#241,#242,
#243));
#1217=EDGE_LOOP('',(#244,#245,#246,#247,#248,#249,#250,#251,#252,#253,#254,
#255));
#1218=EDGE_LOOP('',(#256,#257,#258,#259));
#1219=EDGE_LOOP('',(#260,#261,#262,#263,#264,#265,#266,#267));
#1220=EDGE_LOOP('',(#268,#269,#270,#271));
#1221=EDGE_LOOP('',(#272,#273,#274,#275));
#1222=EDGE_LOOP('',(#276,#277,#278,#279));
#1223=EDGE_LOOP('',(#280,#281,#282,#283));
#1224=EDGE_LOOP('',(#284,#285,#286,#287));
#1225=EDGE_LOOP('',(#288,#289,#290,#291));
#1226=EDGE_LOOP('',(#292,#293,#294,#295));
#1227=EDGE_LOOP('',(#296,#297,#298,#299));
#1228=EDGE_LOOP('',(#300,#301,#302,#303));
#1229=EDGE_LOOP('',(#304,#305,#306,#307,#308,#309,#310,#311,#312,#313,#314,
#315));
#1230=EDGE_LOOP('',(#316,#317,#318,#319));
#1231=EDGE_LOOP('',(#320,#321,#322,#323));
#1232=EDGE_LOOP('',(#324,#325,#326,#327));
#1233=EDGE_LOOP('',(#328,#329,#330,#331));
#1234=EDGE_LOOP('',(#332,#333,#334,#335));
#1235=EDGE_LOOP('',(#336,#337,#338,#339));
#1236=EDGE_LOOP('',(#340,#341,#342,#343));
#1237=EDGE_LOOP('',(#344,#345,#346,#347));
#1238=EDGE_LOOP('',(#348,#349,#350,#351));
#1239=EDGE_LOOP('',(#352,#353,#354,#355));
#1240=EDGE_LOOP('',(#356,#357,#358,#359));
#1241=EDGE_LOOP('',(#360,#361,#362,#363));
#1242=EDGE_LOOP('',(#364,#365,#366,#367));
#1243=EDGE_LOOP('',(#368,#369,#370,#371));
#1244=EDGE_LOOP('',(#372,#373,#374,#375));
#1245=EDGE_LOOP('',(#376,#377,#378,#379));
#1246=EDGE_LOOP('',(#380,#381,#382,#383));
#1247=EDGE_LOOP('',(#384,#385,#386,#387));
#1248=EDGE_LOOP('',(#388,#389,#390,#391));
#1249=EDGE_LOOP('',(#392,#393,#394,#395,#396,#397,#398,#399));
#1250=EDGE_LOOP('',(#400,#401,#402,#403,#404,#405,#406,#407));
#1251=EDGE_LOOP('',(#408,#409,#410,#411,#412,#413,#414,#415));
#1252=EDGE_LOOP('',(#416,#417,#418,#419));
#1253=EDGE_LOOP('',(#420,#421,#422,#423));
#1254=EDGE_LOOP('',(#424,#425,#426,#427));
#1255=EDGE_LOOP('',(#428,#429,#430,#431));
#1256=EDGE_LOOP('',(#432,#433,#434,#435));
#1257=EDGE_LOOP('',(#436,#437,#438,#439));
#1258=EDGE_LOOP('',(#440,#441,#442,#443));
#1259=EDGE_LOOP('',(#444,#445,#446,#447));
#1260=EDGE_LOOP('',(#448,#449,#450,#451));
#1261=EDGE_LOOP('',(#452,#453,#454,#455));
#1262=EDGE_LOOP('',(#456,#457,#458,#459));
#1263=EDGE_LOOP('',(#460,#461,#462,#463));
#1264=EDGE_LOOP('',(#464,#465));
#1265=EDGE_LOOP('',(#466,#467,#468,#469));
#1266=EDGE_LOOP('',(#470,#471));
#1267=EDGE_LOOP('',(#472,#473,#474,#475));
#1268=EDGE_LOOP('',(#476,#477));
#1269=EDGE_LOOP('',(#478,#479,#480,#481));
#1270=EDGE_LOOP('',(#482,#483));
#1271=EDGE_LOOP('',(#484,#485,#486,#487));
#1272=EDGE_LOOP('',(#488,#489,#490,#491));
#1273=EDGE_LOOP('',(#492,#493,#494,#495));
#1274=EDGE_LOOP('',(#496,#497,#498,#499));
#1275=EDGE_LOOP('',(#500,#501,#502,#503));
#1276=EDGE_LOOP('',(#504,#505,#506,#507));
#1277=EDGE_LOOP('',(#508,#509,#510,#511));
#1278=EDGE_LOOP('',(#512,#513,#514,#515));
#1279=EDGE_LOOP('',(#516,#517,#518,#519));
#1280=EDGE_LOOP('',(#520,#521,#522,#523));
#1281=EDGE_LOOP('',(#524,#525,#526,#527));
#1282=EDGE_LOOP('',(#528,#529,#530,#531));
#1283=EDGE_LOOP('',(#532,#533,#534,#535));
#1284=EDGE_LOOP('',(#536,#537,#538,#539));
#1285=EDGE_LOOP('',(#540,#541,#542,#543));
#1286=EDGE_LOOP('',(#544,#545,#546,#547));
#1287=EDGE_LOOP('',(#548,#549,#550,#551));
#1288=EDGE_LOOP('',(#552,#553,#554,#555));
#1289=EDGE_LOOP('',(#556,#557,#558,#559));
#1290=EDGE_LOOP('',(#560,#561,#562,#563));
#1291=EDGE_LOOP('',(#564,#565,#566,#567));
#1292=EDGE_LOOP('',(#568,#569,#570,#571,#572,#573));
#1293=EDGE_LOOP('',(#574,#575,#576,#577,#578,#579));
#1294=FACE_BOUND('',#1202,.T.);
#1295=FACE_BOUND('',#1203,.T.);
#1296=FACE_BOUND('',#1204,.T.);
#1297=FACE_BOUND('',#1205,.T.);
#1298=FACE_BOUND('',#1206,.T.);
#1299=FACE_BOUND('',#1207,.T.);
#1300=FACE_BOUND('',#1208,.T.);
#1301=FACE_BOUND('',#1209,.T.);
#1302=FACE_BOUND('',#1210,.T.);
#1303=FACE_BOUND('',#1211,.T.);
#1304=FACE_BOUND('',#1212,.T.);
#1305=FACE_BOUND('',#1213,.T.);
#1306=FACE_BOUND('',#1214,.T.);
#1307=FACE_BOUND('',#1215,.T.);
#1308=FACE_BOUND('',#1216,.T.);
#1309=FACE_BOUND('',#1217,.T.);
#1310=FACE_BOUND('',#1218,.T.);
#1311=FACE_BOUND('',#1219,.T.);
#1312=FACE_BOUND('',#1220,.T.);
#1313=FACE_BOUND('',#1221,.T.);
#1314=FACE_BOUND('',#1222,.T.);
#1315=FACE_BOUND('',#1223,.T.);
#1316=FACE_BOUND('',#1224,.T.);
#1317=FACE_BOUND('',#1225,.T.);
#1318=FACE_BOUND('',#1226,.T.);
#1319=FACE_BOUND('',#1227,.T.);
#1320=FACE_BOUND('',#1228,.T.);
#1321=FACE_BOUND('',#1229,.T.);
#1322=FACE_BOUND('',#1230,.T.);
#1323=FACE_BOUND('',#1231,.T.);
#1324=FACE_BOUND('',#1232,.T.);
#1325=FACE_BOUND('',#1233,.T.);
#1326=FACE_BOUND('',#1234,.T.);
#1327=FACE_BOUND('',#1235,.T.);
#1328=FACE_BOUND('',#1236,.T.);
#1329=FACE_BOUND('',#1237,.T.);
#1330=FACE_BOUND('',#1238,.T.);
#1331=FACE_BOUND('',#1239,.T.);
#1332=FACE_BOUND('',#1240,.T.);
#1333=FACE_BOUND('',#1241,.T.);
#1334=FACE_BOUND('',#1242,.T.);
#1335=FACE_BOUND('',#1243,.T.);
#1336=FACE_BOUND('',#1244,.T.);
#1337=FACE_BOUND('',#1245,.T.);
#1338=FACE_BOUND('',#1246,.T.);
#1339=FACE_BOUND('',#1247,.T.);
#1340=FACE_BOUND('',#1248,.T.);
#1341=FACE_BOUND('',#1249,.T.);
#1342=FACE_BOUND('',#1250,.T.);
#1343=FACE_BOUND('',#1251,.T.);
#1344=FACE_BOUND('',#1252,.T.);
#1345=FACE_BOUND('',#1253,.T.);
#1346=FACE_BOUND('',#1254,.T.);
#1347=FACE_BOUND('',#1255,.T.);
#1348=FACE_BOUND('',#1256,.T.);
#1349=FACE_BOUND('',#1257,.T.);
#1350=FACE_BOUND('',#1258,.T.);
#1351=FACE_BOUND('',#1259,.T.);
#1352=FACE_BOUND('',#1260,.T.);
#1353=FACE_BOUND('',#1261,.T.);
#1354=FACE_BOUND('',#1262,.T.);
#1355=FACE_BOUND('',#1263,.T.);
#1356=FACE_BOUND('',#36,.T.);
#1357=FACE_BOUND('',#1264,.T.);
#1358=FACE_BOUND('',#1265,.T.);
#1359=FACE_BOUND('',#37,.T.);
#1360=FACE_BOUND('',#1266,.T.);
#1361=FACE_BOUND('',#1267,.T.);
#1362=FACE_BOUND('',#38,.T.);
#1363=FACE_BOUND('',#1268,.T.);
#1364=FACE_BOUND('',#1269,.T.);
#1365=FACE_BOUND('',#39,.T.);
#1366=FACE_BOUND('',#1270,.T.);
#1367=FACE_BOUND('',#1271,.T.);
#1368=FACE_BOUND('',#1272,.T.);
#1369=FACE_BOUND('',#1273,.T.);
#1370=FACE_BOUND('',#1274,.T.);
#1371=FACE_BOUND('',#1275,.T.);
#1372=FACE_BOUND('',#1276,.T.);
#1373=FACE_BOUND('',#1277,.T.);
#1374=FACE_BOUND('',#1278,.T.);
#1375=FACE_BOUND('',#1279,.T.);
#1376=FACE_BOUND('',#1280,.T.);
#1377=FACE_BOUND('',#1281,.T.);
#1378=FACE_BOUND('',#1282,.T.);
#1379=FACE_BOUND('',#1283,.T.);
#1380=FACE_BOUND('',#1284,.T.);
#1381=FACE_BOUND('',#1285,.T.);
#1382=FACE_BOUND('',#1286,.T.);
#1383=FACE_BOUND('',#1287,.T.);
#1384=FACE_BOUND('',#1288,.T.);
#1385=FACE_BOUND('',#1289,.T.);
#1386=FACE_BOUND('',#1290,.T.);
#1387=FACE_BOUND('',#1291,.T.);
#1388=FACE_BOUND('',#1292,.T.);
#1389=FACE_BOUND('',#1293,.T.);
#1390=PLANE('',#1531);
#1391=PLANE('',#1532);
#1392=PLANE('',#1533);
#1393=PLANE('',#1534);
#1394=PLANE('',#1535);
#1395=PLANE('',#1536);
#1396=PLANE('',#1537);
#1397=PLANE('',#1538);
#1398=PLANE('',#1539);
#1399=PLANE('',#1540);
#1400=PLANE('',#1541);
#1401=PLANE('',#1544);
#1402=PLANE('',#1547);
#1403=PLANE('',#1550);
#1404=PLANE('',#1553);
#1405=PLANE('',#1554);
#1406=PLANE('',#1559);
#1407=PLANE('',#1560);
#1408=PLANE('',#1561);
#1409=PLANE('',#1562);
#1410=PLANE('',#1563);
#1411=PLANE('',#1564);
#1412=PLANE('',#1565);
#1413=PLANE('',#1574);
#1414=PLANE('',#1575);
#1415=PLANE('',#1578);
#1416=PLANE('',#1581);
#1417=PLANE('',#1584);
#1418=PLANE('',#1588);
#1419=PLANE('',#1592);
#1420=PLANE('',#1596);
#1421=PLANE('',#1600);
#1422=PLANE('',#1603);
#1423=PLANE('',#1608);
#1424=PLANE('',#1647);
#1425=PLANE('',#1650);
#1426=PLANE('',#1653);
#1427=PLANE('',#1656);
#1428=PLANE('',#1657);
#1429=PLANE('',#1658);
#1430=PLANE('',#1659);
#1431=PLANE('',#1660);
#1432=PLANE('',#1661);
#1433=PLANE('',#1662);
#1434=ADVANCED_FACE('',(#1294),#1390,.T.);
#1435=ADVANCED_FACE('',(#1295),#1391,.F.);
#1436=ADVANCED_FACE('',(#1296),#1392,.F.);
#1437=ADVANCED_FACE('',(#1297),#1393,.T.);
#1438=ADVANCED_FACE('',(#1298),#1394,.T.);
#1439=ADVANCED_FACE('',(#1299,#1300,#1301),#1395,.F.);
#1440=ADVANCED_FACE('',(#1302),#1396,.F.);
#1441=ADVANCED_FACE('',(#1303),#1397,.F.);
#1442=ADVANCED_FACE('',(#1304),#1398,.F.);
#1443=ADVANCED_FACE('',(#1305),#1399,.F.);
#1444=ADVANCED_FACE('',(#1306),#1400,.T.);
#1445=ADVANCED_FACE('',(#1307),#1401,.F.);
#1446=ADVANCED_FACE('',(#1308),#1402,.F.);
#1447=ADVANCED_FACE('',(#1309),#1403,.T.);
#1448=ADVANCED_FACE('',(#1310),#1404,.T.);
#1449=ADVANCED_FACE('',(#1311,#1312),#1405,.F.);
#1450=ADVANCED_FACE('',(#1313),#1406,.T.);
#1451=ADVANCED_FACE('',(#1314),#1407,.F.);
#1452=ADVANCED_FACE('',(#1315),#1408,.F.);
#1453=ADVANCED_FACE('',(#1316),#1409,.T.);
#1454=ADVANCED_FACE('',(#1317),#1410,.F.);
#1455=ADVANCED_FACE('',(#1318),#1411,.F.);
#1456=ADVANCED_FACE('',(#1319,#1320,#1321,#1322,#1323),#1412,.T.);
#1457=ADVANCED_FACE('',(#1324),#1413,.T.);
#1458=ADVANCED_FACE('',(#1325),#1414,.T.);
#1459=ADVANCED_FACE('',(#1326),#48,.T.);
#1460=ADVANCED_FACE('',(#1327),#1415,.T.);
#1461=ADVANCED_FACE('',(#1328),#49,.T.);
#1462=ADVANCED_FACE('',(#1329),#1416,.F.);
#1463=ADVANCED_FACE('',(#1330),#50,.T.);
#1464=ADVANCED_FACE('',(#1331),#1417,.F.);
#1465=ADVANCED_FACE('',(#1332),#51,.F.);
#1466=ADVANCED_FACE('',(#1333),#1418,.T.);
#1467=ADVANCED_FACE('',(#1334),#52,.F.);
#1468=ADVANCED_FACE('',(#1335),#1419,.F.);
#1469=ADVANCED_FACE('',(#1336),#53,.F.);
#1470=ADVANCED_FACE('',(#1337),#1420,.F.);
#1471=ADVANCED_FACE('',(#1338),#54,.F.);
#1472=ADVANCED_FACE('',(#1339),#1421,.T.);
#1473=ADVANCED_FACE('',(#1340),#55,.T.);
#1474=ADVANCED_FACE('',(#1341,#1342),#1422,.T.);
#1475=ADVANCED_FACE('',(#1343),#1423,.F.);
#1476=ADVANCED_FACE('',(#1344),#44,.T.);
#1477=ADVANCED_FACE('',(#1345),#56,.T.);
#1478=ADVANCED_FACE('',(#1346),#57,.T.);
#1479=ADVANCED_FACE('',(#1347),#45,.T.);
#1480=ADVANCED_FACE('',(#1348),#46,.T.);
#1481=ADVANCED_FACE('',(#1349),#58,.T.);
#1482=ADVANCED_FACE('',(#1350),#59,.T.);
#1483=ADVANCED_FACE('',(#1351),#47,.T.);
#1484=ADVANCED_FACE('',(#1352),#60,.F.);
#1485=ADVANCED_FACE('',(#1353),#61,.F.);
#1486=ADVANCED_FACE('',(#1354),#62,.F.);
#1487=ADVANCED_FACE('',(#1355),#63,.F.);
#1488=ADVANCED_FACE('',(#1356,#1357),#40,.F.);
#1489=ADVANCED_FACE('',(#1358),#64,.F.);
#1490=ADVANCED_FACE('',(#1359,#1360),#41,.F.);
#1491=ADVANCED_FACE('',(#1361),#65,.F.);
#1492=ADVANCED_FACE('',(#1362,#1363),#42,.F.);
#1493=ADVANCED_FACE('',(#1364),#66,.F.);
#1494=ADVANCED_FACE('',(#1365,#1366),#43,.F.);
#1495=ADVANCED_FACE('',(#1367),#67,.F.);
#1496=ADVANCED_FACE('',(#1368),#12,.T.);
#1497=ADVANCED_FACE('',(#1369),#68,.F.);
#1498=ADVANCED_FACE('',(#1370),#13,.T.);
#1499=ADVANCED_FACE('',(#1371),#1424,.F.);
#1500=ADVANCED_FACE('',(#1372),#14,.T.);
#1501=ADVANCED_FACE('',(#1373),#69,.F.);
#1502=ADVANCED_FACE('',(#1374),#15,.T.);
#1503=ADVANCED_FACE('',(#1375),#1425,.F.);
#1504=ADVANCED_FACE('',(#1376),#16,.T.);
#1505=ADVANCED_FACE('',(#1377),#70,.F.);
#1506=ADVANCED_FACE('',(#1378),#17,.T.);
#1507=ADVANCED_FACE('',(#1379),#1426,.F.);
#1508=ADVANCED_FACE('',(#1380),#18,.T.);
#1509=ADVANCED_FACE('',(#1381),#71,.F.);
#1510=ADVANCED_FACE('',(#1382),#19,.T.);
#1511=ADVANCED_FACE('',(#1383),#1427,.F.);
#1512=ADVANCED_FACE('',(#1384),#1428,.F.);
#1513=ADVANCED_FACE('',(#1385),#1429,.T.);
#1514=ADVANCED_FACE('',(#1386),#1430,.T.);
#1515=ADVANCED_FACE('',(#1387),#1431,.T.);
#1516=ADVANCED_FACE('',(#1388),#1432,.F.);
#1517=ADVANCED_FACE('',(#1389),#1433,.F.);
#1518=CLOSED_SHELL('',(#1434,#1435,#1436,#1437,#1438,#1439,#1440,#1441,
#1442,#1443,#1444,#1445,#1446,#1447,#1448,#1449,#1450,#1451,#1452,#1453,
#1454,#1455,#1456,#1457,#1458,#1459,#1460,#1461,#1462,#1463,#1464,#1465,
#1466,#1467,#1468,#1469,#1470,#1471,#1472,#1473,#1474,#1475,#1476,#1477,
#1478,#1479,#1480,#1481,#1482,#1483,#1484,#1485,#1486,#1487,#1488,#1489,
#1490,#1491,#1492,#1493,#1494,#1495,#1496,#1497,#1498,#1499,#1500,#1501,
#1502,#1503,#1504,#1505,#1506,#1507,#1508,#1509,#1510,#1511,#1512,#1513,
#1514,#1515,#1516,#1517));
#1519=STYLED_ITEM('',(#1520),#1527);
#1520=PRESENTATION_STYLE_ASSIGNMENT((#1521));
#1521=SURFACE_STYLE_USAGE(.BOTH.,#1522);
#1522=SURFACE_SIDE_STYLE('',(#1523));
#1523=SURFACE_STYLE_FILL_AREA(#1524);
#1524=FILL_AREA_STYLE('',(#1525));
#1525=FILL_AREA_STYLE_COLOUR('',#1526);
#1526=COLOUR_RGB('',0.615686274509804,0.811764705882353,0.929411764705882);
#1527=MANIFOLD_SOLID_BREP('Enclosure Bottom (Revised)',#1518);
#1528=SHAPE_DEFINITION_REPRESENTATION(#8504,#1529);
#1529=SHAPE_REPRESENTATION('Enclosure Bottom (Revised)',(#1530),#8499);
#1530=AXIS2_PLACEMENT_3D('',#2059,#1663,#1664);
#1531=AXIS2_PLACEMENT_3D('',#2060,#1665,#1666);
#1532=AXIS2_PLACEMENT_3D('',#2093,#1683,#1684);
#1533=AXIS2_PLACEMENT_3D('',#2106,#1691,#1692);
#1534=AXIS2_PLACEMENT_3D('',#2120,#1700,#1701);
#1535=AXIS2_PLACEMENT_3D('',#2126,#1705,#1706);
#1536=AXIS2_PLACEMENT_3D('',#2129,#1709,#1710);
#1537=AXIS2_PLACEMENT_3D('',#2154,#1723,#1724);
#1538=AXIS2_PLACEMENT_3D('',#2164,#1730,#1731);
#1539=AXIS2_PLACEMENT_3D('',#2173,#1736,#1737);
#1540=AXIS2_PLACEMENT_3D('',#2190,#1746,#1747);
#1541=AXIS2_PLACEMENT_3D('',#2199,#1752,#1753);
#1542=AXIS2_PLACEMENT_3D('',#2200,#1754,#1755);
#1543=AXIS2_PLACEMENT_3D('',#2201,#1756,#1757);
#1544=AXIS2_PLACEMENT_3D('',#2205,#1760,#1761);
#1545=AXIS2_PLACEMENT_3D('',#2206,#1762,#1763);
#1546=AXIS2_PLACEMENT_3D('',#2207,#1764,#1765);
#1547=AXIS2_PLACEMENT_3D('',#2211,#1768,#1769);
#1548=AXIS2_PLACEMENT_3D('',#2212,#1770,#1771);
#1549=AXIS2_PLACEMENT_3D('',#2220,#1777,#1778);
#1550=AXIS2_PLACEMENT_3D('',#2221,#1779,#1780);
#1551=AXIS2_PLACEMENT_3D('',#2222,#1781,#1782);
#1552=AXIS2_PLACEMENT_3D('',#2227,#1786,#1787);
#1553=AXIS2_PLACEMENT_3D('',#2228,#1788,#1789);
#1554=AXIS2_PLACEMENT_3D('',#2230,#1791,#1792);
#1555=AXIS2_PLACEMENT_3D('',#2231,#1793,#1794);
#1556=AXIS2_PLACEMENT_3D('',#2236,#1796,#1797);
#1557=AXIS2_PLACEMENT_3D('',#2240,#1799,#1800);
#1558=AXIS2_PLACEMENT_3D('',#2244,#1802,#1803);
#1559=AXIS2_PLACEMENT_3D('',#2247,#1805,#1806);
#1560=AXIS2_PLACEMENT_3D('',#2248,#1807,#1808);
#1561=AXIS2_PLACEMENT_3D('',#2251,#1811,#1812);
#1562=AXIS2_PLACEMENT_3D('',#2253,#1814,#1815);
#1563=AXIS2_PLACEMENT_3D('',#2255,#1817,#1818);
#1564=AXIS2_PLACEMENT_3D('',#2258,#1821,#1822);
#1565=AXIS2_PLACEMENT_3D('',#2260,#1824,#1825);
#1566=AXIS2_PLACEMENT_3D('',#2261,#1826,#1827);
#1567=AXIS2_PLACEMENT_3D('',#2270,#1828,#1829);
#1568=AXIS2_PLACEMENT_3D('',#2277,#1830,#1831);
#1569=AXIS2_PLACEMENT_3D('',#2286,#1832,#1833);
#1570=AXIS2_PLACEMENT_3D('',#2296,#1837,#1838);
#1571=AXIS2_PLACEMENT_3D('',#2305,#1839,#1840);
#1572=AXIS2_PLACEMENT_3D('',#2312,#1841,#1842);
#1573=AXIS2_PLACEMENT_3D('',#2321,#1843,#1844);
#1574=AXIS2_PLACEMENT_3D('',#2328,#1845,#1846);
#1575=AXIS2_PLACEMENT_3D('',#2329,#1847,#1848);
#1576=AXIS2_PLACEMENT_3D('',#2335,#1852,#1853);
#1577=AXIS2_PLACEMENT_3D('',#2338,#1855,#1856);
#1578=AXIS2_PLACEMENT_3D('',#2339,#1857,#1858);
#1579=AXIS2_PLACEMENT_3D('',#2343,#1861,#1862);
#1580=AXIS2_PLACEMENT_3D('',#2346,#1864,#1865);
#1581=AXIS2_PLACEMENT_3D('',#2347,#1866,#1867);
#1582=AXIS2_PLACEMENT_3D('',#2351,#1870,#1871);
#1583=AXIS2_PLACEMENT_3D('',#2354,#1873,#1874);
#1584=AXIS2_PLACEMENT_3D('',#2355,#1875,#1876);
#1585=AXIS2_PLACEMENT_3D('',#2359,#1879,#1880);
#1586=AXIS2_PLACEMENT_3D('',#2360,#1881,#1882);
#1587=AXIS2_PLACEMENT_3D('',#2365,#1884,#1885);
#1588=AXIS2_PLACEMENT_3D('',#2368,#1887,#1888);
#1589=AXIS2_PLACEMENT_3D('',#2374,#1892,#1893);
#1590=AXIS2_PLACEMENT_3D('',#2375,#1894,#1895);
#1591=AXIS2_PLACEMENT_3D('',#2379,#1897,#1898);
#1592=AXIS2_PLACEMENT_3D('',#2380,#1899,#1900);
#1593=AXIS2_PLACEMENT_3D('',#2386,#1904,#1905);
#1594=AXIS2_PLACEMENT_3D('',#2387,#1906,#1907);
#1595=AXIS2_PLACEMENT_3D('',#2391,#1909,#1910);
#1596=AXIS2_PLACEMENT_3D('',#2392,#1911,#1912);
#1597=AXIS2_PLACEMENT_3D('',#2398,#1916,#1917);
#1598=AXIS2_PLACEMENT_3D('',#2399,#1918,#1919);
#1599=AXIS2_PLACEMENT_3D('',#2403,#1921,#1922);
#1600=AXIS2_PLACEMENT_3D('',#2404,#1923,#1924);
#1601=AXIS2_PLACEMENT_3D('',#2407,#1927,#1928);
#1602=AXIS2_PLACEMENT_3D('',#2408,#1929,#1930);
#1603=AXIS2_PLACEMENT_3D('',#2409,#1931,#1932);
#1604=AXIS2_PLACEMENT_3D('',#2413,#1934,#1935);
#1605=AXIS2_PLACEMENT_3D('',#2417,#1937,#1938);
#1606=AXIS2_PLACEMENT_3D('',#2421,#1940,#1941);
#1607=AXIS2_PLACEMENT_3D('',#2425,#1943,#1944);
#1608=AXIS2_PLACEMENT_3D('',#2426,#1945,#1946);
#1609=AXIS2_PLACEMENT_3D('',#2427,#1947,#1948);
#1610=AXIS2_PLACEMENT_3D('',#2428,#1949,#1950);
#1611=AXIS2_PLACEMENT_3D('',#2429,#1951,#1952);
#1612=AXIS2_PLACEMENT_3D('',#2430,#1953,#1954);
#1613=AXIS2_PLACEMENT_3D('',#2431,#1955,#1956);
#1614=AXIS2_PLACEMENT_3D('',#2432,#1957,#1958);
#1615=AXIS2_PLACEMENT_3D('',#2433,#1959,#1960);
#1616=AXIS2_PLACEMENT_3D('',#2434,#1961,#1962);
#1617=AXIS2_PLACEMENT_3D('',#2435,#1963,#1964);
#1618=AXIS2_PLACEMENT_3D('',#2436,#1965,#1966);
#1619=AXIS2_PLACEMENT_3D('',#2437,#1967,#1968);
#1620=AXIS2_PLACEMENT_3D('',#2438,#1969,#1970);
#1621=AXIS2_PLACEMENT_3D('',#2439,#1971,#1972);
#1622=AXIS2_PLACEMENT_3D('',#2440,#1973,#1974);
#1623=AXIS2_PLACEMENT_3D('',#2441,#1975,#1976);
#1624=AXIS2_PLACEMENT_3D('',#2442,#1977,#1978);
#1625=AXIS2_PLACEMENT_3D('',#2443,#1979,#1980);
#1626=AXIS2_PLACEMENT_3D('',#2444,#1981,#1982);
#1627=AXIS2_PLACEMENT_3D('',#2445,#1983,#1984);
#1628=AXIS2_PLACEMENT_3D('',#2446,#1985,#1986);
#1629=AXIS2_PLACEMENT_3D('',#2447,#1987,#1988);
#1630=AXIS2_PLACEMENT_3D('',#2449,#1989,#1990);
#1631=AXIS2_PLACEMENT_3D('',#2452,#1991,#1992);
#1632=AXIS2_PLACEMENT_3D('',#2453,#1993,#1994);
#1633=AXIS2_PLACEMENT_3D('',#2840,#1995,#1996);
#1634=AXIS2_PLACEMENT_3D('',#2842,#1997,#1998);
#1635=AXIS2_PLACEMENT_3D('',#2845,#1999,#2000);
#1636=AXIS2_PLACEMENT_3D('',#2846,#2001,#2002);
#1637=AXIS2_PLACEMENT_3D('',#3233,#2003,#2004);
#1638=AXIS2_PLACEMENT_3D('',#3235,#2005,#2006);
#1639=AXIS2_PLACEMENT_3D('',#3238,#2007,#2008);
#1640=AXIS2_PLACEMENT_3D('',#3239,#2009,#2010);
#1641=AXIS2_PLACEMENT_3D('',#3626,#2011,#2012);
#1642=AXIS2_PLACEMENT_3D('',#3628,#2013,#2014);
#1643=AXIS2_PLACEMENT_3D('',#3631,#2015,#2016);
#1644=AXIS2_PLACEMENT_3D('',#3632,#2017,#2018);
#1645=AXIS2_PLACEMENT_3D('',#4576,#2019,#2020);
#1646=AXIS2_PLACEMENT_3D('',#4577,#2021,#2022);
#1647=AXIS2_PLACEMENT_3D('',#5135,#2023,#2024);
#1648=AXIS2_PLACEMENT_3D('',#5693,#2025,#2026);
#1649=AXIS2_PLACEMENT_3D('',#5694,#2027,#2028);
#1650=AXIS2_PLACEMENT_3D('',#6252,#2029,#2030);
#1651=AXIS2_PLACEMENT_3D('',#6810,#2031,#2032);
#1652=AXIS2_PLACEMENT_3D('',#6811,#2033,#2034);
#1653=AXIS2_PLACEMENT_3D('',#7369,#2035,#2036);
#1654=AXIS2_PLACEMENT_3D('',#7927,#2037,#2038);
#1655=AXIS2_PLACEMENT_3D('',#7928,#2039,#2040);
#1656=AXIS2_PLACEMENT_3D('',#8486,#2041,#2042);
#1657=AXIS2_PLACEMENT_3D('',#8487,#2043,#2044);
#1658=AXIS2_PLACEMENT_3D('',#8489,#2046,#2047);
#1659=AXIS2_PLACEMENT_3D('',#8490,#2048,#2049);
#1660=AXIS2_PLACEMENT_3D('',#8494,#2052,#2053);
#1661=AXIS2_PLACEMENT_3D('',#8496,#2055,#2056);
#1662=AXIS2_PLACEMENT_3D('',#8497,#2057,#2058);
#1663=DIRECTION('',(0.,0.,1.));
#1664=DIRECTION('',(1.,0.,0.));
#1665=DIRECTION('',(1.,0.,0.));
#1666=DIRECTION('',(0.,0.,-1.));
#1667=DIRECTION('',(0.,1.,0.));
#1668=DIRECTION('',(0.,5.65670698688089E-17,1.));
#1669=DIRECTION('',(0.,1.,0.));
#1670=DIRECTION('',(0.,0.,1.));
#1671=DIRECTION('',(0.,1.,0.));
#1672=DIRECTION('',(0.,0.,1.));
#1673=DIRECTION('',(0.,1.,0.));
#1674=DIRECTION('',(0.,0.,-1.));
#1675=DIRECTION('',(0.,-1.,0.));
#1676=DIRECTION('',(0.,0.,1.));
#1677=DIRECTION('',(0.,1.,0.));
#1678=DIRECTION('',(0.,0.,1.));
#1679=DIRECTION('',(0.,-1.,0.));
#1680=DIRECTION('',(0.,0.,1.));
#1681=DIRECTION('',(0.,1.,0.));
#1682=DIRECTION('',(0.,0.,1.));
#1683=DIRECTION('',(0.,0.,-1.));
#1684=DIRECTION('',(1.,0.,0.));
#1685=DIRECTION('',(-1.,0.,0.));
#1686=DIRECTION('',(0.,1.,0.));
#1687=DIRECTION('',(1.,0.,0.));
#1688=DIRECTION('',(0.,-1.,0.));
#1689=DIRECTION('',(1.,0.,0.));
#1690=DIRECTION('',(0.,1.,0.));
#1691=DIRECTION('',(1.,0.,0.));
#1692=DIRECTION('',(0.,0.,-1.));
#1693=DIRECTION('',(0.,0.,-1.));
#1694=DIRECTION('',(0.,0.,1.));
#1695=DIRECTION('',(0.,1.,0.));
#1696=DIRECTION('',(0.,0.,1.));
#1697=DIRECTION('',(0.,1.,0.));
#1698=DIRECTION('',(0.,5.65670698688089E-17,1.));
#1699=DIRECTION('',(0.,-1.,0.));
#1700=DIRECTION('',(1.,0.,0.));
#1701=DIRECTION('',(0.,0.,-1.));
#1702=DIRECTION('',(0.,0.,1.));
#1703=DIRECTION('',(0.,1.,0.));
#1704=DIRECTION('',(0.,0.,1.));
#1705=DIRECTION('',(0.,0.,1.));
#1706=DIRECTION('',(1.,0.,0.));
#1707=DIRECTION('',(-1.,0.,0.));
#1708=DIRECTION('',(-1.,0.,0.));
#1709=DIRECTION('',(1.,0.,0.));
#1710=DIRECTION('',(0.,0.,-1.));
#1711=DIRECTION('',(0.,-1.,0.));
#1712=DIRECTION('',(0.,0.,-1.));
#1713=DIRECTION('',(0.,-1.,0.));
#1714=DIRECTION('',(0.,0.,-1.));
#1715=DIRECTION('',(0.,-1.,0.));
#1716=DIRECTION('',(0.,0.,-1.));
#1717=DIRECTION('',(0.,-1.,0.));
#1718=DIRECTION('',(0.,0.,-1.));
#1719=DIRECTION('',(0.,-1.,0.));
#1720=DIRECTION('',(0.,0.,1.));
#1721=DIRECTION('',(0.,1.,0.));
#1722=DIRECTION('',(0.,0.,1.));
#1723=DIRECTION('',(0.,0.,-1.));
#1724=DIRECTION('',(1.,0.,0.));
#1725=DIRECTION('',(0.,1.,0.));
#1726=DIRECTION('',(-1.,0.,0.));
#1727=DIRECTION('',(1.,0.,0.));
#1728=DIRECTION('',(0.,1.,0.));
#1729=DIRECTION('',(1.,0.,0.));
#1730=DIRECTION('',(0.,0.,-1.));
#1731=DIRECTION('',(1.,0.,0.));
#1732=DIRECTION('',(0.,-1.,0.));
#1733=DIRECTION('',(1.,0.,0.));
#1734=DIRECTION('',(0.,-1.,0.));
#1735=DIRECTION('',(1.,0.,0.));
#1736=DIRECTION('',(0.,0.,-1.));
#1737=DIRECTION('',(1.,0.,0.));
#1738=DIRECTION('',(1.,0.,0.));
#1739=DIRECTION('',(0.,1.,0.));
#1740=DIRECTION('',(1.,0.,0.));
#1741=DIRECTION('',(0.,1.,0.));
#1742=DIRECTION('',(1.,0.,0.));
#1743=DIRECTION('',(0.,1.,0.));
#1744=DIRECTION('',(1.,0.,0.));
#1745=DIRECTION('',(0.,-1.,0.));
#1746=DIRECTION('',(0.,0.,-1.));
#1747=DIRECTION('',(1.,0.,0.));
#1748=DIRECTION('',(0.,1.,0.));
#1749=DIRECTION('',(1.,0.,0.));
#1750=DIRECTION('',(0.,1.,0.));
#1751=DIRECTION('',(1.,0.,0.));
#1752=DIRECTION('',(0.,-1.,0.));
#1753=DIRECTION('',(0.,0.,-1.));
#1754=DIRECTION('',(0.,-1.,0.));
#1755=DIRECTION('',(0.,0.,-1.));
#1756=DIRECTION('',(0.,-1.,0.));
#1757=DIRECTION('',(0.,0.,-1.));
#1758=DIRECTION('',(1.,0.,0.));
#1759=DIRECTION('',(0.,0.,1.));
#1760=DIRECTION('',(0.,-1.,0.));
#1761=DIRECTION('',(0.,0.,-1.));
#1762=DIRECTION('',(0.,-1.,0.));
#1763=DIRECTION('',(0.,0.,-1.));
#1764=DIRECTION('',(0.,-1.,0.));
#1765=DIRECTION('',(0.,0.,-1.));
#1766=DIRECTION('',(0.,0.,1.));
#1767=DIRECTION('',(1.,0.,0.));
#1768=DIRECTION('',(0.,-1.,0.));
#1769=DIRECTION('',(0.,0.,-1.));
#1770=DIRECTION('',(0.,1.,0.));
#1771=DIRECTION('',(0.,0.,1.));
#1772=DIRECTION('',(0.,0.,1.));
#1773=DIRECTION('',(1.,0.,0.));
#1774=DIRECTION('',(1.,0.,0.));
#1775=DIRECTION('',(-1.,0.,0.));
#1776=DIRECTION('',(0.,0.,1.));
#1777=DIRECTION('',(0.,1.,0.));
#1778=DIRECTION('',(0.,0.,1.));
#1779=DIRECTION('',(0.,-1.,0.));
#1780=DIRECTION('',(0.,0.,-1.));
#1781=DIRECTION('',(0.,-1.,0.));
#1782=DIRECTION('',(0.,0.,-1.));
#1783=DIRECTION('',(1.,0.,0.));
#1784=DIRECTION('',(1.,0.,0.));
#1785=DIRECTION('',(0.,0.,1.));
#1786=DIRECTION('',(0.,-1.,0.));
#1787=DIRECTION('',(0.,0.,-1.));
#1788=DIRECTION('',(1.,0.,0.));
#1789=DIRECTION('',(0.,0.,-1.));
#1790=DIRECTION('',(0.,1.,0.));
#1791=DIRECTION('',(0.,0.,-1.));
#1792=DIRECTION('',(1.,0.,0.));
#1793=DIRECTION('',(0.,0.,1.));
#1794=DIRECTION('',(1.,0.,0.));
#1795=DIRECTION('',(1.,0.,0.));
#1796=DIRECTION('',(0.,0.,1.));
#1797=DIRECTION('',(1.,0.,0.));
#1798=DIRECTION('',(-2.01127359533543E-16,-1.,0.));
#1799=DIRECTION('',(0.,0.,1.));
#1800=DIRECTION('',(1.,0.,0.));
#1801=DIRECTION('',(1.,0.,0.));
#1802=DIRECTION('',(0.,0.,1.));
#1803=DIRECTION('',(1.,0.,0.));
#1804=DIRECTION('',(-2.01127359533543E-16,-1.,0.));
#1805=DIRECTION('',(0.,0.,-1.));
#1806=DIRECTION('',(1.,0.,0.));
#1807=DIRECTION('',(0.,-1.,0.));
#1808=DIRECTION('',(0.,0.,-1.));
#1809=DIRECTION('',(1.,0.,0.));
#1810=DIRECTION('',(1.,0.,0.));
#1811=DIRECTION('',(0.,0.,1.));
#1812=DIRECTION('',(1.,0.,0.));
#1813=DIRECTION('',(1.,0.,0.));
#1814=DIRECTION('',(0.,-1.,0.));
#1815=DIRECTION('',(0.,0.,-1.));
#1816=DIRECTION('',(1.,0.,0.));
#1817=DIRECTION('',(0.,-1.,0.));
#1818=DIRECTION('',(0.,0.,-1.));
#1819=DIRECTION('',(1.,0.,0.));
#1820=DIRECTION('',(1.,0.,0.));
#1821=DIRECTION('',(0.,0.,1.));
#1822=DIRECTION('',(1.,0.,0.));
#1823=DIRECTION('',(1.,0.,0.));
#1824=DIRECTION('',(0.,0.,1.));
#1825=DIRECTION('',(1.,0.,0.));
#1826=DIRECTION('',(0.,0.,1.));
#1827=DIRECTION('',(1.,0.,0.));
#1828=DIRECTION('',(7.70988211545248E-17,-6.12323399573677E-17,-1.));
#1829=DIRECTION('',(-1.,0.,-7.70988211545248E-17));
#1830=DIRECTION('',(0.,0.,1.));
#1831=DIRECTION('',(1.,0.,0.));
#1832=DIRECTION('',(7.70988211545248E-17,-6.12323399573677E-17,-1.));
#1833=DIRECTION('',(-1.,0.,-7.70988211545248E-17));
#1834=DIRECTION('',(-1.,0.,0.));
#1835=DIRECTION('',(-1.,0.,0.));
#1836=DIRECTION('',(1.,0.,0.));
#1837=DIRECTION('',(0.,0.,1.));
#1838=DIRECTION('',(1.,0.,0.));
#1839=DIRECTION('',(7.70988211545248E-17,-6.12323399573677E-17,-1.));
#1840=DIRECTION('',(-1.,0.,-7.70988211545248E-17));
#1841=DIRECTION('',(0.,0.,1.));
#1842=DIRECTION('',(1.,0.,0.));
#1843=DIRECTION('',(7.70988211545248E-17,-6.12323399573677E-17,-1.));
#1844=DIRECTION('',(-1.,0.,-7.70988211545248E-17));
#1845=DIRECTION('',(0.,-1.,0.));
#1846=DIRECTION('',(0.,0.,-1.));
#1847=DIRECTION('',(1.,-2.01127359533543E-16,0.));
#1848=DIRECTION('',(2.01127359533543E-16,1.,0.));
#1849=DIRECTION('',(0.,0.,-1.));
#1850=DIRECTION('',(-2.01127359533543E-16,-1.,0.));
#1851=DIRECTION('',(0.,0.,-1.));
#1852=DIRECTION('',(0.,0.,-1.));
#1853=DIRECTION('',(-1.,0.,0.));
#1854=DIRECTION('',(0.,0.,-1.));
#1855=DIRECTION('',(0.,0.,1.));
#1856=DIRECTION('',(1.,0.,0.));
#1857=DIRECTION('',(0.,1.,0.));
#1858=DIRECTION('',(0.,0.,1.));
#1859=DIRECTION('',(0.,0.,-1.));
#1860=DIRECTION('',(1.,0.,0.));
#1861=DIRECTION('',(0.,0.,-1.));
#1862=DIRECTION('',(-1.,0.,0.));
#1863=DIRECTION('',(0.,0.,-1.));
#1864=DIRECTION('',(0.,0.,1.));
#1865=DIRECTION('',(1.,0.,0.));
#1866=DIRECTION('',(1.,-2.01127359533543E-16,0.));
#1867=DIRECTION('',(2.01127359533543E-16,1.,0.));
#1868=DIRECTION('',(0.,0.,-1.));
#1869=DIRECTION('',(-2.01127359533543E-16,-1.,0.));
#1870=DIRECTION('',(0.,0.,-1.));
#1871=DIRECTION('',(-1.,0.,0.));
#1872=DIRECTION('',(0.,0.,-1.));
#1873=DIRECTION('',(0.,0.,1.));
#1874=DIRECTION('',(1.,0.,0.));
#1875=DIRECTION('',(0.,1.,0.));
#1876=DIRECTION('',(0.,0.,1.));
#1877=DIRECTION('',(0.,0.,-1.));
#1878=DIRECTION('',(1.,0.,0.));
#1879=DIRECTION('',(0.,0.,-1.));
#1880=DIRECTION('',(-1.,0.,0.));
#1881=DIRECTION('',(0.,0.,1.));
#1882=DIRECTION('',(1.,0.,0.));
#1883=DIRECTION('',(0.,0.,-1.));
#1884=DIRECTION('',(0.,0.,1.));
#1885=DIRECTION('',(1.,0.,0.));
#1886=DIRECTION('',(0.,0.,-1.));
#1887=DIRECTION('',(1.,-2.01127359533543E-16,0.));
#1888=DIRECTION('',(2.01127359533543E-16,1.,0.));
#1889=DIRECTION('',(-2.01127359533543E-16,-1.,0.));
#1890=DIRECTION('',(0.,0.,-1.));
#1891=DIRECTION('',(-2.01127359533543E-16,-1.,0.));
#1892=DIRECTION('',(0.,0.,-1.));
#1893=DIRECTION('',(-1.,0.,0.));
#1894=DIRECTION('',(0.,0.,1.));
#1895=DIRECTION('',(1.,0.,0.));
#1896=DIRECTION('',(0.,0.,-1.));
#1897=DIRECTION('',(0.,0.,1.));
#1898=DIRECTION('',(1.,0.,0.));
#1899=DIRECTION('',(0.,1.,0.));
#1900=DIRECTION('',(0.,0.,1.));
#1901=DIRECTION('',(1.,0.,0.));
#1902=DIRECTION('',(0.,0.,-1.));
#1903=DIRECTION('',(1.,0.,0.));
#1904=DIRECTION('',(0.,0.,-1.));
#1905=DIRECTION('',(-1.,0.,0.));
#1906=DIRECTION('',(0.,0.,1.));
#1907=DIRECTION('',(1.,0.,0.));
#1908=DIRECTION('',(0.,0.,-1.));
#1909=DIRECTION('',(0.,0.,1.));
#1910=DIRECTION('',(1.,0.,0.));
#1911=DIRECTION('',(1.,-2.01127359533543E-16,0.));
#1912=DIRECTION('',(2.01127359533543E-16,1.,0.));
#1913=DIRECTION('',(-2.01127359533543E-16,-1.,0.));
#1914=DIRECTION('',(0.,0.,-1.));
#1915=DIRECTION('',(-2.01127359533543E-16,-1.,0.));
#1916=DIRECTION('',(0.,0.,-1.));
#1917=DIRECTION('',(-1.,0.,0.));
#1918=DIRECTION('',(0.,0.,1.));
#1919=DIRECTION('',(1.,0.,0.));
#1920=DIRECTION('',(0.,0.,-1.));
#1921=DIRECTION('',(0.,0.,1.));
#1922=DIRECTION('',(1.,0.,0.));
#1923=DIRECTION('',(0.,1.,0.));
#1924=DIRECTION('',(0.,0.,1.));
#1925=DIRECTION('',(1.,0.,0.));
#1926=DIRECTION('',(1.,0.,0.));
#1927=DIRECTION('',(0.,0.,-1.));
#1928=DIRECTION('',(-1.,0.,0.));
#1929=DIRECTION('',(0.,0.,1.));
#1930=DIRECTION('',(1.,0.,0.));
#1931=DIRECTION('',(0.,0.,1.));
#1932=DIRECTION('',(1.,0.,0.));
#1933=DIRECTION('',(-2.01127359533543E-16,-1.,0.));
#1934=DIRECTION('',(0.,0.,1.));
#1935=DIRECTION('',(1.,0.,0.));
#1936=DIRECTION('',(1.,0.,0.));
#1937=DIRECTION('',(0.,0.,1.));
#1938=DIRECTION('',(1.,0.,0.));
#1939=DIRECTION('',(-2.01127359533543E-16,-1.,0.));
#1940=DIRECTION('',(0.,0.,1.));
#1941=DIRECTION('',(1.,0.,0.));
#1942=DIRECTION('',(1.,0.,0.));
#1943=DIRECTION('',(0.,0.,1.));
#1944=DIRECTION('',(1.,0.,0.));
#1945=DIRECTION('',(0.,0.,-1.));
#1946=DIRECTION('',(1.,0.,0.));
#1947=DIRECTION('',(0.,0.,1.));
#1948=DIRECTION('',(1.,0.,0.));
#1949=DIRECTION('',(4.04768811061255E-15,-1.,0.));
#1950=DIRECTION('',(1.,4.04768811061255E-15,0.));
#1951=DIRECTION('',(-1.,0.,0.));
#1952=DIRECTION('',(0.,0.,1.));
#1953=DIRECTION('',(1.,0.,0.));
#1954=DIRECTION('',(0.,0.,-1.));
#1955=DIRECTION('',(-1.,0.,0.));
#1956=DIRECTION('',(0.,0.,1.));
#1957=DIRECTION('',(-2.01127359533543E-16,-1.,0.));
#1958=DIRECTION('',(1.,-2.01127359533543E-16,0.));
#1959=DIRECTION('',(0.,-1.,0.));
#1960=DIRECTION('',(0.,0.,-1.));
#1961=DIRECTION('',(0.,0.,1.));
#1962=DIRECTION('',(1.,0.,0.));
#1963=DIRECTION('',(0.,-1.,0.));
#1964=DIRECTION('',(0.,0.,-1.));
#1965=DIRECTION('',(0.,0.,1.));
#1966=DIRECTION('',(1.,0.,0.));
#1967=DIRECTION('',(-1.,0.,0.));
#1968=DIRECTION('',(0.,0.,1.));
#1969=DIRECTION('',(2.01127359533543E-16,1.,0.));
#1970=DIRECTION('',(-1.,2.01127359533543E-16,0.));
#1971=DIRECTION('',(0.,-1.,0.));
#1972=DIRECTION('',(0.,0.,-1.));
#1973=DIRECTION('',(-1.,0.,0.));
#1974=DIRECTION('',(0.,0.,1.));
#1975=DIRECTION('',(-1.,0.,0.));
#1976=DIRECTION('',(0.,0.,1.));
#1977=DIRECTION('',(0.,0.,1.));
#1978=DIRECTION('',(1.,0.,0.));
#1979=DIRECTION('',(0.,1.,0.));
#1980=DIRECTION('',(0.,0.,1.));
#1981=DIRECTION('',(0.,1.,0.));
#1982=DIRECTION('',(0.,0.,1.));
#1983=DIRECTION('',(0.,-1.,0.));
#1984=DIRECTION('',(0.,0.,-1.));
#1985=DIRECTION('',(0.,-1.,0.));
#1986=DIRECTION('',(0.,0.,-1.));
#1987=DIRECTION('',(-7.70988211545248E-17,6.12323399573677E-17,1.));
#1988=DIRECTION('',(1.,0.,7.70988211545248E-17));
#1989=DIRECTION('',(7.70988211545248E-17,-6.12323399573677E-17,-1.));
#1990=DIRECTION('',(-1.,0.,-7.70988211545248E-17));
#1991=DIRECTION('',(-7.70988211545248E-17,6.12323399573677E-17,1.));
#1992=DIRECTION('',(1.,0.,7.70988211545248E-17));
#1993=DIRECTION('',(7.70988211545248E-17,-6.12323399573677E-17,-1.));
#1994=DIRECTION('',(-1.,0.,-7.70988211545248E-17));
#1995=DIRECTION('',(-7.70988211545248E-17,6.12323399573677E-17,1.));
#1996=DIRECTION('',(1.,0.,7.70988211545248E-17));
#1997=DIRECTION('',(7.70988211545248E-17,-6.12323399573677E-17,-1.));
#1998=DIRECTION('',(-1.,0.,-7.70988211545248E-17));
#1999=DIRECTION('',(-7.70988211545248E-17,6.12323399573677E-17,1.));
#2000=DIRECTION('',(1.,0.,7.70988211545248E-17));
#2001=DIRECTION('',(7.70988211545248E-17,-6.12323399573677E-17,-1.));
#2002=DIRECTION('',(-1.,0.,-7.70988211545248E-17));
#2003=DIRECTION('',(-7.70988211545248E-17,6.12323399573677E-17,1.));
#2004=DIRECTION('',(1.,0.,7.70988211545248E-17));
#2005=DIRECTION('',(7.70988211545248E-17,-6.12323399573677E-17,-1.));
#2006=DIRECTION('',(-1.,0.,-7.70988211545248E-17));
#2007=DIRECTION('',(-7.70988211545248E-17,6.12323399573677E-17,1.));
#2008=DIRECTION('',(1.,0.,7.70988211545248E-17));
#2009=DIRECTION('',(7.70988211545248E-17,-6.12323399573677E-17,-1.));
#2010=DIRECTION('',(-1.,0.,-7.70988211545248E-17));
#2011=DIRECTION('',(-7.70988211545248E-17,6.12323399573677E-17,1.));
#2012=DIRECTION('',(1.,0.,7.70988211545248E-17));
#2013=DIRECTION('',(7.70988211545248E-17,-6.12323399573677E-17,-1.));
#2014=DIRECTION('',(-1.,0.,-7.70988211545248E-17));
#2015=DIRECTION('',(-7.70988211545248E-17,6.12323399573677E-17,1.));
#2016=DIRECTION('',(1.,0.,7.70988211545248E-17));
#2017=DIRECTION('',(7.70988211545248E-17,-6.12323399573677E-17,-1.));
#2018=DIRECTION('',(-1.,0.,-7.70988211545248E-17));
#2019=DIRECTION('',(7.70988211545248E-17,-6.12323399573677E-17,-1.));
#2020=DIRECTION('',(-1.,0.,-7.70988211545248E-17));
#2021=DIRECTION('',(-7.70988211545248E-17,6.12323399573677E-17,1.));
#2022=DIRECTION('',(1.,0.,7.70988211545248E-17));
#2023=DIRECTION('',(-7.70988211545248E-17,6.12323399573677E-17,1.));
#2024=DIRECTION('',(-1.,0.,-7.70988211545248E-17));
#2025=DIRECTION('',(7.70988211545248E-17,-6.12323399573677E-17,-1.));
#2026=DIRECTION('',(-1.,0.,-7.70988211545248E-17));
#2027=DIRECTION('',(-7.70988211545248E-17,6.12323399573677E-17,1.));
#2028=DIRECTION('',(1.,0.,7.70988211545248E-17));
#2029=DIRECTION('',(-7.70988211545248E-17,6.12323399573677E-17,1.));
#2030=DIRECTION('',(-1.,0.,-7.70988211545248E-17));
#2031=DIRECTION('',(7.70988211545248E-17,-6.12323399573677E-17,-1.));
#2032=DIRECTION('',(-1.,0.,-7.70988211545248E-17));
#2033=DIRECTION('',(-7.70988211545248E-17,6.12323399573677E-17,1.));
#2034=DIRECTION('',(1.,0.,7.70988211545248E-17));
#2035=DIRECTION('',(-7.70988211545248E-17,6.12323399573677E-17,1.));
#2036=DIRECTION('',(-1.,0.,-7.70988211545248E-17));
#2037=DIRECTION('',(7.70988211545248E-17,-6.12323399573677E-17,-1.));
#2038=DIRECTION('',(-1.,0.,-7.70988211545248E-17));
#2039=DIRECTION('',(-7.70988211545248E-17,6.12323399573677E-17,1.));
#2040=DIRECTION('',(1.,0.,7.70988211545248E-17));
#2041=DIRECTION('',(-7.70988211545248E-17,6.12323399573677E-17,1.));
#2042=DIRECTION('',(-1.,0.,-7.70988211545248E-17));
#2043=DIRECTION('',(1.,0.,0.));
#2044=DIRECTION('',(0.,0.,-1.));
#2045=DIRECTION('',(0.,1.,0.));
#2046=DIRECTION('',(0.,0.,1.));
#2047=DIRECTION('',(1.,0.,0.));
#2048=DIRECTION('',(1.,0.,0.));
#2049=DIRECTION('',(0.,0.,-1.));
#2050=DIRECTION('',(0.,-5.65670698688089E-17,-1.));
#2051=DIRECTION('',(0.,1.,0.));
#2052=DIRECTION('',(0.,0.,1.));
#2053=DIRECTION('',(1.,0.,0.));
#2054=DIRECTION('',(1.,0.,0.));
#2055=DIRECTION('',(0.,1.,0.));
#2056=DIRECTION('',(0.,0.,1.));
#2057=DIRECTION('',(0.,-1.,5.65670698688089E-17));
#2058=DIRECTION('',(0.,-5.65670698688089E-17,-1.));
#2059=CARTESIAN_POINT('',(0.,0.,0.));
#2060=CARTESIAN_POINT('',(-0.095,1.38777878078145E-17,-0.0775));
#2061=CARTESIAN_POINT('',(-0.095,-1.04083408558608E-17,-0.045));
#2062=CARTESIAN_POINT('',(-0.095,-0.005,-0.045));
#2063=CARTESIAN_POINT('',(-0.095,-0.003,-0.045));
#2064=CARTESIAN_POINT('',(-0.095,-0.003,-0.0335));
#2065=CARTESIAN_POINT('',(-0.095,-0.003,-0.04375));
#2066=CARTESIAN_POINT('',(-0.095,1.38777878078145E-17,-0.04375));
#2067=CARTESIAN_POINT('',(-0.095,-0.07,-0.04375));
#2068=CARTESIAN_POINT('',(-0.095,-0.07,-0.0775));
#2069=CARTESIAN_POINT('',(-0.095,-0.07,-0.0775));
#2070=CARTESIAN_POINT('',(-0.095,1.38777878078145E-17,-0.0775));
#2071=CARTESIAN_POINT('',(-0.095,0.07,-0.0775));
#2072=CARTESIAN_POINT('',(-0.095,0.07,-0.0775));
#2073=CARTESIAN_POINT('',(-0.095,0.07,-0.04375));
#2074=CARTESIAN_POINT('',(-0.095,1.38777878078145E-17,-0.04375));
#2075=CARTESIAN_POINT('',(-0.095,0.063,-0.04375));
#2076=CARTESIAN_POINT('',(-0.095,0.063,-0.0335));
#2077=CARTESIAN_POINT('',(-0.095,0.063,-0.045));
#2078=CARTESIAN_POINT('',(-0.095,0.03,-0.045));
#2079=CARTESIAN_POINT('',(-0.095,0.054,-0.045));
#2080=CARTESIAN_POINT('',(-0.095,0.054,-0.05));
#2081=CARTESIAN_POINT('',(-0.095,0.054,-0.055));
#2082=CARTESIAN_POINT('',(-0.095,0.049,-0.055));
#2083=CARTESIAN_POINT('',(-0.095,0.044,-0.055));
#2084=CARTESIAN_POINT('',(-0.095,0.044,-0.05));
#2085=CARTESIAN_POINT('',(-0.095,0.044,-0.045));
#2086=CARTESIAN_POINT('',(-0.095,0.03,-0.045));
#2087=CARTESIAN_POINT('',(-0.095,0.005,-0.045));
#2088=CARTESIAN_POINT('',(-0.095,0.005,-0.05));
#2089=CARTESIAN_POINT('',(-0.095,0.005,-0.055));
#2090=CARTESIAN_POINT('',(-0.095,-1.04083408558608E-17,-0.055));
#2091=CARTESIAN_POINT('',(-0.095,-0.005,-0.055));
#2092=CARTESIAN_POINT('',(-0.095,-0.005,-0.05));
#2093=CARTESIAN_POINT('',(0.,0.,-0.03875));
#2094=CARTESIAN_POINT('',(-0.094998,0.063,-0.03875));
#2095=CARTESIAN_POINT('',(-0.09625,0.063,-0.03875));
#2096=CARTESIAN_POINT('',(-0.0975,0.063,-0.03875));
#2097=CARTESIAN_POINT('',(-0.09625,0.,-0.03875));
#2098=CARTESIAN_POINT('',(-0.09625,0.07,-0.03875));
#2099=CARTESIAN_POINT('',(0.,0.07,-0.03875));
#2100=CARTESIAN_POINT('',(-0.09375,0.07,-0.03875));
#2101=CARTESIAN_POINT('',(-0.09375,0.0765,-0.03875));
#2102=CARTESIAN_POINT('',(-0.09375,0.0725,-0.03875));
#2103=CARTESIAN_POINT('',(0.,0.0725,-0.03875));
#2104=CARTESIAN_POINT('',(-0.0975,0.0725,-0.03875));
#2105=CARTESIAN_POINT('',(-0.0975,1.38777878078145E-17,-0.03875));
#2106=CARTESIAN_POINT('',(-0.0975,1.38777878078145E-17,-0.0775));
#2107=CARTESIAN_POINT('',(-0.0975,0.063,-0.0335));
#2108=CARTESIAN_POINT('',(-0.0975,0.063,-0.045));
#2109=CARTESIAN_POINT('',(-0.0975,0.0725,-0.0775));
#2110=CARTESIAN_POINT('',(-0.0975,0.0725,-0.08));
#2111=CARTESIAN_POINT('',(-0.0975,1.38777878078145E-17,-0.08));
#2112=CARTESIAN_POINT('',(-0.0975,-0.0725,-0.08));
#2113=CARTESIAN_POINT('',(-0.0975,-0.0725,-0.0775));
#2114=CARTESIAN_POINT('',(-0.0975,-0.0725,-0.03875));
#2115=CARTESIAN_POINT('',(-0.0975,1.38777878078145E-17,-0.03875));
#2116=CARTESIAN_POINT('',(-0.0975,-0.003,-0.03875));
#2117=CARTESIAN_POINT('',(-0.0975,-0.003,-0.0335));
#2118=CARTESIAN_POINT('',(-0.0975,-0.003,-0.045));
#2119=CARTESIAN_POINT('',(-0.0975,0.03,-0.045));
#2120=CARTESIAN_POINT('',(-0.09625,0.,-0.04375));
#2121=CARTESIAN_POINT('',(-0.09625,0.063,-0.04375));
#2122=CARTESIAN_POINT('',(-0.09625,0.063,-0.04375));
#2123=CARTESIAN_POINT('',(-0.09625,0.,-0.04375));
#2124=CARTESIAN_POINT('',(-0.09625,0.07,-0.04375));
#2125=CARTESIAN_POINT('',(-0.09625,0.07,-0.04375));
#2126=CARTESIAN_POINT('',(0.,0.,-0.04375));
#2127=CARTESIAN_POINT('',(0.,0.063,-0.04375));
#2128=CARTESIAN_POINT('',(-0.095625,0.07,-0.04375));
#2129=CARTESIAN_POINT('',(0.095,1.38777878078145E-17,-0.0775));
#2130=CARTESIAN_POINT('',(0.095,-1.04083408558608E-17,-0.045));
#2131=CARTESIAN_POINT('',(0.095,0.005,-0.045));
#2132=CARTESIAN_POINT('',(0.095,-0.005,-0.045));
#2133=CARTESIAN_POINT('',(0.095,-0.005,-0.05));
#2134=CARTESIAN_POINT('',(0.095,-0.005,-0.055));
#2135=CARTESIAN_POINT('',(0.095,-1.04083408558608E-17,-0.055));
#2136=CARTESIAN_POINT('',(0.095,0.005,-0.055));
#2137=CARTESIAN_POINT('',(0.095,0.005,-0.05));
#2138=CARTESIAN_POINT('',(0.095,0.049,-0.045));
#2139=CARTESIAN_POINT('',(0.095,0.054,-0.045));
#2140=CARTESIAN_POINT('',(0.095,0.044,-0.045));
#2141=CARTESIAN_POINT('',(0.095,0.044,-0.05));
#2142=CARTESIAN_POINT('',(0.095,0.044,-0.055));
#2143=CARTESIAN_POINT('',(0.095,0.049,-0.055));
#2144=CARTESIAN_POINT('',(0.095,0.054,-0.055));
#2145=CARTESIAN_POINT('',(0.095,0.054,-0.05));
#2146=CARTESIAN_POINT('',(0.095,0.,-0.04375));
#2147=CARTESIAN_POINT('',(0.095,0.07,-0.04375));
#2148=CARTESIAN_POINT('',(0.095,-0.07,-0.04375));
#2149=CARTESIAN_POINT('',(0.095,0.07,-0.0775));
#2150=CARTESIAN_POINT('',(0.095,0.07,-0.0775));
#2151=CARTESIAN_POINT('',(0.095,1.38777878078145E-17,-0.0775));
#2152=CARTESIAN_POINT('',(0.095,-0.07,-0.0775));
#2153=CARTESIAN_POINT('',(0.095,-0.07,-0.0775));
#2154=CARTESIAN_POINT('',(0.,0.,-0.03875));
#2155=CARTESIAN_POINT('',(-0.09625,0.,-0.03875));
#2156=CARTESIAN_POINT('',(-0.09625,-0.07,-0.03875));
#2157=CARTESIAN_POINT('',(-0.09625,-0.003,-0.03875));
#2158=CARTESIAN_POINT('',(-0.094998,-0.003,-0.03875));
#2159=CARTESIAN_POINT('',(0.,-0.0725,-0.03875));
#2160=CARTESIAN_POINT('',(-0.09375,-0.0725,-0.03875));
#2161=CARTESIAN_POINT('',(-0.09375,-0.0765,-0.03875));
#2162=CARTESIAN_POINT('',(-0.09375,-0.07,-0.03875));
#2163=CARTESIAN_POINT('',(0.,-0.07,-0.03875));
#2164=CARTESIAN_POINT('',(0.,0.,-0.03875));
#2165=CARTESIAN_POINT('',(-0.09125,0.0765,-0.03875));
#2166=CARTESIAN_POINT('',(-0.09125,0.07,-0.03875));
#2167=CARTESIAN_POINT('',(-0.09125,0.0725,-0.03875));
#2168=CARTESIAN_POINT('',(0.,0.07,-0.03875));
#2169=CARTESIAN_POINT('',(0.09125,0.07,-0.03875));
#2170=CARTESIAN_POINT('',(0.09125,0.0765,-0.03875));
#2171=CARTESIAN_POINT('',(0.09125,0.0725,-0.03875));
#2172=CARTESIAN_POINT('',(0.,0.0725,-0.03875));
#2173=CARTESIAN_POINT('',(0.,0.,-0.03875));
#2174=CARTESIAN_POINT('',(0.,0.07,-0.03875));
#2175=CARTESIAN_POINT('',(0.09375,0.07,-0.03875));
#2176=CARTESIAN_POINT('',(0.09625,0.07,-0.03875));
#2177=CARTESIAN_POINT('',(0.09625,0.,-0.03875));
#2178=CARTESIAN_POINT('',(0.09625,-0.07,-0.03875));
#2179=CARTESIAN_POINT('',(0.,-0.07,-0.03875));
#2180=CARTESIAN_POINT('',(0.09375,-0.07,-0.03875));
#2181=CARTESIAN_POINT('',(0.09375,-0.0765,-0.03875));
#2182=CARTESIAN_POINT('',(0.09375,-0.0725,-0.03875));
#2183=CARTESIAN_POINT('',(0.,-0.0725,-0.03875));
#2184=CARTESIAN_POINT('',(0.0975,-0.0725,-0.03875));
#2185=CARTESIAN_POINT('',(0.0975,0.,-0.03875));
#2186=CARTESIAN_POINT('',(0.0975,0.0725,-0.03875));
#2187=CARTESIAN_POINT('',(0.,0.0725,-0.03875));
#2188=CARTESIAN_POINT('',(0.09375,0.0725,-0.03875));
#2189=CARTESIAN_POINT('',(0.09375,0.0765,-0.03875));
#2190=CARTESIAN_POINT('',(0.,0.,-0.03875));
#2191=CARTESIAN_POINT('',(0.09125,-0.0765,-0.03875));
#2192=CARTESIAN_POINT('',(0.09125,-0.07,-0.03875));
#2193=CARTESIAN_POINT('',(0.09125,-0.0725,-0.03875));
#2194=CARTESIAN_POINT('',(0.,-0.07,-0.03875));
#2195=CARTESIAN_POINT('',(-0.09125,-0.07,-0.03875));
#2196=CARTESIAN_POINT('',(-0.09125,-0.0765,-0.03875));
#2197=CARTESIAN_POINT('',(-0.09125,-0.0725,-0.03875));
#2198=CARTESIAN_POINT('',(0.,-0.0725,-0.03875));
#2199=CARTESIAN_POINT('',(0.,-0.0725,-0.0775));
#2200=CARTESIAN_POINT('',(0.0925,-0.0725,-0.03875));
#2201=CARTESIAN_POINT('',(-0.0925,-0.0725,-0.03875));
#2202=CARTESIAN_POINT('',(0.,-0.0725,-0.08));
#2203=CARTESIAN_POINT('',(0.0975,-0.0725,-0.08));
#2204=CARTESIAN_POINT('',(0.0975,-0.0725,-0.0775));
#2205=CARTESIAN_POINT('',(0.,0.0725,-0.0775));
#2206=CARTESIAN_POINT('',(-0.0925,0.0725,-0.03875));
#2207=CARTESIAN_POINT('',(0.0925,0.0725,-0.03875));
#2208=CARTESIAN_POINT('',(0.0975,0.0725,-0.0775));
#2209=CARTESIAN_POINT('',(0.0975,0.0725,-0.08));
#2210=CARTESIAN_POINT('',(0.,0.0725,-0.08));
#2211=CARTESIAN_POINT('',(0.,-0.07,-0.0775));
#2212=CARTESIAN_POINT('',(0.0925,-0.07,-0.03875));
#2213=CARTESIAN_POINT('',(0.09625,-0.07,-0.04375));
#2214=CARTESIAN_POINT('',(0.09625,-0.07,-0.04375));
#2215=CARTESIAN_POINT('',(0.095625,-0.07,-0.04375));
#2216=CARTESIAN_POINT('',(0.,-0.07,-0.0775));
#2217=CARTESIAN_POINT('',(-0.095625,-0.07,-0.04375));
#2218=CARTESIAN_POINT('',(-0.09625,-0.07,-0.04375));
#2219=CARTESIAN_POINT('',(-0.09625,-0.07,-0.04375));
#2220=CARTESIAN_POINT('',(-0.0925,-0.07,-0.03875));
#2221=CARTESIAN_POINT('',(0.,0.07,-0.0775));
#2222=CARTESIAN_POINT('',(-0.0925,0.07,-0.03875));
#2223=CARTESIAN_POINT('',(0.,0.07,-0.0775));
#2224=CARTESIAN_POINT('',(0.095625,0.07,-0.04375));
#2225=CARTESIAN_POINT('',(0.09625,0.07,-0.04375));
#2226=CARTESIAN_POINT('',(0.09625,0.07,-0.04375));
#2227=CARTESIAN_POINT('',(0.0925,0.07,-0.03875));
#2228=CARTESIAN_POINT('',(0.0975,0.,-0.0775));
#2229=CARTESIAN_POINT('',(0.0975,0.,-0.08));
#2230=CARTESIAN_POINT('',(0.,0.,-0.0775));
#2231=CARTESIAN_POINT('',(0.0745,-0.0545,-0.0775));
#2232=CARTESIAN_POINT('',(0.0745,-0.061,-0.0775));
#2233=CARTESIAN_POINT('',(0.081,-0.0545,-0.0775));
#2234=CARTESIAN_POINT('',(1.38777878078145E-17,-0.061,-0.0775));
#2235=CARTESIAN_POINT('',(-0.0745,-0.061,-0.0775));
#2236=CARTESIAN_POINT('',(-0.0745,-0.0545,-0.0775));
#2237=CARTESIAN_POINT('',(-0.081,-0.0545,-0.0775));
#2238=CARTESIAN_POINT('',(-0.081,-0.02,-0.0775));
#2239=CARTESIAN_POINT('',(-0.081,0.0145,-0.0775));
#2240=CARTESIAN_POINT('',(-0.0745,0.0145,-0.0775));
#2241=CARTESIAN_POINT('',(-0.0745,0.021,-0.0775));
#2242=CARTESIAN_POINT('',(1.38777878078145E-17,0.021,-0.0775));
#2243=CARTESIAN_POINT('',(0.0745,0.021,-0.0775));
#2244=CARTESIAN_POINT('',(0.0745,0.0145,-0.0775));
#2245=CARTESIAN_POINT('',(0.081,0.0145,-0.0775));
#2246=CARTESIAN_POINT('',(0.081,-0.02,-0.0775));
#2247=CARTESIAN_POINT('',(0.,0.,-0.08));
#2248=CARTESIAN_POINT('',(-0.097502,0.005,-0.05));
#2249=CARTESIAN_POINT('',(-0.097502,0.005,-0.055));
#2250=CARTESIAN_POINT('',(-0.097502,0.005,-0.045));
#2251=CARTESIAN_POINT('',(-0.097502,-1.04083408558608E-17,-0.055));
#2252=CARTESIAN_POINT('',(-0.097502,-0.005,-0.055));
#2253=CARTESIAN_POINT('',(-0.097502,-0.005,-0.05));
#2254=CARTESIAN_POINT('',(-0.097502,-0.005,-0.045));
#2255=CARTESIAN_POINT('',(-0.097502,0.054,-0.05));
#2256=CARTESIAN_POINT('',(-0.097502,0.054,-0.055));
#2257=CARTESIAN_POINT('',(-0.097502,0.054,-0.045));
#2258=CARTESIAN_POINT('',(-0.097502,0.049,-0.055));
#2259=CARTESIAN_POINT('',(-0.097502,0.044,-0.055));
#2260=CARTESIAN_POINT('',(-0.097502,0.049,-0.045));
#2261=CARTESIAN_POINT('',(0.0503028030520425,0.049,-0.045));
#2262=CARTESIAN_POINT('',(0.051246746084783,0.049399495370362,-0.045));
#2263=CARTESIAN_POINT('',(0.0512485917162092,0.0486048939348303,-0.045));
#2264=CARTESIAN_POINT('',(0.0512485917162092,0.0486048939348304,-0.045));
#2265=CARTESIAN_POINT('',(0.0510984621916675,0.0483436071897995,-0.045));
#2266=CARTESIAN_POINT('',(0.050560141668252,0.0479622128823542,-0.045));
#2267=CARTESIAN_POINT('',(0.0499205648973566,0.0482050083816759,-0.045));
#2268=CARTESIAN_POINT('',(0.0497459539432126,0.0484517733406693,-0.045));
#2269=CARTESIAN_POINT('',(0.0497459539432126,0.0484517733406693,-0.045));
#2270=CARTESIAN_POINT('',(0.0503028030520425,0.049,-0.045));
#2271=CARTESIAN_POINT('',(0.0497450581725396,0.0495473153107614,-0.045));
#2272=CARTESIAN_POINT('',(0.0497450581725396,0.0495473153107614,-0.045));
#2273=CARTESIAN_POINT('',(0.0499199237246806,0.0497926640942814,-0.045));
#2274=CARTESIAN_POINT('',(0.0505531808480849,0.0500386310972986,-0.045));
#2275=CARTESIAN_POINT('',(0.0510962159003746,0.0496598181437538,-0.045));
#2276=CARTESIAN_POINT('',(0.051246746084783,0.049399495370362,-0.045));
#2277=CARTESIAN_POINT('',(-0.00769719694795748,0.049,-0.045));
#2278=CARTESIAN_POINT('',(-0.00675325391521698,0.049399495370362,-0.045));
#2279=CARTESIAN_POINT('',(-0.00675140828379083,0.0486048939348303,-0.045));
#2280=CARTESIAN_POINT('',(-0.00675140828379081,0.0486048939348304,-0.045));
#2281=CARTESIAN_POINT('',(-0.00690153780833251,0.0483436071897995,-0.045));
#2282=CARTESIAN_POINT('',(-0.0074398583317481,0.0479622128823542,-0.0449999999999999));
#2283=CARTESIAN_POINT('',(-0.00807943510264342,0.0482050083816759,-0.045));
#2284=CARTESIAN_POINT('',(-0.00825404605678741,0.0484517733406693,-0.045));
#2285=CARTESIAN_POINT('',(-0.00825404605678741,0.0484517733406693,-0.045));
#2286=CARTESIAN_POINT('',(-0.00769719694795748,0.049,-0.045));
#2287=CARTESIAN_POINT('',(-0.00825494182746039,0.0495473153107614,-0.045));
#2288=CARTESIAN_POINT('',(-0.00825494182746039,0.0495473153107614,-0.045));
#2289=CARTESIAN_POINT('',(-0.00808007627531943,0.0497926640942814,-0.045));
#2290=CARTESIAN_POINT('',(-0.00744681915191515,0.0500386310972986,-0.045));
#2291=CARTESIAN_POINT('',(-0.00690378409962542,0.0496598181437538,-0.045));
#2292=CARTESIAN_POINT('',(-0.00675325391521699,0.049399495370362,-0.045));
#2293=CARTESIAN_POINT('',(-0.094998,0.063,-0.045));
#2294=CARTESIAN_POINT('',(-0.094998,-0.003,-0.045));
#2295=CARTESIAN_POINT('',(-0.097502,0.044,-0.045));
#2296=CARTESIAN_POINT('',(-0.00769719694795748,-7.03686564783901E-18,-0.045));
#2297=CARTESIAN_POINT('',(-0.00675325391521698,0.00039949537036199,-0.045));
#2298=CARTESIAN_POINT('',(-0.00675140828379083,-0.000395106065169688,-0.045));
#2299=CARTESIAN_POINT('',(-0.00675140828379081,-0.000395106065169628,-0.045));
#2300=CARTESIAN_POINT('',(-0.00690153780833254,-0.000656392810200486,-0.045));
#2301=CARTESIAN_POINT('',(-0.0074398583317481,-0.00103778711764584,-0.045));
#2302=CARTESIAN_POINT('',(-0.00807943510264342,-0.000794991618324077,-0.045));
#2303=CARTESIAN_POINT('',(-0.00825404605678741,-0.000548226659330655,-0.045));
#2304=CARTESIAN_POINT('',(-0.00825404605678741,-0.000548226659330655,-0.045));
#2305=CARTESIAN_POINT('',(-0.00769719694795748,-7.03686564783901E-18,-0.045));
#2306=CARTESIAN_POINT('',(-0.00825494182746039,0.000547315310761364,-0.045));
#2307=CARTESIAN_POINT('',(-0.00825494182746039,0.000547315310761364,-0.045));
#2308=CARTESIAN_POINT('',(-0.00808007627531943,0.000792664094281375,-0.045));
#2309=CARTESIAN_POINT('',(-0.00744681915191517,0.00103863109729863,-0.045));
#2310=CARTESIAN_POINT('',(-0.00690378409962542,0.000659818143753824,-0.045));
#2311=CARTESIAN_POINT('',(-0.00675325391521699,0.000399495370362005,-0.045));
#2312=CARTESIAN_POINT('',(0.0503028030520425,-9.79717439317872E-20,-0.045));
#2313=CARTESIAN_POINT('',(0.051246746084783,0.000399495370361997,-0.045));
#2314=CARTESIAN_POINT('',(0.0512485917162092,-0.000395106065169681,-0.045));
#2315=CARTESIAN_POINT('',(0.0512485917162092,-0.000395106065169621,-0.045));
#2316=CARTESIAN_POINT('',(0.0510984621916675,-0.000656392810200479,-0.045));
#2317=CARTESIAN_POINT('',(0.050560141668252,-0.00103778711764581,-0.045));
#2318=CARTESIAN_POINT('',(0.0499205648973566,-0.000794991618324091,-0.045));
#2319=CARTESIAN_POINT('',(0.0497459539432126,-0.000548226659330648,-0.045));
#2320=CARTESIAN_POINT('',(0.0497459539432126,-0.000548226659330648,-0.045));
#2321=CARTESIAN_POINT('',(0.0503028030520425,-9.79717439317872E-20,-0.045));
#2322=CARTESIAN_POINT('',(0.0497450581725396,0.000547315310761371,-0.045));
#2323=CARTESIAN_POINT('',(0.0497450581725396,0.000547315310761371,-0.045));
#2324=CARTESIAN_POINT('',(0.0499199237246806,0.000792664094281393,-0.045));
#2325=CARTESIAN_POINT('',(0.0505531808480848,0.00103863109729866,-0.045));
#2326=CARTESIAN_POINT('',(0.0510962159003746,0.000659818143753816,-0.045));
#2327=CARTESIAN_POINT('',(0.051246746084783,0.000399495370362012,-0.045));
#2328=CARTESIAN_POINT('',(-0.097502,0.044,-0.05));
#2329=CARTESIAN_POINT('',(0.081,-0.02,-0.0725));
#2330=CARTESIAN_POINT('',(0.081,0.0145,-0.0725));
#2331=CARTESIAN_POINT('',(0.081,0.0145,-0.0755));
#2332=CARTESIAN_POINT('',(0.081,-0.02,-0.0755));
#2333=CARTESIAN_POINT('',(0.081,-0.0545,-0.0755));
#2334=CARTESIAN_POINT('',(0.081,-0.0545,-0.0725));
#2335=CARTESIAN_POINT('',(0.0745,0.0145,-0.0725));
#2336=CARTESIAN_POINT('',(0.0745,0.021,-0.0725));
#2337=CARTESIAN_POINT('',(0.0745,0.021,-0.0755));
#2338=CARTESIAN_POINT('',(0.0745,0.0145,-0.0755));
#2339=CARTESIAN_POINT('',(1.38777878078145E-17,0.021,-0.0725));
#2340=CARTESIAN_POINT('',(-0.0745,0.021,-0.0725));
#2341=CARTESIAN_POINT('',(-0.0745,0.021,-0.0755));
#2342=CARTESIAN_POINT('',(1.38777878078145E-17,0.021,-0.0755));
#2343=CARTESIAN_POINT('',(-0.0745,0.0145,-0.0725));
#2344=CARTESIAN_POINT('',(-0.081,0.0145,-0.0725));
#2345=CARTESIAN_POINT('',(-0.081,0.0145,-0.0755));
#2346=CARTESIAN_POINT('',(-0.0745,0.0145,-0.0755));
#2347=CARTESIAN_POINT('',(-0.081,-0.02,-0.0725));
#2348=CARTESIAN_POINT('',(-0.081,-0.0545,-0.0725));
#2349=CARTESIAN_POINT('',(-0.081,-0.0545,-0.0755));
#2350=CARTESIAN_POINT('',(-0.081,0.0145,-0.0755));
#2351=CARTESIAN_POINT('',(-0.0745,-0.0545,-0.0725));
#2352=CARTESIAN_POINT('',(-0.0745,-0.061,-0.0725));
#2353=CARTESIAN_POINT('',(-0.0745,-0.061,-0.0755));
#2354=CARTESIAN_POINT('',(-0.0745,-0.0545,-0.0755));
#2355=CARTESIAN_POINT('',(1.38777878078145E-17,-0.061,-0.0725));
#2356=CARTESIAN_POINT('',(0.0745,-0.061,-0.0725));
#2357=CARTESIAN_POINT('',(0.0745,-0.061,-0.0755));
#2358=CARTESIAN_POINT('',(-0.0745,-0.061,-0.0755));
#2359=CARTESIAN_POINT('',(-0.0745,-0.0545,-0.0725));
#2360=CARTESIAN_POINT('',(-0.0745,-0.0545,-0.0775));
#2361=CARTESIAN_POINT('',(-0.0775,-0.0545,-0.0775));
#2362=CARTESIAN_POINT('',(-0.0745,-0.0575,-0.0775));
#2363=CARTESIAN_POINT('',(-0.0775,-0.0545,-0.0725));
#2364=CARTESIAN_POINT('',(-0.0775,-0.0545,-0.0725));
#2365=CARTESIAN_POINT('',(-0.0745,-0.0545,-0.0725));
#2366=CARTESIAN_POINT('',(-0.0745,-0.0575,-0.0725));
#2367=CARTESIAN_POINT('',(-0.0745,-0.0575,-0.0725));
#2368=CARTESIAN_POINT('',(-0.0775,-0.02,-0.0725));
#2369=CARTESIAN_POINT('',(-0.0775,-0.02,-0.0775));
#2370=CARTESIAN_POINT('',(-0.0775,0.0145,-0.0775));
#2371=CARTESIAN_POINT('',(-0.0775,0.0145,-0.0725));
#2372=CARTESIAN_POINT('',(-0.0775,0.0145,-0.0725));
#2373=CARTESIAN_POINT('',(-0.0775,-0.02,-0.0725));
#2374=CARTESIAN_POINT('',(-0.0745,0.0145,-0.0725));
#2375=CARTESIAN_POINT('',(-0.0745,0.0145,-0.0775));
#2376=CARTESIAN_POINT('',(-0.0745,0.0175,-0.0775));
#2377=CARTESIAN_POINT('',(-0.0745,0.0175,-0.0725));
#2378=CARTESIAN_POINT('',(-0.0745,0.0175,-0.0725));
#2379=CARTESIAN_POINT('',(-0.0745,0.0145,-0.0725));
#2380=CARTESIAN_POINT('',(1.38777878078145E-17,0.0175,-0.0725));
#2381=CARTESIAN_POINT('',(1.38777878078145E-17,0.0175,-0.0775));
#2382=CARTESIAN_POINT('',(0.0745,0.0175,-0.0775));
#2383=CARTESIAN_POINT('',(0.0745,0.0175,-0.0725));
#2384=CARTESIAN_POINT('',(0.0745,0.0175,-0.0725));
#2385=CARTESIAN_POINT('',(1.38777878078145E-17,0.0175,-0.0725));
#2386=CARTESIAN_POINT('',(0.0745,0.0145,-0.0725));
#2387=CARTESIAN_POINT('',(0.0745,0.0145,-0.0775));
#2388=CARTESIAN_POINT('',(0.0775,0.0145,-0.0775));
#2389=CARTESIAN_POINT('',(0.0775,0.0145,-0.0725));
#2390=CARTESIAN_POINT('',(0.0775,0.0145,-0.0725));
#2391=CARTESIAN_POINT('',(0.0745,0.0145,-0.0725));
#2392=CARTESIAN_POINT('',(0.0775,-0.02,-0.0725));
#2393=CARTESIAN_POINT('',(0.0775,-0.02,-0.0775));
#2394=CARTESIAN_POINT('',(0.0775,-0.0545,-0.0775));
#2395=CARTESIAN_POINT('',(0.0775,-0.0545,-0.0725));
#2396=CARTESIAN_POINT('',(0.0775,-0.0545,-0.0725));
#2397=CARTESIAN_POINT('',(0.0775,-0.02,-0.0725));
#2398=CARTESIAN_POINT('',(0.0745,-0.0545,-0.0725));
#2399=CARTESIAN_POINT('',(0.0745,-0.0545,-0.0775));
#2400=CARTESIAN_POINT('',(0.0745,-0.0575,-0.0775));
#2401=CARTESIAN_POINT('',(0.0745,-0.0575,-0.0725));
#2402=CARTESIAN_POINT('',(0.0745,-0.0575,-0.0725));
#2403=CARTESIAN_POINT('',(0.0745,-0.0545,-0.0725));
#2404=CARTESIAN_POINT('',(1.38777878078145E-17,-0.0575,-0.0725));
#2405=CARTESIAN_POINT('',(1.38777878078145E-17,-0.0575,-0.0775));
#2406=CARTESIAN_POINT('',(1.38777878078145E-17,-0.0575,-0.0725));
#2407=CARTESIAN_POINT('',(0.0745,-0.0545,-0.0725));
#2408=CARTESIAN_POINT('',(0.0745,-0.0545,-0.0755));
#2409=CARTESIAN_POINT('',(0.,0.,-0.0725));
#2410=CARTESIAN_POINT('',(-0.078,-0.0545,-0.0725));
#2411=CARTESIAN_POINT('',(-0.078,0.0145,-0.0725));
#2412=CARTESIAN_POINT('',(-0.078,-0.0545,-0.0725));
#2413=CARTESIAN_POINT('',(-0.0745,-0.0545,-0.0725));
#2414=CARTESIAN_POINT('',(-0.0745,-0.058,-0.0725));
#2415=CARTESIAN_POINT('',(0.0745,-0.058,-0.0725));
#2416=CARTESIAN_POINT('',(0.0745,-0.058,-0.0725));
#2417=CARTESIAN_POINT('',(0.0745,-0.0545,-0.0725));
#2418=CARTESIAN_POINT('',(0.078,-0.0545,-0.0725));
#2419=CARTESIAN_POINT('',(0.078,-1.56879340436164E-17,-0.0725));
#2420=CARTESIAN_POINT('',(0.078,0.0145,-0.0725));
#2421=CARTESIAN_POINT('',(0.0745,0.0145,-0.0725));
#2422=CARTESIAN_POINT('',(0.0745,0.018,-0.0725));
#2423=CARTESIAN_POINT('',(0.,0.018,-0.0725));
#2424=CARTESIAN_POINT('',(-0.0745,0.018,-0.0725));
#2425=CARTESIAN_POINT('',(-0.0745,0.0145,-0.0725));
#2426=CARTESIAN_POINT('',(0.,0.,-0.0775));
#2427=CARTESIAN_POINT('',(0.0745,0.0145,-0.0755));
#2428=CARTESIAN_POINT('',(0.078,0.0145,-0.0755));
#2429=CARTESIAN_POINT('',(0.0745,0.018,-0.0755));
#2430=CARTESIAN_POINT('',(1.38777878078145E-17,0.018,-0.0755));
#2431=CARTESIAN_POINT('',(-0.0745,0.018,-0.0755));
#2432=CARTESIAN_POINT('',(0.078,-0.02,-0.0755));
#2433=CARTESIAN_POINT('',(0.078,-0.0545,-0.0755));
#2434=CARTESIAN_POINT('',(-0.0745,0.0145,-0.0755));
#2435=CARTESIAN_POINT('',(-0.078,0.0145,-0.0755));
#2436=CARTESIAN_POINT('',(0.0745,-0.0545,-0.0755));
#2437=CARTESIAN_POINT('',(0.0745,-0.058,-0.0755));
#2438=CARTESIAN_POINT('',(-0.078,1.56879340436164E-17,-0.0755));
#2439=CARTESIAN_POINT('',(-0.078,-0.0545,-0.0755));
#2440=CARTESIAN_POINT('',(0.,-0.058,-0.0755));
#2441=CARTESIAN_POINT('',(-0.0745,-0.058,-0.0755));
#2442=CARTESIAN_POINT('',(-0.0745,-0.0545,-0.0755));
#2443=CARTESIAN_POINT('',(-0.0925,-0.0765,-0.03875));
#2444=CARTESIAN_POINT('',(0.0925,-0.0765,-0.03875));
#2445=CARTESIAN_POINT('',(0.0925,0.0765,-0.03875));
#2446=CARTESIAN_POINT('',(-0.0925,0.0765,-0.03875));
#2447=CARTESIAN_POINT('',(-0.00769719694795748,0.049,-0.0514));
#2448=CARTESIAN_POINT('',(-0.00769719694795748,0.049,-0.0520158821345033));
#2449=CARTESIAN_POINT('',(-0.00769719694795748,0.049,-0.0514));
#2450=CARTESIAN_POINT('',(-0.00714806880244942,0.0481345040266928,-0.0514));
#2451=CARTESIAN_POINT('',(-0.00790969499739464,0.0479972689398521,-0.0514));
#2452=CARTESIAN_POINT('',(-0.00769719694795748,0.049,-0.0514));
#2453=CARTESIAN_POINT('',(-0.00769719694795748,0.049,-0.0434));
#2454=CARTESIAN_POINT('',(-0.00667422651918721,0.0490644709381161,-0.0449673672528587));
#2455=CARTESIAN_POINT('',(-0.00663700420571098,0.0484738586856925,-0.0450048672528587));
#2456=CARTESIAN_POINT('',(-0.007129878263358,0.0481463170904227,-0.0450423672528587));
#2457=CARTESIAN_POINT('',(-0.00762275232100502,0.0478187754951529,-0.0450798672528586));
#2458=CARTESIAN_POINT('',(-0.00815284869212827,0.0480818461523066,-0.0451173672528587));
#2459=CARTESIAN_POINT('',(-0.00868294506325152,0.0483449168094603,-0.0451548672528587));
#2460=CARTESIAN_POINT('',(-0.00872016737672775,0.0489355290618839,-0.0451923672528587));
#2461=CARTESIAN_POINT('',(-0.00875738969020397,0.0495261413143074,-0.0452298672528587));
#2462=CARTESIAN_POINT('',(-0.00826451563255696,0.0498536829095773,-0.0452673672528587));
#2463=CARTESIAN_POINT('',(-0.00777164157490994,0.050181224504847,-0.0453048672528586));
#2464=CARTESIAN_POINT('',(-0.00724154520378669,0.0499181538476933,-0.0453423672528587));
#2465=CARTESIAN_POINT('',(-0.00671144883266343,0.0496550831905396,-0.0453798672528586));
#2466=CARTESIAN_POINT('',(-0.00667422651918721,0.0490644709381161,-0.0454173672528587));
#2467=CARTESIAN_POINT('',(-0.00663700420571098,0.0484738586856925,-0.0454548672528587));
#2468=CARTESIAN_POINT('',(-0.007129878263358,0.0481463170904227,-0.0454923672528587));
#2469=CARTESIAN_POINT('',(-0.00762275232100502,0.0478187754951529,-0.0455298672528587));
#2470=CARTESIAN_POINT('',(-0.00815284869212827,0.0480818461523066,-0.0455673672528587));
#2471=CARTESIAN_POINT('',(-0.00868294506325152,0.0483449168094603,-0.0456048672528587));
#2472=CARTESIAN_POINT('',(-0.00872016737672775,0.0489355290618839,-0.0456423672528587));
#2473=CARTESIAN_POINT('',(-0.00875738969020397,0.0495261413143074,-0.0456798672528587));
#2474=CARTESIAN_POINT('',(-0.00826451563255696,0.0498536829095773,-0.0457173672528587));
#2475=CARTESIAN_POINT('',(-0.00777164157490994,0.050181224504847,-0.0457548672528586));
#2476=CARTESIAN_POINT('',(-0.00724154520378669,0.0499181538476933,-0.0457923672528587));
#2477=CARTESIAN_POINT('',(-0.00671144883266343,0.0496550831905396,-0.0458298672528586));
#2478=CARTESIAN_POINT('',(-0.00667422651918721,0.0490644709381161,-0.0458673672528587));
#2479=CARTESIAN_POINT('',(-0.00663700420571098,0.0484738586856925,-0.0459048672528587));
#2480=CARTESIAN_POINT('',(-0.007129878263358,0.0481463170904227,-0.0459423672528587));
#2481=CARTESIAN_POINT('',(-0.00762275232100502,0.0478187754951529,-0.0459798672528586));
#2482=CARTESIAN_POINT('',(-0.00815284869212827,0.0480818461523066,-0.0460173672528587));
#2483=CARTESIAN_POINT('',(-0.00868294506325152,0.0483449168094603,-0.0460548672528587));
#2484=CARTESIAN_POINT('',(-0.00872016737672775,0.0489355290618839,-0.0460923672528587));
#2485=CARTESIAN_POINT('',(-0.00875738969020397,0.0495261413143074,-0.0461298672528587));
#2486=CARTESIAN_POINT('',(-0.00826451563255696,0.0498536829095773,-0.0461673672528587));
#2487=CARTESIAN_POINT('',(-0.00777164157490994,0.050181224504847,-0.0462048672528586));
#2488=CARTESIAN_POINT('',(-0.00724154520378669,0.0499181538476933,-0.0462423672528587));
#2489=CARTESIAN_POINT('',(-0.00671144883266344,0.0496550831905396,-0.0462798672528587));
#2490=CARTESIAN_POINT('',(-0.00667422651918721,0.0490644709381161,-0.0463173672528587));
#2491=CARTESIAN_POINT('',(-0.00663700420571098,0.0484738586856925,-0.0463548672528587));
#2492=CARTESIAN_POINT('',(-0.007129878263358,0.0481463170904227,-0.0463923672528587));
#2493=CARTESIAN_POINT('',(-0.00762275232100502,0.0478187754951529,-0.0464298672528586));
#2494=CARTESIAN_POINT('',(-0.00815284869212827,0.0480818461523066,-0.0464673672528587));
#2495=CARTESIAN_POINT('',(-0.00868294506325151,0.0483449168094603,-0.0465048672528587));
#2496=CARTESIAN_POINT('',(-0.00872016737672775,0.0489355290618839,-0.0465423672528587));
#2497=CARTESIAN_POINT('',(-0.00875738969020397,0.0495261413143074,-0.0465798672528587));
#2498=CARTESIAN_POINT('',(-0.00826451563255696,0.0498536829095773,-0.0466173672528587));
#2499=CARTESIAN_POINT('',(-0.00777164157490994,0.050181224504847,-0.0466548672528586));
#2500=CARTESIAN_POINT('',(-0.00724154520378669,0.0499181538476933,-0.0466923672528587));
#2501=CARTESIAN_POINT('',(-0.00671144883266344,0.0496550831905396,-0.0467298672528587));
#2502=CARTESIAN_POINT('',(-0.00667422651918721,0.0490644709381161,-0.0467673672528587));
#2503=CARTESIAN_POINT('',(-0.00663700420571098,0.0484738586856925,-0.0468048672528587));
#2504=CARTESIAN_POINT('',(-0.007129878263358,0.0481463170904227,-0.0468423672528587));
#2505=CARTESIAN_POINT('',(-0.00762275232100502,0.0478187754951529,-0.0468798672528586));
#2506=CARTESIAN_POINT('',(-0.00815284869212827,0.0480818461523066,-0.0469173672528587));
#2507=CARTESIAN_POINT('',(-0.00868294506325151,0.0483449168094603,-0.0469548672528587));
#2508=CARTESIAN_POINT('',(-0.00872016737672775,0.0489355290618839,-0.0469923672528587));
#2509=CARTESIAN_POINT('',(-0.00875738969020397,0.0495261413143074,-0.0470298672528587));
#2510=CARTESIAN_POINT('',(-0.00826451563255696,0.0498536829095773,-0.0470673672528587));
#2511=CARTESIAN_POINT('',(-0.00777164157490994,0.050181224504847,-0.0471048672528586));
#2512=CARTESIAN_POINT('',(-0.00724154520378669,0.0499181538476933,-0.0471423672528587));
#2513=CARTESIAN_POINT('',(-0.00671144883266344,0.0496550831905396,-0.0471798672528587));
#2514=CARTESIAN_POINT('',(-0.00667422651918721,0.0490644709381161,-0.0472173672528587));
#2515=CARTESIAN_POINT('',(-0.00663700420571098,0.0484738586856925,-0.0472548672528587));
#2516=CARTESIAN_POINT('',(-0.007129878263358,0.0481463170904227,-0.0472923672528587));
#2517=CARTESIAN_POINT('',(-0.00762275232100501,0.0478187754951529,-0.0473298672528586));
#2518=CARTESIAN_POINT('',(-0.00815284869212827,0.0480818461523066,-0.0473673672528587));
#2519=CARTESIAN_POINT('',(-0.00868294506325152,0.0483449168094603,-0.0474048672528587));
#2520=CARTESIAN_POINT('',(-0.00872016737672775,0.0489355290618839,-0.0474423672528587));
#2521=CARTESIAN_POINT('',(-0.00875738969020397,0.0495261413143074,-0.0474798672528587));
#2522=CARTESIAN_POINT('',(-0.00826451563255696,0.0498536829095773,-0.0475173672528587));
#2523=CARTESIAN_POINT('',(-0.00777164157490994,0.050181224504847,-0.0475548672528586));
#2524=CARTESIAN_POINT('',(-0.00724154520378669,0.0499181538476933,-0.0475923672528587));
#2525=CARTESIAN_POINT('',(-0.00671144883266344,0.0496550831905396,-0.0476298672528587));
#2526=CARTESIAN_POINT('',(-0.00667422651918721,0.0490644709381161,-0.0476673672528587));
#2527=CARTESIAN_POINT('',(-0.00663700420571098,0.0484738586856925,-0.0477048672528587));
#2528=CARTESIAN_POINT('',(-0.007129878263358,0.0481463170904227,-0.0477423672528587));
#2529=CARTESIAN_POINT('',(-0.00762275232100501,0.0478187754951529,-0.0477798672528587));
#2530=CARTESIAN_POINT('',(-0.00815284869212827,0.0480818461523066,-0.0478173672528587));
#2531=CARTESIAN_POINT('',(-0.00868294506325152,0.0483449168094603,-0.0478548672528587));
#2532=CARTESIAN_POINT('',(-0.00872016737672775,0.0489355290618839,-0.0478923672528587));
#2533=CARTESIAN_POINT('',(-0.00875738969020397,0.0495261413143074,-0.0479298672528587));
#2534=CARTESIAN_POINT('',(-0.00826451563255696,0.0498536829095773,-0.0479673672528587));
#2535=CARTESIAN_POINT('',(-0.00777164157490994,0.050181224504847,-0.0480048672528587));
#2536=CARTESIAN_POINT('',(-0.00724154520378669,0.0499181538476933,-0.0480423672528587));
#2537=CARTESIAN_POINT('',(-0.00671144883266344,0.0496550831905396,-0.0480798672528587));
#2538=CARTESIAN_POINT('',(-0.00667422651918721,0.0490644709381161,-0.0481173672528587));
#2539=CARTESIAN_POINT('',(-0.00663700420571098,0.0484738586856925,-0.0481548672528586));
#2540=CARTESIAN_POINT('',(-0.007129878263358,0.0481463170904227,-0.0481923672528587));
#2541=CARTESIAN_POINT('',(-0.00762275232100501,0.0478187754951529,-0.0482298672528586));
#2542=CARTESIAN_POINT('',(-0.00815284869212827,0.0480818461523066,-0.0482673672528587));
#2543=CARTESIAN_POINT('',(-0.00868294506325151,0.0483449168094603,-0.0483048672528587));
#2544=CARTESIAN_POINT('',(-0.00872016737672775,0.0489355290618839,-0.0483423672528587));
#2545=CARTESIAN_POINT('',(-0.00875738969020397,0.0495261413143074,-0.0483798672528586));
#2546=CARTESIAN_POINT('',(-0.00826451563255696,0.0498536829095773,-0.0484173672528587));
#2547=CARTESIAN_POINT('',(-0.00777164157490994,0.050181224504847,-0.0484548672528586));
#2548=CARTESIAN_POINT('',(-0.00724154520378669,0.0499181538476933,-0.0484923672528587));
#2549=CARTESIAN_POINT('',(-0.00671144883266344,0.0496550831905396,-0.0485298672528587));
#2550=CARTESIAN_POINT('',(-0.00667422651918721,0.0490644709381161,-0.0485673672528587));
#2551=CARTESIAN_POINT('',(-0.00663700420571098,0.0484738586856925,-0.0486048672528586));
#2552=CARTESIAN_POINT('',(-0.007129878263358,0.0481463170904227,-0.0486423672528587));
#2553=CARTESIAN_POINT('',(-0.00762275232100501,0.0478187754951529,-0.0486798672528587));
#2554=CARTESIAN_POINT('',(-0.00815284869212827,0.0480818461523066,-0.0487173672528587));
#2555=CARTESIAN_POINT('',(-0.00868294506325151,0.0483449168094603,-0.0487548672528587));
#2556=CARTESIAN_POINT('',(-0.00872016737672775,0.0489355290618839,-0.0487923672528587));
#2557=CARTESIAN_POINT('',(-0.00875738969020397,0.0495261413143074,-0.0488298672528586));
#2558=CARTESIAN_POINT('',(-0.00826451563255696,0.0498536829095773,-0.0488673672528587));
#2559=CARTESIAN_POINT('',(-0.00777164157490994,0.050181224504847,-0.0489048672528586));
#2560=CARTESIAN_POINT('',(-0.00724154520378669,0.0499181538476933,-0.0489423672528587));
#2561=CARTESIAN_POINT('',(-0.00671144883266344,0.0496550831905396,-0.0489798672528587));
#2562=CARTESIAN_POINT('',(-0.00667422651918721,0.0490644709381161,-0.0490173672528587));
#2563=CARTESIAN_POINT('',(-0.00663700420571098,0.0484738586856925,-0.0490548672528586));
#2564=CARTESIAN_POINT('',(-0.007129878263358,0.0481463170904227,-0.0490923672528587));
#2565=CARTESIAN_POINT('',(-0.00762275232100501,0.0478187754951529,-0.0491298672528587));
#2566=CARTESIAN_POINT('',(-0.00815284869212827,0.0480818461523066,-0.0491673672528587));
#2567=CARTESIAN_POINT('',(-0.00868294506325151,0.0483449168094603,-0.0492048672528587));
#2568=CARTESIAN_POINT('',(-0.00872016737672775,0.0489355290618839,-0.0492423672528587));
#2569=CARTESIAN_POINT('',(-0.00875738969020399,0.0495261413143074,-0.0492798672528586));
#2570=CARTESIAN_POINT('',(-0.00826451563255696,0.0498536829095773,-0.0493173672528587));
#2571=CARTESIAN_POINT('',(-0.00777164157490994,0.050181224504847,-0.0493548672528587));
#2572=CARTESIAN_POINT('',(-0.0072415452037867,0.0499181538476933,-0.0493923672528587));
#2573=CARTESIAN_POINT('',(-0.00671144883266344,0.0496550831905396,-0.0494298672528587));
#2574=CARTESIAN_POINT('',(-0.00667422651918721,0.0490644709381161,-0.0494673672528587));
#2575=CARTESIAN_POINT('',(-0.00663700420571098,0.0484738586856925,-0.0495048672528586));
#2576=CARTESIAN_POINT('',(-0.007129878263358,0.0481463170904227,-0.0495423672528587));
#2577=CARTESIAN_POINT('',(-0.00762275232100501,0.0478187754951529,-0.0495798672528587));
#2578=CARTESIAN_POINT('',(-0.00815284869212827,0.0480818461523066,-0.0496173672528587));
#2579=CARTESIAN_POINT('',(-0.00868294506325152,0.0483449168094603,-0.0496548672528587));
#2580=CARTESIAN_POINT('',(-0.00872016737672775,0.0489355290618839,-0.0496923672528587));
#2581=CARTESIAN_POINT('',(-0.00875738969020399,0.0495261413143074,-0.0497298672528586));
#2582=CARTESIAN_POINT('',(-0.00826451563255697,0.0498536829095773,-0.0497673672528587));
#2583=CARTESIAN_POINT('',(-0.00777164157490995,0.050181224504847,-0.0498048672528587));
#2584=CARTESIAN_POINT('',(-0.00724154520378669,0.0499181538476933,-0.0498423672528587));
#2585=CARTESIAN_POINT('',(-0.00671144883266344,0.0496550831905396,-0.0498798672528587));
#2586=CARTESIAN_POINT('',(-0.00667422651918721,0.0490644709381161,-0.0499173672528587));
#2587=CARTESIAN_POINT('',(-0.00663700420571098,0.0484738586856925,-0.0499548672528586));
#2588=CARTESIAN_POINT('',(-0.007129878263358,0.0481463170904227,-0.0499923672528587));
#2589=CARTESIAN_POINT('',(-0.00762275232100502,0.0478187754951529,-0.0500298672528587));
#2590=CARTESIAN_POINT('',(-0.00815284869212826,0.0480818461523066,-0.0500673672528587));
#2591=CARTESIAN_POINT('',(-0.00868294506325151,0.0483449168094603,-0.0501048672528587));
#2592=CARTESIAN_POINT('',(-0.00872016737672775,0.0489355290618839,-0.0501423672528587));
#2593=CARTESIAN_POINT('',(-0.00875738969020397,0.0495261413143074,-0.0501798672528586));
#2594=CARTESIAN_POINT('',(-0.00826451563255697,0.0498536829095772,-0.0502173672528587));
#2595=CARTESIAN_POINT('',(-0.00777164157490995,0.050181224504847,-0.0502548672528587));
#2596=CARTESIAN_POINT('',(-0.0072415452037867,0.0499181538476933,-0.0502923672528587));
#2597=CARTESIAN_POINT('',(-0.00671144883266344,0.0496550831905396,-0.0503298672528587));
#2598=CARTESIAN_POINT('',(-0.00667422651918721,0.0490644709381161,-0.0503673672528587));
#2599=CARTESIAN_POINT('',(-0.00663700420571097,0.0484738586856925,-0.0504048672528586));
#2600=CARTESIAN_POINT('',(-0.00712987826335799,0.0481463170904227,-0.0504423672528587));
#2601=CARTESIAN_POINT('',(-0.00762275232100501,0.0478187754951529,-0.0504798672528587));
#2602=CARTESIAN_POINT('',(-0.00815284869212827,0.0480818461523066,-0.0505173672528587));
#2603=CARTESIAN_POINT('',(-0.00868294506325152,0.0483449168094603,-0.0505548672528587));
#2604=CARTESIAN_POINT('',(-0.00872016737672775,0.0489355290618839,-0.0505923672528587));
#2605=CARTESIAN_POINT('',(-0.00875738969020399,0.0495261413143074,-0.0506298672528586));
#2606=CARTESIAN_POINT('',(-0.00826451563255697,0.0498536829095773,-0.0506673672528587));
#2607=CARTESIAN_POINT('',(-0.00777164157490995,0.050181224504847,-0.0507048672528587));
#2608=CARTESIAN_POINT('',(-0.00724154520378669,0.0499181538476933,-0.0507423672528587));
#2609=CARTESIAN_POINT('',(-0.00671144883266344,0.0496550831905396,-0.0507798672528587));
#2610=CARTESIAN_POINT('',(-0.00667422651918721,0.0490644709381161,-0.0508173672528587));
#2611=CARTESIAN_POINT('',(-0.00663700420571098,0.0484738586856925,-0.0508548672528586));
#2612=CARTESIAN_POINT('',(-0.007129878263358,0.0481463170904227,-0.0508923672528587));
#2613=CARTESIAN_POINT('',(-0.007622752321005,0.0478187754951529,-0.0509298672528587));
#2614=CARTESIAN_POINT('',(-0.00815284869212826,0.0480818461523066,-0.0509673672528587));
#2615=CARTESIAN_POINT('',(-0.00868294506325151,0.0483449168094603,-0.0510048672528587));
#2616=CARTESIAN_POINT('',(-0.00872016737672775,0.0489355290618839,-0.0510423672528587));
#2617=CARTESIAN_POINT('',(-0.00875738969020397,0.0495261413143074,-0.0510798672528587));
#2618=CARTESIAN_POINT('',(-0.00826451563255697,0.0498536829095772,-0.0511173672528587));
#2619=CARTESIAN_POINT('',(-0.00777164157490995,0.050181224504847,-0.0511548672528587));
#2620=CARTESIAN_POINT('',(-0.0072415452037867,0.0499181538476933,-0.0511923672528587));
#2621=CARTESIAN_POINT('',(-0.00671144883266344,0.0496550831905396,-0.0512298672528586));
#2622=CARTESIAN_POINT('',(-0.00667422651918721,0.0490644709381161,-0.0512673672528587));
#2623=CARTESIAN_POINT('',(-0.00663700420571097,0.0484738586856925,-0.0513048672528586));
#2624=CARTESIAN_POINT('',(-0.00712987826335799,0.0481463170904227,-0.0513423672528587));
#2625=CARTESIAN_POINT('',(-0.00762275232100501,0.0478187754951529,-0.0513798672528587));
#2626=CARTESIAN_POINT('',(-0.00815284869212826,0.0480818461523066,-0.0514173672528587));
#2627=CARTESIAN_POINT('',(-0.00868294506325151,0.0483449168094603,-0.0514548672528586));
#2628=CARTESIAN_POINT('',(-0.00872016737672775,0.0489355290618839,-0.0514923672528587));
#2629=CARTESIAN_POINT('',(-0.00875738969020399,0.0495261413143074,-0.0515298672528586));
#2630=CARTESIAN_POINT('',(-0.00826451563255697,0.0498536829095773,-0.0515673672528587));
#2631=CARTESIAN_POINT('',(-0.00777164157490995,0.050181224504847,-0.0516048672528587));
#2632=CARTESIAN_POINT('',(-0.0072415452037867,0.0499181538476934,-0.0516423672528587));
#2633=CARTESIAN_POINT('',(-0.00671144883266344,0.0496550831905396,-0.0516798672528586));
#2634=CARTESIAN_POINT('',(-0.00667422651918721,0.0490644709381161,-0.0517173672528587));
#2635=CARTESIAN_POINT('',(-0.00663700420571098,0.0484738586856925,-0.0517548672528587));
#2636=CARTESIAN_POINT('',(-0.00712987826335799,0.0481463170904227,-0.0517923672528587));
#2637=CARTESIAN_POINT('',(-0.007622752321005,0.0478187754951529,-0.0518298672528587));
#2638=CARTESIAN_POINT('',(-0.00815284869212826,0.0480818461523066,-0.0518673672528587));
#2639=CARTESIAN_POINT('',(-0.00868294506325151,0.0483449168094603,-0.0519048672528586));
#2640=CARTESIAN_POINT('',(-0.00872016737672775,0.0489355290618839,-0.0519423672528587));
#2641=CARTESIAN_POINT('',(-0.00875738969020397,0.0495261413143074,-0.0519798672528587));
#2642=CARTESIAN_POINT('',(-0.00826451563255697,0.0498536829095772,-0.0520173672528587));
#2643=CARTESIAN_POINT('',(-0.00777164157490995,0.050181224504847,-0.0520548672528587));
#2644=CARTESIAN_POINT('',(-0.0072415452037867,0.0499181538476933,-0.0520923672528587));
#2645=CARTESIAN_POINT('',(-0.00671144883266344,0.0496550831905396,-0.0521298672528586));
#2646=CARTESIAN_POINT('',(-0.00667422651918721,0.0490644709381161,-0.0521673672528587));
#2647=CARTESIAN_POINT('',(-0.00667422651918721,0.0490644709381161,-0.0445736172528586));
#2648=CARTESIAN_POINT('',(-0.00663700420571098,0.0484738586856925,-0.0446111172528586));
#2649=CARTESIAN_POINT('',(-0.007129878263358,0.0481463170904227,-0.0446486172528587));
#2650=CARTESIAN_POINT('',(-0.00762275232100502,0.0478187754951529,-0.0446861172528587));
#2651=CARTESIAN_POINT('',(-0.00815284869212827,0.0480818461523066,-0.0447236172528587));
#2652=CARTESIAN_POINT('',(-0.00868294506325152,0.0483449168094603,-0.0447611172528587));
#2653=CARTESIAN_POINT('',(-0.00872016737672775,0.0489355290618839,-0.0447986172528586));
#2654=CARTESIAN_POINT('',(-0.00875738969020397,0.0495261413143074,-0.0448361172528586));
#2655=CARTESIAN_POINT('',(-0.00826451563255696,0.0498536829095773,-0.0448736172528586));
#2656=CARTESIAN_POINT('',(-0.00777164157490994,0.050181224504847,-0.0449111172528587));
#2657=CARTESIAN_POINT('',(-0.00724154520378669,0.0499181538476933,-0.0449486172528586));
#2658=CARTESIAN_POINT('',(-0.00671144883266343,0.0496550831905396,-0.0449861172528587));
#2659=CARTESIAN_POINT('',(-0.00667422651918721,0.0490644709381161,-0.0450236172528587));
#2660=CARTESIAN_POINT('',(-0.00663700420571098,0.0484738586856925,-0.0450611172528586));
#2661=CARTESIAN_POINT('',(-0.007129878263358,0.0481463170904227,-0.0450986172528587));
#2662=CARTESIAN_POINT('',(-0.00762275232100502,0.0478187754951529,-0.0451361172528587));
#2663=CARTESIAN_POINT('',(-0.00815284869212827,0.0480818461523066,-0.0451736172528587));
#2664=CARTESIAN_POINT('',(-0.00868294506325152,0.0483449168094603,-0.0452111172528587));
#2665=CARTESIAN_POINT('',(-0.00872016737672775,0.0489355290618839,-0.0452486172528587));
#2666=CARTESIAN_POINT('',(-0.00875738969020397,0.0495261413143074,-0.0452861172528586));
#2667=CARTESIAN_POINT('',(-0.00826451563255696,0.0498536829095773,-0.0453236172528587));
#2668=CARTESIAN_POINT('',(-0.00777164157490994,0.050181224504847,-0.0453611172528587));
#2669=CARTESIAN_POINT('',(-0.00724154520378669,0.0499181538476933,-0.0453986172528587));
#2670=CARTESIAN_POINT('',(-0.00671144883266343,0.0496550831905396,-0.0454361172528587));
#2671=CARTESIAN_POINT('',(-0.00667422651918721,0.0490644709381161,-0.0454736172528587));
#2672=CARTESIAN_POINT('',(-0.00663700420571098,0.0484738586856925,-0.0455111172528586));
#2673=CARTESIAN_POINT('',(-0.007129878263358,0.0481463170904227,-0.0455486172528587));
#2674=CARTESIAN_POINT('',(-0.00762275232100502,0.0478187754951529,-0.0455861172528587));
#2675=CARTESIAN_POINT('',(-0.00815284869212827,0.0480818461523066,-0.0456236172528587));
#2676=CARTESIAN_POINT('',(-0.00868294506325152,0.0483449168094603,-0.0456611172528587));
#2677=CARTESIAN_POINT('',(-0.00872016737672775,0.0489355290618839,-0.0456986172528587));
#2678=CARTESIAN_POINT('',(-0.00875738969020397,0.0495261413143074,-0.0457361172528586));
#2679=CARTESIAN_POINT('',(-0.00826451563255696,0.0498536829095773,-0.0457736172528587));
#2680=CARTESIAN_POINT('',(-0.00777164157490994,0.050181224504847,-0.0458111172528587));
#2681=CARTESIAN_POINT('',(-0.00724154520378669,0.0499181538476933,-0.0458486172528587));
#2682=CARTESIAN_POINT('',(-0.00671144883266344,0.0496550831905396,-0.0458861172528587));
#2683=CARTESIAN_POINT('',(-0.00667422651918721,0.0490644709381161,-0.0459236172528587));
#2684=CARTESIAN_POINT('',(-0.00663700420571098,0.0484738586856925,-0.0459611172528586));
#2685=CARTESIAN_POINT('',(-0.007129878263358,0.0481463170904227,-0.0459986172528587));
#2686=CARTESIAN_POINT('',(-0.00762275232100502,0.0478187754951529,-0.0460361172528587));
#2687=CARTESIAN_POINT('',(-0.00815284869212827,0.0480818461523066,-0.0460736172528587));
#2688=CARTESIAN_POINT('',(-0.00868294506325151,0.0483449168094603,-0.0461111172528587));
#2689=CARTESIAN_POINT('',(-0.00872016737672775,0.0489355290618839,-0.0461486172528587));
#2690=CARTESIAN_POINT('',(-0.00875738969020397,0.0495261413143074,-0.0461861172528586));
#2691=CARTESIAN_POINT('',(-0.00826451563255696,0.0498536829095773,-0.0462236172528587));
#2692=CARTESIAN_POINT('',(-0.00777164157490994,0.050181224504847,-0.0462611172528587));
#2693=CARTESIAN_POINT('',(-0.00724154520378669,0.0499181538476933,-0.0462986172528587));
#2694=CARTESIAN_POINT('',(-0.00671144883266344,0.0496550831905396,-0.0463361172528587));
#2695=CARTESIAN_POINT('',(-0.00667422651918721,0.0490644709381161,-0.0463736172528587));
#2696=CARTESIAN_POINT('',(-0.00663700420571098,0.0484738586856925,-0.0464111172528587));
#2697=CARTESIAN_POINT('',(-0.007129878263358,0.0481463170904227,-0.0464486172528587));
#2698=CARTESIAN_POINT('',(-0.00762275232100502,0.0478187754951529,-0.0464861172528587));
#2699=CARTESIAN_POINT('',(-0.00815284869212827,0.0480818461523066,-0.0465236172528587));
#2700=CARTESIAN_POINT('',(-0.00868294506325151,0.0483449168094603,-0.0465611172528587));
#2701=CARTESIAN_POINT('',(-0.00872016737672775,0.0489355290618839,-0.0465986172528587));
#2702=CARTESIAN_POINT('',(-0.00875738969020397,0.0495261413143074,-0.0466361172528586));
#2703=CARTESIAN_POINT('',(-0.00826451563255696,0.0498536829095773,-0.0466736172528587));
#2704=CARTESIAN_POINT('',(-0.00777164157490994,0.050181224504847,-0.0467111172528587));
#2705=CARTESIAN_POINT('',(-0.00724154520378669,0.0499181538476933,-0.0467486172528587));
#2706=CARTESIAN_POINT('',(-0.00671144883266344,0.0496550831905396,-0.0467861172528586));
#2707=CARTESIAN_POINT('',(-0.00667422651918721,0.0490644709381161,-0.0468236172528587));
#2708=CARTESIAN_POINT('',(-0.00663700420571098,0.0484738586856925,-0.0468611172528587));
#2709=CARTESIAN_POINT('',(-0.007129878263358,0.0481463170904227,-0.0468986172528587));
#2710=CARTESIAN_POINT('',(-0.00762275232100501,0.0478187754951529,-0.0469361172528587));
#2711=CARTESIAN_POINT('',(-0.00815284869212827,0.0480818461523066,-0.0469736172528587));
#2712=CARTESIAN_POINT('',(-0.00868294506325152,0.0483449168094603,-0.0470111172528587));
#2713=CARTESIAN_POINT('',(-0.00872016737672775,0.0489355290618839,-0.0470486172528587));
#2714=CARTESIAN_POINT('',(-0.00875738969020397,0.0495261413143074,-0.0470861172528587));
#2715=CARTESIAN_POINT('',(-0.00826451563255696,0.0498536829095773,-0.0471236172528587));
#2716=CARTESIAN_POINT('',(-0.00777164157490994,0.050181224504847,-0.0471611172528587));
#2717=CARTESIAN_POINT('',(-0.00724154520378669,0.0499181538476933,-0.0471986172528587));
#2718=CARTESIAN_POINT('',(-0.00671144883266344,0.0496550831905396,-0.0472361172528586));
#2719=CARTESIAN_POINT('',(-0.00667422651918721,0.0490644709381161,-0.0472736172528587));
#2720=CARTESIAN_POINT('',(-0.00663700420571098,0.0484738586856925,-0.0473111172528587));
#2721=CARTESIAN_POINT('',(-0.007129878263358,0.0481463170904227,-0.0473486172528587));
#2722=CARTESIAN_POINT('',(-0.00762275232100501,0.0478187754951529,-0.0473861172528587));
#2723=CARTESIAN_POINT('',(-0.00815284869212827,0.0480818461523066,-0.0474236172528587));
#2724=CARTESIAN_POINT('',(-0.00868294506325152,0.0483449168094603,-0.0474611172528586));
#2725=CARTESIAN_POINT('',(-0.00872016737672775,0.0489355290618839,-0.0474986172528587));
#2726=CARTESIAN_POINT('',(-0.00875738969020397,0.0495261413143074,-0.0475361172528586));
#2727=CARTESIAN_POINT('',(-0.00826451563255696,0.0498536829095773,-0.0475736172528587));
#2728=CARTESIAN_POINT('',(-0.00777164157490994,0.050181224504847,-0.0476111172528587));
#2729=CARTESIAN_POINT('',(-0.00724154520378669,0.0499181538476933,-0.0476486172528587));
#2730=CARTESIAN_POINT('',(-0.00671144883266344,0.0496550831905396,-0.0476861172528586));
#2731=CARTESIAN_POINT('',(-0.00667422651918721,0.0490644709381161,-0.0477236172528587));
#2732=CARTESIAN_POINT('',(-0.00663700420571098,0.0484738586856925,-0.0477611172528587));
#2733=CARTESIAN_POINT('',(-0.007129878263358,0.0481463170904227,-0.0477986172528587));
#2734=CARTESIAN_POINT('',(-0.00762275232100501,0.0478187754951529,-0.0478361172528587));
#2735=CARTESIAN_POINT('',(-0.00815284869212827,0.0480818461523066,-0.0478736172528587));
#2736=CARTESIAN_POINT('',(-0.00868294506325151,0.0483449168094603,-0.0479111172528586));
#2737=CARTESIAN_POINT('',(-0.00872016737672775,0.0489355290618839,-0.0479486172528587));
#2738=CARTESIAN_POINT('',(-0.00875738969020397,0.0495261413143074,-0.0479861172528587));
#2739=CARTESIAN_POINT('',(-0.00826451563255696,0.0498536829095773,-0.0480236172528587));
#2740=CARTESIAN_POINT('',(-0.00777164157490994,0.050181224504847,-0.0480611172528587));
#2741=CARTESIAN_POINT('',(-0.00724154520378669,0.0499181538476933,-0.0480986172528587));
#2742=CARTESIAN_POINT('',(-0.00671144883266344,0.0496550831905396,-0.0481361172528586));
#2743=CARTESIAN_POINT('',(-0.00667422651918721,0.0490644709381161,-0.0481736172528587));
#2744=CARTESIAN_POINT('',(-0.00663700420571098,0.0484738586856925,-0.0482111172528587));
#2745=CARTESIAN_POINT('',(-0.007129878263358,0.0481463170904227,-0.0482486172528587));
#2746=CARTESIAN_POINT('',(-0.00762275232100501,0.0478187754951529,-0.0482861172528587));
#2747=CARTESIAN_POINT('',(-0.00815284869212827,0.0480818461523066,-0.0483236172528587));
#2748=CARTESIAN_POINT('',(-0.00868294506325151,0.0483449168094603,-0.0483611172528586));
#2749=CARTESIAN_POINT('',(-0.00872016737672775,0.0489355290618839,-0.0483986172528587));
#2750=CARTESIAN_POINT('',(-0.00875738969020397,0.0495261413143074,-0.0484361172528587));
#2751=CARTESIAN_POINT('',(-0.00826451563255697,0.0498536829095773,-0.0484736172528587));
#2752=CARTESIAN_POINT('',(-0.00777164157490994,0.050181224504847,-0.0485111172528587));
#2753=CARTESIAN_POINT('',(-0.0072415452037867,0.0499181538476933,-0.0485486172528587));
#2754=CARTESIAN_POINT('',(-0.00671144883266344,0.0496550831905396,-0.0485861172528586));
#2755=CARTESIAN_POINT('',(-0.00667422651918721,0.0490644709381161,-0.0486236172528587));
#2756=CARTESIAN_POINT('',(-0.00663700420571098,0.0484738586856925,-0.0486611172528587));
#2757=CARTESIAN_POINT('',(-0.007129878263358,0.0481463170904227,-0.0486986172528587));
#2758=CARTESIAN_POINT('',(-0.00762275232100501,0.0478187754951529,-0.0487361172528587));
#2759=CARTESIAN_POINT('',(-0.00815284869212827,0.0480818461523066,-0.0487736172528587));
#2760=CARTESIAN_POINT('',(-0.00868294506325151,0.0483449168094603,-0.0488111172528586));
#2761=CARTESIAN_POINT('',(-0.00872016737672775,0.0489355290618839,-0.0488486172528587));
#2762=CARTESIAN_POINT('',(-0.00875738969020399,0.0495261413143074,-0.0488861172528587));
#2763=CARTESIAN_POINT('',(-0.00826451563255696,0.0498536829095773,-0.0489236172528587));
#2764=CARTESIAN_POINT('',(-0.00777164157490994,0.050181224504847,-0.0489611172528587));
#2765=CARTESIAN_POINT('',(-0.0072415452037867,0.0499181538476933,-0.0489986172528587));
#2766=CARTESIAN_POINT('',(-0.00671144883266344,0.0496550831905396,-0.0490361172528586));
#2767=CARTESIAN_POINT('',(-0.00667422651918721,0.0490644709381161,-0.0490736172528587));
#2768=CARTESIAN_POINT('',(-0.00663700420571098,0.0484738586856925,-0.0491111172528587));
#2769=CARTESIAN_POINT('',(-0.007129878263358,0.0481463170904227,-0.0491486172528587));
#2770=CARTESIAN_POINT('',(-0.00762275232100501,0.0478187754951529,-0.0491861172528587));
#2771=CARTESIAN_POINT('',(-0.00815284869212827,0.0480818461523066,-0.0492236172528587));
#2772=CARTESIAN_POINT('',(-0.00868294506325152,0.0483449168094603,-0.0492611172528586));
#2773=CARTESIAN_POINT('',(-0.00872016737672775,0.0489355290618839,-0.0492986172528587));
#2774=CARTESIAN_POINT('',(-0.00875738969020399,0.0495261413143074,-0.0493361172528587));
#2775=CARTESIAN_POINT('',(-0.00826451563255697,0.0498536829095773,-0.0493736172528587));
#2776=CARTESIAN_POINT('',(-0.00777164157490995,0.050181224504847,-0.0494111172528587));
#2777=CARTESIAN_POINT('',(-0.00724154520378669,0.0499181538476933,-0.0494486172528587));
#2778=CARTESIAN_POINT('',(-0.00671144883266344,0.0496550831905396,-0.0494861172528587));
#2779=CARTESIAN_POINT('',(-0.00667422651918721,0.0490644709381161,-0.0495236172528587));
#2780=CARTESIAN_POINT('',(-0.00663700420571098,0.0484738586856925,-0.0495611172528587));
#2781=CARTESIAN_POINT('',(-0.007129878263358,0.0481463170904227,-0.0495986172528587));
#2782=CARTESIAN_POINT('',(-0.00762275232100502,0.0478187754951529,-0.0496361172528586));
#2783=CARTESIAN_POINT('',(-0.00815284869212826,0.0480818461523066,-0.0496736172528587));
#2784=CARTESIAN_POINT('',(-0.00868294506325151,0.0483449168094603,-0.0497111172528586));
#2785=CARTESIAN_POINT('',(-0.00872016737672775,0.0489355290618839,-0.0497486172528587));
#2786=CARTESIAN_POINT('',(-0.00875738969020397,0.0495261413143074,-0.0497861172528587));
#2787=CARTESIAN_POINT('',(-0.00826451563255697,0.0498536829095772,-0.0498236172528587));
#2788=CARTESIAN_POINT('',(-0.00777164157490995,0.050181224504847,-0.0498611172528586));
#2789=CARTESIAN_POINT('',(-0.0072415452037867,0.0499181538476933,-0.0498986172528587));
#2790=CARTESIAN_POINT('',(-0.00671144883266344,0.0496550831905396,-0.0499361172528587));
#2791=CARTESIAN_POINT('',(-0.00667422651918721,0.0490644709381161,-0.0499736172528587));
#2792=CARTESIAN_POINT('',(-0.00663700420571097,0.0484738586856925,-0.0500111172528587));
#2793=CARTESIAN_POINT('',(-0.00712987826335799,0.0481463170904227,-0.0500486172528587));
#2794=CARTESIAN_POINT('',(-0.00762275232100501,0.0478187754951529,-0.0500861172528586));
#2795=CARTESIAN_POINT('',(-0.00815284869212827,0.0480818461523066,-0.0501236172528587));
#2796=CARTESIAN_POINT('',(-0.00868294506325152,0.0483449168094603,-0.0501611172528586));
#2797=CARTESIAN_POINT('',(-0.00872016737672775,0.0489355290618839,-0.0501986172528587));
#2798=CARTESIAN_POINT('',(-0.00875738969020399,0.0495261413143074,-0.0502361172528587));
#2799=CARTESIAN_POINT('',(-0.00826451563255697,0.0498536829095773,-0.0502736172528587));
#2800=CARTESIAN_POINT('',(-0.00777164157490995,0.050181224504847,-0.0503111172528586));
#2801=CARTESIAN_POINT('',(-0.00724154520378669,0.0499181538476933,-0.0503486172528587));
#2802=CARTESIAN_POINT('',(-0.00671144883266344,0.0496550831905396,-0.0503861172528587));
#2803=CARTESIAN_POINT('',(-0.00667422651918721,0.0490644709381161,-0.0504236172528587));
#2804=CARTESIAN_POINT('',(-0.00663700420571098,0.0484738586856925,-0.0504611172528587));
#2805=CARTESIAN_POINT('',(-0.007129878263358,0.0481463170904227,-0.0504986172528587));
#2806=CARTESIAN_POINT('',(-0.007622752321005,0.0478187754951529,-0.0505361172528586));
#2807=CARTESIAN_POINT('',(-0.00815284869212826,0.0480818461523066,-0.0505736172528587));
#2808=CARTESIAN_POINT('',(-0.00868294506325151,0.0483449168094603,-0.0506111172528587));
#2809=CARTESIAN_POINT('',(-0.00872016737672775,0.0489355290618839,-0.0506486172528587));
#2810=CARTESIAN_POINT('',(-0.00875738969020397,0.0495261413143074,-0.0506861172528587));
#2811=CARTESIAN_POINT('',(-0.00826451563255697,0.0498536829095772,-0.0507236172528587));
#2812=CARTESIAN_POINT('',(-0.00777164157490995,0.050181224504847,-0.0507611172528586));
#2813=CARTESIAN_POINT('',(-0.0072415452037867,0.0499181538476933,-0.0507986172528587));
#2814=CARTESIAN_POINT('',(-0.00671144883266344,0.0496550831905396,-0.0508361172528587));
#2815=CARTESIAN_POINT('',(-0.00667422651918721,0.0490644709381161,-0.0508736172528587));
#2816=CARTESIAN_POINT('',(-0.00663700420571097,0.0484738586856925,-0.0509111172528587));
#2817=CARTESIAN_POINT('',(-0.00712987826335799,0.0481463170904227,-0.0509486172528587));
#2818=CARTESIAN_POINT('',(-0.00762275232100501,0.0478187754951529,-0.0509861172528586));
#2819=CARTESIAN_POINT('',(-0.00815284869212826,0.0480818461523066,-0.0510236172528587));
#2820=CARTESIAN_POINT('',(-0.00868294506325151,0.0483449168094603,-0.0510611172528587));
#2821=CARTESIAN_POINT('',(-0.00872016737672775,0.0489355290618839,-0.0510986172528587));
#2822=CARTESIAN_POINT('',(-0.00875738969020399,0.0495261413143074,-0.0511361172528587));
#2823=CARTESIAN_POINT('',(-0.00826451563255697,0.0498536829095773,-0.0511736172528587));
#2824=CARTESIAN_POINT('',(-0.00777164157490995,0.050181224504847,-0.0512111172528586));
#2825=CARTESIAN_POINT('',(-0.0072415452037867,0.0499181538476934,-0.0512486172528587));
#2826=CARTESIAN_POINT('',(-0.00671144883266344,0.0496550831905396,-0.0512861172528587));
#2827=CARTESIAN_POINT('',(-0.00667422651918721,0.0490644709381161,-0.0513236172528587));
#2828=CARTESIAN_POINT('',(-0.00663700420571098,0.0484738586856925,-0.0513611172528587));
#2829=CARTESIAN_POINT('',(-0.00712987826335799,0.0481463170904227,-0.0513986172528587));
#2830=CARTESIAN_POINT('',(-0.007622752321005,0.0478187754951529,-0.0514361172528586));
#2831=CARTESIAN_POINT('',(-0.00815284869212826,0.0480818461523066,-0.0514736172528587));
#2832=CARTESIAN_POINT('',(-0.00868294506325151,0.0483449168094603,-0.0515111172528587));
#2833=CARTESIAN_POINT('',(-0.00872016737672775,0.0489355290618839,-0.0515486172528587));
#2834=CARTESIAN_POINT('',(-0.00875738969020397,0.0495261413143074,-0.0515861172528587));
#2835=CARTESIAN_POINT('',(-0.00826451563255697,0.0498536829095772,-0.0516236172528587));
#2836=CARTESIAN_POINT('',(-0.00777164157490995,0.050181224504847,-0.0516611172528586));
#2837=CARTESIAN_POINT('',(-0.0072415452037867,0.0499181538476933,-0.0516986172528587));
#2838=CARTESIAN_POINT('',(-0.00671144883266344,0.0496550831905396,-0.0517361172528587));
#2839=CARTESIAN_POINT('',(-0.00667422651918721,0.0490644709381161,-0.0517736172528587));
#2840=CARTESIAN_POINT('',(0.0503028030520425,0.049,-0.0514));
#2841=CARTESIAN_POINT('',(0.0503028030520425,0.049,-0.0520158821345032));
#2842=CARTESIAN_POINT('',(0.0503028030520425,0.049,-0.0514));
#2843=CARTESIAN_POINT('',(0.0508519311975507,0.0481345040266929,-0.0514));
#2844=CARTESIAN_POINT('',(0.0500903050026055,0.047997268939852,-0.0514));
#2845=CARTESIAN_POINT('',(0.0503028030520425,0.049,-0.0514));
#2846=CARTESIAN_POINT('',(0.0503028030520425,0.049,-0.0434));
#2847=CARTESIAN_POINT('',(0.0513257734808128,0.0490644709381161,-0.0449673672528587));
#2848=CARTESIAN_POINT('',(0.051362995794289,0.0484738586856925,-0.0450048672528587));
#2849=CARTESIAN_POINT('',(0.050870121736642,0.0481463170904227,-0.0450423672528587));
#2850=CARTESIAN_POINT('',(0.050377247678995,0.0478187754951529,-0.0450798672528586));
#2851=CARTESIAN_POINT('',(0.0498471513078717,0.0480818461523066,-0.0451173672528587));
#2852=CARTESIAN_POINT('',(0.0493170549367485,0.0483449168094603,-0.0451548672528587));
#2853=CARTESIAN_POINT('',(0.0492798326232723,0.0489355290618839,-0.0451923672528587));
#2854=CARTESIAN_POINT('',(0.049242610309796,0.0495261413143074,-0.0452298672528587));
#2855=CARTESIAN_POINT('',(0.049735484367443,0.0498536829095773,-0.0452673672528587));
#2856=CARTESIAN_POINT('',(0.0502283584250901,0.050181224504847,-0.0453048672528586));
#2857=CARTESIAN_POINT('',(0.0507584547962133,0.0499181538476933,-0.0453423672528587));
#2858=CARTESIAN_POINT('',(0.0512885511673366,0.0496550831905396,-0.0453798672528586));
#2859=CARTESIAN_POINT('',(0.0513257734808128,0.0490644709381161,-0.0454173672528587));
#2860=CARTESIAN_POINT('',(0.051362995794289,0.0484738586856925,-0.0454548672528587));
#2861=CARTESIAN_POINT('',(0.050870121736642,0.0481463170904227,-0.0454923672528587));
#2862=CARTESIAN_POINT('',(0.050377247678995,0.0478187754951529,-0.0455298672528587));
#2863=CARTESIAN_POINT('',(0.0498471513078717,0.0480818461523066,-0.0455673672528587));
#2864=CARTESIAN_POINT('',(0.0493170549367485,0.0483449168094603,-0.0456048672528587));
#2865=CARTESIAN_POINT('',(0.0492798326232723,0.0489355290618839,-0.0456423672528587));
#2866=CARTESIAN_POINT('',(0.049242610309796,0.0495261413143074,-0.0456798672528587));
#2867=CARTESIAN_POINT('',(0.049735484367443,0.0498536829095773,-0.0457173672528587));
#2868=CARTESIAN_POINT('',(0.0502283584250901,0.050181224504847,-0.0457548672528586));
#2869=CARTESIAN_POINT('',(0.0507584547962133,0.0499181538476933,-0.0457923672528587));
#2870=CARTESIAN_POINT('',(0.0512885511673366,0.0496550831905396,-0.0458298672528586));
#2871=CARTESIAN_POINT('',(0.0513257734808128,0.0490644709381161,-0.0458673672528587));
#2872=CARTESIAN_POINT('',(0.051362995794289,0.0484738586856925,-0.0459048672528587));
#2873=CARTESIAN_POINT('',(0.050870121736642,0.0481463170904227,-0.0459423672528587));
#2874=CARTESIAN_POINT('',(0.050377247678995,0.0478187754951529,-0.0459798672528586));
#2875=CARTESIAN_POINT('',(0.0498471513078717,0.0480818461523066,-0.0460173672528587));
#2876=CARTESIAN_POINT('',(0.0493170549367485,0.0483449168094603,-0.0460548672528587));
#2877=CARTESIAN_POINT('',(0.0492798326232723,0.0489355290618839,-0.0460923672528587));
#2878=CARTESIAN_POINT('',(0.049242610309796,0.0495261413143074,-0.0461298672528587));
#2879=CARTESIAN_POINT('',(0.049735484367443,0.0498536829095773,-0.0461673672528587));
#2880=CARTESIAN_POINT('',(0.0502283584250901,0.050181224504847,-0.0462048672528586));
#2881=CARTESIAN_POINT('',(0.0507584547962133,0.0499181538476933,-0.0462423672528587));
#2882=CARTESIAN_POINT('',(0.0512885511673366,0.0496550831905396,-0.0462798672528587));
#2883=CARTESIAN_POINT('',(0.0513257734808128,0.0490644709381161,-0.0463173672528587));
#2884=CARTESIAN_POINT('',(0.051362995794289,0.0484738586856925,-0.0463548672528587));
#2885=CARTESIAN_POINT('',(0.050870121736642,0.0481463170904227,-0.0463923672528587));
#2886=CARTESIAN_POINT('',(0.050377247678995,0.0478187754951529,-0.0464298672528586));
#2887=CARTESIAN_POINT('',(0.0498471513078717,0.0480818461523066,-0.0464673672528587));
#2888=CARTESIAN_POINT('',(0.0493170549367485,0.0483449168094603,-0.0465048672528587));
#2889=CARTESIAN_POINT('',(0.0492798326232723,0.0489355290618839,-0.0465423672528587));
#2890=CARTESIAN_POINT('',(0.049242610309796,0.0495261413143074,-0.0465798672528587));
#2891=CARTESIAN_POINT('',(0.049735484367443,0.0498536829095773,-0.0466173672528587));
#2892=CARTESIAN_POINT('',(0.0502283584250901,0.050181224504847,-0.0466548672528586));
#2893=CARTESIAN_POINT('',(0.0507584547962133,0.0499181538476933,-0.0466923672528587));
#2894=CARTESIAN_POINT('',(0.0512885511673366,0.0496550831905396,-0.0467298672528587));
#2895=CARTESIAN_POINT('',(0.0513257734808128,0.0490644709381161,-0.0467673672528587));
#2896=CARTESIAN_POINT('',(0.051362995794289,0.0484738586856925,-0.0468048672528587));
#2897=CARTESIAN_POINT('',(0.050870121736642,0.0481463170904227,-0.0468423672528587));
#2898=CARTESIAN_POINT('',(0.050377247678995,0.0478187754951529,-0.0468798672528586));
#2899=CARTESIAN_POINT('',(0.0498471513078717,0.0480818461523066,-0.0469173672528587));
#2900=CARTESIAN_POINT('',(0.0493170549367485,0.0483449168094603,-0.0469548672528587));
#2901=CARTESIAN_POINT('',(0.0492798326232723,0.0489355290618839,-0.0469923672528587));
#2902=CARTESIAN_POINT('',(0.049242610309796,0.0495261413143074,-0.0470298672528587));
#2903=CARTESIAN_POINT('',(0.049735484367443,0.0498536829095773,-0.0470673672528587));
#2904=CARTESIAN_POINT('',(0.0502283584250901,0.050181224504847,-0.0471048672528586));
#2905=CARTESIAN_POINT('',(0.0507584547962133,0.0499181538476933,-0.0471423672528587));
#2906=CARTESIAN_POINT('',(0.0512885511673366,0.0496550831905396,-0.0471798672528587));
#2907=CARTESIAN_POINT('',(0.0513257734808128,0.0490644709381161,-0.0472173672528587));
#2908=CARTESIAN_POINT('',(0.051362995794289,0.0484738586856925,-0.0472548672528587));
#2909=CARTESIAN_POINT('',(0.050870121736642,0.0481463170904227,-0.0472923672528587));
#2910=CARTESIAN_POINT('',(0.050377247678995,0.0478187754951529,-0.0473298672528586));
#2911=CARTESIAN_POINT('',(0.0498471513078717,0.0480818461523066,-0.0473673672528587));
#2912=CARTESIAN_POINT('',(0.0493170549367485,0.0483449168094603,-0.0474048672528587));
#2913=CARTESIAN_POINT('',(0.0492798326232723,0.0489355290618839,-0.0474423672528587));
#2914=CARTESIAN_POINT('',(0.049242610309796,0.0495261413143074,-0.0474798672528587));
#2915=CARTESIAN_POINT('',(0.049735484367443,0.0498536829095773,-0.0475173672528587));
#2916=CARTESIAN_POINT('',(0.0502283584250901,0.050181224504847,-0.0475548672528586));
#2917=CARTESIAN_POINT('',(0.0507584547962133,0.0499181538476933,-0.0475923672528587));
#2918=CARTESIAN_POINT('',(0.0512885511673366,0.0496550831905396,-0.0476298672528587));
#2919=CARTESIAN_POINT('',(0.0513257734808128,0.0490644709381161,-0.0476673672528587));
#2920=CARTESIAN_POINT('',(0.051362995794289,0.0484738586856925,-0.0477048672528587));
#2921=CARTESIAN_POINT('',(0.050870121736642,0.0481463170904227,-0.0477423672528587));
#2922=CARTESIAN_POINT('',(0.050377247678995,0.0478187754951529,-0.0477798672528587));
#2923=CARTESIAN_POINT('',(0.0498471513078717,0.0480818461523066,-0.0478173672528587));
#2924=CARTESIAN_POINT('',(0.0493170549367485,0.0483449168094603,-0.0478548672528587));
#2925=CARTESIAN_POINT('',(0.0492798326232723,0.0489355290618839,-0.0478923672528587));
#2926=CARTESIAN_POINT('',(0.049242610309796,0.0495261413143074,-0.0479298672528587));
#2927=CARTESIAN_POINT('',(0.049735484367443,0.0498536829095773,-0.0479673672528587));
#2928=CARTESIAN_POINT('',(0.0502283584250901,0.050181224504847,-0.0480048672528587));
#2929=CARTESIAN_POINT('',(0.0507584547962133,0.0499181538476933,-0.0480423672528587));
#2930=CARTESIAN_POINT('',(0.0512885511673366,0.0496550831905396,-0.0480798672528587));
#2931=CARTESIAN_POINT('',(0.0513257734808128,0.0490644709381161,-0.0481173672528587));
#2932=CARTESIAN_POINT('',(0.051362995794289,0.0484738586856925,-0.0481548672528586));
#2933=CARTESIAN_POINT('',(0.050870121736642,0.0481463170904227,-0.0481923672528587));
#2934=CARTESIAN_POINT('',(0.050377247678995,0.0478187754951529,-0.0482298672528586));
#2935=CARTESIAN_POINT('',(0.0498471513078717,0.0480818461523066,-0.0482673672528587));
#2936=CARTESIAN_POINT('',(0.0493170549367485,0.0483449168094603,-0.0483048672528587));
#2937=CARTESIAN_POINT('',(0.0492798326232723,0.0489355290618839,-0.0483423672528587));
#2938=CARTESIAN_POINT('',(0.049242610309796,0.0495261413143074,-0.0483798672528586));
#2939=CARTESIAN_POINT('',(0.049735484367443,0.0498536829095773,-0.0484173672528587));
#2940=CARTESIAN_POINT('',(0.0502283584250901,0.050181224504847,-0.0484548672528586));
#2941=CARTESIAN_POINT('',(0.0507584547962133,0.0499181538476933,-0.0484923672528587));
#2942=CARTESIAN_POINT('',(0.0512885511673366,0.0496550831905396,-0.0485298672528587));
#2943=CARTESIAN_POINT('',(0.0513257734808128,0.0490644709381161,-0.0485673672528587));
#2944=CARTESIAN_POINT('',(0.051362995794289,0.0484738586856925,-0.0486048672528586));
#2945=CARTESIAN_POINT('',(0.050870121736642,0.0481463170904227,-0.0486423672528587));
#2946=CARTESIAN_POINT('',(0.050377247678995,0.0478187754951529,-0.0486798672528587));
#2947=CARTESIAN_POINT('',(0.0498471513078717,0.0480818461523066,-0.0487173672528587));
#2948=CARTESIAN_POINT('',(0.0493170549367485,0.0483449168094603,-0.0487548672528587));
#2949=CARTESIAN_POINT('',(0.0492798326232723,0.0489355290618839,-0.0487923672528587));
#2950=CARTESIAN_POINT('',(0.049242610309796,0.0495261413143074,-0.0488298672528586));
#2951=CARTESIAN_POINT('',(0.049735484367443,0.0498536829095773,-0.0488673672528587));
#2952=CARTESIAN_POINT('',(0.0502283584250901,0.050181224504847,-0.0489048672528586));
#2953=CARTESIAN_POINT('',(0.0507584547962133,0.0499181538476933,-0.0489423672528587));
#2954=CARTESIAN_POINT('',(0.0512885511673366,0.0496550831905396,-0.0489798672528587));
#2955=CARTESIAN_POINT('',(0.0513257734808128,0.0490644709381161,-0.0490173672528587));
#2956=CARTESIAN_POINT('',(0.051362995794289,0.0484738586856925,-0.0490548672528586));
#2957=CARTESIAN_POINT('',(0.050870121736642,0.0481463170904227,-0.0490923672528587));
#2958=CARTESIAN_POINT('',(0.050377247678995,0.0478187754951529,-0.0491298672528587));
#2959=CARTESIAN_POINT('',(0.0498471513078717,0.0480818461523066,-0.0491673672528587));
#2960=CARTESIAN_POINT('',(0.0493170549367485,0.0483449168094603,-0.0492048672528587));
#2961=CARTESIAN_POINT('',(0.0492798326232723,0.0489355290618839,-0.0492423672528587));
#2962=CARTESIAN_POINT('',(0.049242610309796,0.0495261413143074,-0.0492798672528586));
#2963=CARTESIAN_POINT('',(0.049735484367443,0.0498536829095773,-0.0493173672528587));
#2964=CARTESIAN_POINT('',(0.0502283584250901,0.050181224504847,-0.0493548672528587));
#2965=CARTESIAN_POINT('',(0.0507584547962133,0.0499181538476933,-0.0493923672528587));
#2966=CARTESIAN_POINT('',(0.0512885511673366,0.0496550831905396,-0.0494298672528587));
#2967=CARTESIAN_POINT('',(0.0513257734808128,0.0490644709381161,-0.0494673672528587));
#2968=CARTESIAN_POINT('',(0.051362995794289,0.0484738586856925,-0.0495048672528586));
#2969=CARTESIAN_POINT('',(0.050870121736642,0.0481463170904227,-0.0495423672528587));
#2970=CARTESIAN_POINT('',(0.050377247678995,0.0478187754951529,-0.0495798672528587));
#2971=CARTESIAN_POINT('',(0.0498471513078717,0.0480818461523066,-0.0496173672528587));
#2972=CARTESIAN_POINT('',(0.0493170549367485,0.0483449168094603,-0.0496548672528587));
#2973=CARTESIAN_POINT('',(0.0492798326232723,0.0489355290618839,-0.0496923672528587));
#2974=CARTESIAN_POINT('',(0.049242610309796,0.0495261413143074,-0.0497298672528586));
#2975=CARTESIAN_POINT('',(0.049735484367443,0.0498536829095773,-0.0497673672528587));
#2976=CARTESIAN_POINT('',(0.0502283584250901,0.050181224504847,-0.0498048672528587));
#2977=CARTESIAN_POINT('',(0.0507584547962133,0.0499181538476933,-0.0498423672528587));
#2978=CARTESIAN_POINT('',(0.0512885511673366,0.0496550831905396,-0.0498798672528587));
#2979=CARTESIAN_POINT('',(0.0513257734808128,0.0490644709381161,-0.0499173672528587));
#2980=CARTESIAN_POINT('',(0.051362995794289,0.0484738586856925,-0.0499548672528586));
#2981=CARTESIAN_POINT('',(0.050870121736642,0.0481463170904227,-0.0499923672528587));
#2982=CARTESIAN_POINT('',(0.050377247678995,0.0478187754951529,-0.0500298672528587));
#2983=CARTESIAN_POINT('',(0.0498471513078717,0.0480818461523066,-0.0500673672528587));
#2984=CARTESIAN_POINT('',(0.0493170549367485,0.0483449168094603,-0.0501048672528587));
#2985=CARTESIAN_POINT('',(0.0492798326232723,0.0489355290618839,-0.0501423672528587));
#2986=CARTESIAN_POINT('',(0.049242610309796,0.0495261413143074,-0.0501798672528586));
#2987=CARTESIAN_POINT('',(0.049735484367443,0.0498536829095772,-0.0502173672528587));
#2988=CARTESIAN_POINT('',(0.0502283584250901,0.050181224504847,-0.0502548672528587));
#2989=CARTESIAN_POINT('',(0.0507584547962133,0.0499181538476933,-0.0502923672528587));
#2990=CARTESIAN_POINT('',(0.0512885511673366,0.0496550831905396,-0.0503298672528587));
#2991=CARTESIAN_POINT('',(0.0513257734808128,0.0490644709381161,-0.0503673672528587));
#2992=CARTESIAN_POINT('',(0.051362995794289,0.0484738586856925,-0.0504048672528586));
#2993=CARTESIAN_POINT('',(0.050870121736642,0.0481463170904227,-0.0504423672528587));
#2994=CARTESIAN_POINT('',(0.050377247678995,0.0478187754951529,-0.0504798672528587));
#2995=CARTESIAN_POINT('',(0.0498471513078717,0.0480818461523066,-0.0505173672528587));
#2996=CARTESIAN_POINT('',(0.0493170549367485,0.0483449168094603,-0.0505548672528587));
#2997=CARTESIAN_POINT('',(0.0492798326232723,0.0489355290618839,-0.0505923672528587));
#2998=CARTESIAN_POINT('',(0.049242610309796,0.0495261413143074,-0.0506298672528586));
#2999=CARTESIAN_POINT('',(0.049735484367443,0.0498536829095773,-0.0506673672528587));
#3000=CARTESIAN_POINT('',(0.0502283584250901,0.050181224504847,-0.0507048672528587));
#3001=CARTESIAN_POINT('',(0.0507584547962133,0.0499181538476933,-0.0507423672528587));
#3002=CARTESIAN_POINT('',(0.0512885511673366,0.0496550831905396,-0.0507798672528587));
#3003=CARTESIAN_POINT('',(0.0513257734808128,0.0490644709381161,-0.0508173672528587));
#3004=CARTESIAN_POINT('',(0.051362995794289,0.0484738586856925,-0.0508548672528586));
#3005=CARTESIAN_POINT('',(0.050870121736642,0.0481463170904227,-0.0508923672528587));
#3006=CARTESIAN_POINT('',(0.050377247678995,0.0478187754951529,-0.0509298672528587));
#3007=CARTESIAN_POINT('',(0.0498471513078717,0.0480818461523066,-0.0509673672528587));
#3008=CARTESIAN_POINT('',(0.0493170549367485,0.0483449168094603,-0.0510048672528587));
#3009=CARTESIAN_POINT('',(0.0492798326232723,0.0489355290618839,-0.0510423672528587));
#3010=CARTESIAN_POINT('',(0.049242610309796,0.0495261413143074,-0.0510798672528587));
#3011=CARTESIAN_POINT('',(0.049735484367443,0.0498536829095772,-0.0511173672528587));
#3012=CARTESIAN_POINT('',(0.0502283584250901,0.050181224504847,-0.0511548672528587));
#3013=CARTESIAN_POINT('',(0.0507584547962133,0.0499181538476933,-0.0511923672528587));
#3014=CARTESIAN_POINT('',(0.0512885511673366,0.0496550831905396,-0.0512298672528586));
#3015=CARTESIAN_POINT('',(0.0513257734808128,0.0490644709381161,-0.0512673672528587));
#3016=CARTESIAN_POINT('',(0.051362995794289,0.0484738586856925,-0.0513048672528586));
#3017=CARTESIAN_POINT('',(0.050870121736642,0.0481463170904227,-0.0513423672528587));
#3018=CARTESIAN_POINT('',(0.050377247678995,0.0478187754951529,-0.0513798672528587));
#3019=CARTESIAN_POINT('',(0.0498471513078717,0.0480818461523066,-0.0514173672528587));
#3020=CARTESIAN_POINT('',(0.0493170549367485,0.0483449168094603,-0.0514548672528586));
#3021=CARTESIAN_POINT('',(0.0492798326232723,0.0489355290618839,-0.0514923672528587));
#3022=CARTESIAN_POINT('',(0.049242610309796,0.0495261413143074,-0.0515298672528586));
#3023=CARTESIAN_POINT('',(0.049735484367443,0.0498536829095773,-0.0515673672528587));
#3024=CARTESIAN_POINT('',(0.0502283584250901,0.050181224504847,-0.0516048672528587));
#3025=CARTESIAN_POINT('',(0.0507584547962133,0.0499181538476934,-0.0516423672528587));
#3026=CARTESIAN_POINT('',(0.0512885511673366,0.0496550831905396,-0.0516798672528586));
#3027=CARTESIAN_POINT('',(0.0513257734808128,0.0490644709381161,-0.0517173672528587));
#3028=CARTESIAN_POINT('',(0.051362995794289,0.0484738586856925,-0.0517548672528587));
#3029=CARTESIAN_POINT('',(0.050870121736642,0.0481463170904227,-0.0517923672528587));
#3030=CARTESIAN_POINT('',(0.050377247678995,0.0478187754951529,-0.0518298672528587));
#3031=CARTESIAN_POINT('',(0.0498471513078717,0.0480818461523066,-0.0518673672528587));
#3032=CARTESIAN_POINT('',(0.0493170549367485,0.0483449168094603,-0.0519048672528586));
#3033=CARTESIAN_POINT('',(0.0492798326232723,0.0489355290618839,-0.0519423672528587));
#3034=CARTESIAN_POINT('',(0.049242610309796,0.0495261413143074,-0.0519798672528587));
#3035=CARTESIAN_POINT('',(0.049735484367443,0.0498536829095772,-0.0520173672528587));
#3036=CARTESIAN_POINT('',(0.0502283584250901,0.050181224504847,-0.0520548672528587));
#3037=CARTESIAN_POINT('',(0.0507584547962133,0.0499181538476933,-0.0520923672528587));
#3038=CARTESIAN_POINT('',(0.0512885511673366,0.0496550831905396,-0.0521298672528586));
#3039=CARTESIAN_POINT('',(0.0513257734808128,0.0490644709381161,-0.0521673672528587));
#3040=CARTESIAN_POINT('',(0.0513257734808128,0.0490644709381161,-0.0445736172528586));
#3041=CARTESIAN_POINT('',(0.051362995794289,0.0484738586856925,-0.0446111172528586));
#3042=CARTESIAN_POINT('',(0.050870121736642,0.0481463170904227,-0.0446486172528587));
#3043=CARTESIAN_POINT('',(0.050377247678995,0.0478187754951529,-0.0446861172528587));
#3044=CARTESIAN_POINT('',(0.0498471513078717,0.0480818461523066,-0.0447236172528587));
#3045=CARTESIAN_POINT('',(0.0493170549367485,0.0483449168094603,-0.0447611172528587));
#3046=CARTESIAN_POINT('',(0.0492798326232723,0.0489355290618839,-0.0447986172528586));
#3047=CARTESIAN_POINT('',(0.049242610309796,0.0495261413143074,-0.0448361172528586));
#3048=CARTESIAN_POINT('',(0.049735484367443,0.0498536829095773,-0.0448736172528586));
#3049=CARTESIAN_POINT('',(0.0502283584250901,0.050181224504847,-0.0449111172528587));
#3050=CARTESIAN_POINT('',(0.0507584547962133,0.0499181538476933,-0.0449486172528586));
#3051=CARTESIAN_POINT('',(0.0512885511673366,0.0496550831905396,-0.0449861172528587));
#3052=CARTESIAN_POINT('',(0.0513257734808128,0.0490644709381161,-0.0450236172528587));
#3053=CARTESIAN_POINT('',(0.051362995794289,0.0484738586856925,-0.0450611172528586));
#3054=CARTESIAN_POINT('',(0.050870121736642,0.0481463170904227,-0.0450986172528587));
#3055=CARTESIAN_POINT('',(0.050377247678995,0.0478187754951529,-0.0451361172528587));
#3056=CARTESIAN_POINT('',(0.0498471513078717,0.0480818461523066,-0.0451736172528587));
#3057=CARTESIAN_POINT('',(0.0493170549367485,0.0483449168094603,-0.0452111172528587));
#3058=CARTESIAN_POINT('',(0.0492798326232723,0.0489355290618839,-0.0452486172528587));
#3059=CARTESIAN_POINT('',(0.049242610309796,0.0495261413143074,-0.0452861172528586));
#3060=CARTESIAN_POINT('',(0.049735484367443,0.0498536829095773,-0.0453236172528587));
#3061=CARTESIAN_POINT('',(0.0502283584250901,0.050181224504847,-0.0453611172528587));
#3062=CARTESIAN_POINT('',(0.0507584547962133,0.0499181538476933,-0.0453986172528587));
#3063=CARTESIAN_POINT('',(0.0512885511673366,0.0496550831905396,-0.0454361172528587));
#3064=CARTESIAN_POINT('',(0.0513257734808128,0.0490644709381161,-0.0454736172528587));
#3065=CARTESIAN_POINT('',(0.051362995794289,0.0484738586856925,-0.0455111172528586));
#3066=CARTESIAN_POINT('',(0.050870121736642,0.0481463170904227,-0.0455486172528587));
#3067=CARTESIAN_POINT('',(0.050377247678995,0.0478187754951529,-0.0455861172528587));
#3068=CARTESIAN_POINT('',(0.0498471513078717,0.0480818461523066,-0.0456236172528587));
#3069=CARTESIAN_POINT('',(0.0493170549367485,0.0483449168094603,-0.0456611172528587));
#3070=CARTESIAN_POINT('',(0.0492798326232723,0.0489355290618839,-0.0456986172528587));
#3071=CARTESIAN_POINT('',(0.049242610309796,0.0495261413143074,-0.0457361172528586));
#3072=CARTESIAN_POINT('',(0.049735484367443,0.0498536829095773,-0.0457736172528587));
#3073=CARTESIAN_POINT('',(0.0502283584250901,0.050181224504847,-0.0458111172528587));
#3074=CARTESIAN_POINT('',(0.0507584547962133,0.0499181538476933,-0.0458486172528587));
#3075=CARTESIAN_POINT('',(0.0512885511673366,0.0496550831905396,-0.0458861172528587));
#3076=CARTESIAN_POINT('',(0.0513257734808128,0.0490644709381161,-0.0459236172528587));
#3077=CARTESIAN_POINT('',(0.051362995794289,0.0484738586856925,-0.0459611172528586));
#3078=CARTESIAN_POINT('',(0.050870121736642,0.0481463170904227,-0.0459986172528587));
#3079=CARTESIAN_POINT('',(0.050377247678995,0.0478187754951529,-0.0460361172528587));
#3080=CARTESIAN_POINT('',(0.0498471513078717,0.0480818461523066,-0.0460736172528587));
#3081=CARTESIAN_POINT('',(0.0493170549367485,0.0483449168094603,-0.0461111172528587));
#3082=CARTESIAN_POINT('',(0.0492798326232723,0.0489355290618839,-0.0461486172528587));
#3083=CARTESIAN_POINT('',(0.049242610309796,0.0495261413143074,-0.0461861172528586));
#3084=CARTESIAN_POINT('',(0.049735484367443,0.0498536829095773,-0.0462236172528587));
#3085=CARTESIAN_POINT('',(0.0502283584250901,0.050181224504847,-0.0462611172528587));
#3086=CARTESIAN_POINT('',(0.0507584547962133,0.0499181538476933,-0.0462986172528587));
#3087=CARTESIAN_POINT('',(0.0512885511673366,0.0496550831905396,-0.0463361172528587));
#3088=CARTESIAN_POINT('',(0.0513257734808128,0.0490644709381161,-0.0463736172528587));
#3089=CARTESIAN_POINT('',(0.051362995794289,0.0484738586856925,-0.0464111172528587));
#3090=CARTESIAN_POINT('',(0.050870121736642,0.0481463170904227,-0.0464486172528587));
#3091=CARTESIAN_POINT('',(0.050377247678995,0.0478187754951529,-0.0464861172528587));
#3092=CARTESIAN_POINT('',(0.0498471513078717,0.0480818461523066,-0.0465236172528587));
#3093=CARTESIAN_POINT('',(0.0493170549367485,0.0483449168094603,-0.0465611172528587));
#3094=CARTESIAN_POINT('',(0.0492798326232723,0.0489355290618839,-0.0465986172528587));
#3095=CARTESIAN_POINT('',(0.049242610309796,0.0495261413143074,-0.0466361172528586));
#3096=CARTESIAN_POINT('',(0.049735484367443,0.0498536829095773,-0.0466736172528587));
#3097=CARTESIAN_POINT('',(0.0502283584250901,0.050181224504847,-0.0467111172528587));
#3098=CARTESIAN_POINT('',(0.0507584547962133,0.0499181538476933,-0.0467486172528587));
#3099=CARTESIAN_POINT('',(0.0512885511673366,0.0496550831905396,-0.0467861172528586));
#3100=CARTESIAN_POINT('',(0.0513257734808128,0.0490644709381161,-0.0468236172528587));
#3101=CARTESIAN_POINT('',(0.051362995794289,0.0484738586856925,-0.0468611172528587));
#3102=CARTESIAN_POINT('',(0.050870121736642,0.0481463170904227,-0.0468986172528587));
#3103=CARTESIAN_POINT('',(0.050377247678995,0.0478187754951529,-0.0469361172528587));
#3104=CARTESIAN_POINT('',(0.0498471513078717,0.0480818461523066,-0.0469736172528587));
#3105=CARTESIAN_POINT('',(0.0493170549367485,0.0483449168094603,-0.0470111172528587));
#3106=CARTESIAN_POINT('',(0.0492798326232723,0.0489355290618839,-0.0470486172528587));
#3107=CARTESIAN_POINT('',(0.049242610309796,0.0495261413143074,-0.0470861172528587));
#3108=CARTESIAN_POINT('',(0.049735484367443,0.0498536829095773,-0.0471236172528587));
#3109=CARTESIAN_POINT('',(0.0502283584250901,0.050181224504847,-0.0471611172528587));
#3110=CARTESIAN_POINT('',(0.0507584547962133,0.0499181538476933,-0.0471986172528587));
#3111=CARTESIAN_POINT('',(0.0512885511673366,0.0496550831905396,-0.0472361172528586));
#3112=CARTESIAN_POINT('',(0.0513257734808128,0.0490644709381161,-0.0472736172528587));
#3113=CARTESIAN_POINT('',(0.051362995794289,0.0484738586856925,-0.0473111172528587));
#3114=CARTESIAN_POINT('',(0.050870121736642,0.0481463170904227,-0.0473486172528587));
#3115=CARTESIAN_POINT('',(0.050377247678995,0.0478187754951529,-0.0473861172528587));
#3116=CARTESIAN_POINT('',(0.0498471513078717,0.0480818461523066,-0.0474236172528587));
#3117=CARTESIAN_POINT('',(0.0493170549367485,0.0483449168094603,-0.0474611172528586));
#3118=CARTESIAN_POINT('',(0.0492798326232723,0.0489355290618839,-0.0474986172528587));
#3119=CARTESIAN_POINT('',(0.049242610309796,0.0495261413143074,-0.0475361172528586));
#3120=CARTESIAN_POINT('',(0.049735484367443,0.0498536829095773,-0.0475736172528587));
#3121=CARTESIAN_POINT('',(0.0502283584250901,0.050181224504847,-0.0476111172528587));
#3122=CARTESIAN_POINT('',(0.0507584547962133,0.0499181538476933,-0.0476486172528587));
#3123=CARTESIAN_POINT('',(0.0512885511673366,0.0496550831905396,-0.0476861172528586));
#3124=CARTESIAN_POINT('',(0.0513257734808128,0.0490644709381161,-0.0477236172528587));
#3125=CARTESIAN_POINT('',(0.051362995794289,0.0484738586856925,-0.0477611172528587));
#3126=CARTESIAN_POINT('',(0.050870121736642,0.0481463170904227,-0.0477986172528587));
#3127=CARTESIAN_POINT('',(0.050377247678995,0.0478187754951529,-0.0478361172528587));
#3128=CARTESIAN_POINT('',(0.0498471513078717,0.0480818461523066,-0.0478736172528587));
#3129=CARTESIAN_POINT('',(0.0493170549367485,0.0483449168094603,-0.0479111172528586));
#3130=CARTESIAN_POINT('',(0.0492798326232723,0.0489355290618839,-0.0479486172528587));
#3131=CARTESIAN_POINT('',(0.049242610309796,0.0495261413143074,-0.0479861172528587));
#3132=CARTESIAN_POINT('',(0.049735484367443,0.0498536829095773,-0.0480236172528587));
#3133=CARTESIAN_POINT('',(0.0502283584250901,0.050181224504847,-0.0480611172528587));
#3134=CARTESIAN_POINT('',(0.0507584547962133,0.0499181538476933,-0.0480986172528587));
#3135=CARTESIAN_POINT('',(0.0512885511673366,0.0496550831905396,-0.0481361172528586));
#3136=CARTESIAN_POINT('',(0.0513257734808128,0.0490644709381161,-0.0481736172528587));
#3137=CARTESIAN_POINT('',(0.051362995794289,0.0484738586856925,-0.0482111172528587));
#3138=CARTESIAN_POINT('',(0.050870121736642,0.0481463170904227,-0.0482486172528587));
#3139=CARTESIAN_POINT('',(0.050377247678995,0.0478187754951529,-0.0482861172528587));
#3140=CARTESIAN_POINT('',(0.0498471513078717,0.0480818461523066,-0.0483236172528587));
#3141=CARTESIAN_POINT('',(0.0493170549367485,0.0483449168094603,-0.0483611172528586));
#3142=CARTESIAN_POINT('',(0.0492798326232723,0.0489355290618839,-0.0483986172528587));
#3143=CARTESIAN_POINT('',(0.049242610309796,0.0495261413143074,-0.0484361172528587));
#3144=CARTESIAN_POINT('',(0.049735484367443,0.0498536829095773,-0.0484736172528587));
#3145=CARTESIAN_POINT('',(0.0502283584250901,0.050181224504847,-0.0485111172528587));
#3146=CARTESIAN_POINT('',(0.0507584547962133,0.0499181538476933,-0.0485486172528587));
#3147=CARTESIAN_POINT('',(0.0512885511673366,0.0496550831905396,-0.0485861172528586));
#3148=CARTESIAN_POINT('',(0.0513257734808128,0.0490644709381161,-0.0486236172528587));
#3149=CARTESIAN_POINT('',(0.051362995794289,0.0484738586856925,-0.0486611172528587));
#3150=CARTESIAN_POINT('',(0.050870121736642,0.0481463170904227,-0.0486986172528587));
#3151=CARTESIAN_POINT('',(0.050377247678995,0.0478187754951529,-0.0487361172528587));
#3152=CARTESIAN_POINT('',(0.0498471513078717,0.0480818461523066,-0.0487736172528587));
#3153=CARTESIAN_POINT('',(0.0493170549367485,0.0483449168094603,-0.0488111172528586));
#3154=CARTESIAN_POINT('',(0.0492798326232723,0.0489355290618839,-0.0488486172528587));
#3155=CARTESIAN_POINT('',(0.049242610309796,0.0495261413143074,-0.0488861172528587));
#3156=CARTESIAN_POINT('',(0.049735484367443,0.0498536829095773,-0.0489236172528587));
#3157=CARTESIAN_POINT('',(0.0502283584250901,0.050181224504847,-0.0489611172528587));
#3158=CARTESIAN_POINT('',(0.0507584547962133,0.0499181538476933,-0.0489986172528587));
#3159=CARTESIAN_POINT('',(0.0512885511673366,0.0496550831905396,-0.0490361172528586));
#3160=CARTESIAN_POINT('',(0.0513257734808128,0.0490644709381161,-0.0490736172528587));
#3161=CARTESIAN_POINT('',(0.051362995794289,0.0484738586856925,-0.0491111172528587));
#3162=CARTESIAN_POINT('',(0.050870121736642,0.0481463170904227,-0.0491486172528587));
#3163=CARTESIAN_POINT('',(0.050377247678995,0.0478187754951529,-0.0491861172528587));
#3164=CARTESIAN_POINT('',(0.0498471513078717,0.0480818461523066,-0.0492236172528587));
#3165=CARTESIAN_POINT('',(0.0493170549367485,0.0483449168094603,-0.0492611172528586));
#3166=CARTESIAN_POINT('',(0.0492798326232723,0.0489355290618839,-0.0492986172528587));
#3167=CARTESIAN_POINT('',(0.049242610309796,0.0495261413143074,-0.0493361172528587));
#3168=CARTESIAN_POINT('',(0.049735484367443,0.0498536829095773,-0.0493736172528587));
#3169=CARTESIAN_POINT('',(0.0502283584250901,0.050181224504847,-0.0494111172528587));
#3170=CARTESIAN_POINT('',(0.0507584547962133,0.0499181538476933,-0.0494486172528587));
#3171=CARTESIAN_POINT('',(0.0512885511673366,0.0496550831905396,-0.0494861172528587));
#3172=CARTESIAN_POINT('',(0.0513257734808128,0.0490644709381161,-0.0495236172528587));
#3173=CARTESIAN_POINT('',(0.051362995794289,0.0484738586856925,-0.0495611172528587));
#3174=CARTESIAN_POINT('',(0.050870121736642,0.0481463170904227,-0.0495986172528587));
#3175=CARTESIAN_POINT('',(0.050377247678995,0.0478187754951529,-0.0496361172528586));
#3176=CARTESIAN_POINT('',(0.0498471513078717,0.0480818461523066,-0.0496736172528587));
#3177=CARTESIAN_POINT('',(0.0493170549367485,0.0483449168094603,-0.0497111172528586));
#3178=CARTESIAN_POINT('',(0.0492798326232723,0.0489355290618839,-0.0497486172528587));
#3179=CARTESIAN_POINT('',(0.049242610309796,0.0495261413143074,-0.0497861172528587));
#3180=CARTESIAN_POINT('',(0.049735484367443,0.0498536829095772,-0.0498236172528587));
#3181=CARTESIAN_POINT('',(0.0502283584250901,0.050181224504847,-0.0498611172528586));
#3182=CARTESIAN_POINT('',(0.0507584547962133,0.0499181538476933,-0.0498986172528587));
#3183=CARTESIAN_POINT('',(0.0512885511673366,0.0496550831905396,-0.0499361172528587));
#3184=CARTESIAN_POINT('',(0.0513257734808128,0.0490644709381161,-0.0499736172528587));
#3185=CARTESIAN_POINT('',(0.051362995794289,0.0484738586856925,-0.0500111172528587));
#3186=CARTESIAN_POINT('',(0.050870121736642,0.0481463170904227,-0.0500486172528587));
#3187=CARTESIAN_POINT('',(0.050377247678995,0.0478187754951529,-0.0500861172528586));
#3188=CARTESIAN_POINT('',(0.0498471513078717,0.0480818461523066,-0.0501236172528587));
#3189=CARTESIAN_POINT('',(0.0493170549367485,0.0483449168094603,-0.0501611172528586));
#3190=CARTESIAN_POINT('',(0.0492798326232723,0.0489355290618839,-0.0501986172528587));
#3191=CARTESIAN_POINT('',(0.049242610309796,0.0495261413143074,-0.0502361172528587));
#3192=CARTESIAN_POINT('',(0.049735484367443,0.0498536829095773,-0.0502736172528587));
#3193=CARTESIAN_POINT('',(0.0502283584250901,0.050181224504847,-0.0503111172528586));
#3194=CARTESIAN_POINT('',(0.0507584547962133,0.0499181538476933,-0.0503486172528587));
#3195=CARTESIAN_POINT('',(0.0512885511673366,0.0496550831905396,-0.0503861172528587));
#3196=CARTESIAN_POINT('',(0.0513257734808128,0.0490644709381161,-0.0504236172528587));
#3197=CARTESIAN_POINT('',(0.051362995794289,0.0484738586856925,-0.0504611172528587));
#3198=CARTESIAN_POINT('',(0.050870121736642,0.0481463170904227,-0.0504986172528587));
#3199=CARTESIAN_POINT('',(0.050377247678995,0.0478187754951529,-0.0505361172528586));
#3200=CARTESIAN_POINT('',(0.0498471513078717,0.0480818461523066,-0.0505736172528587));
#3201=CARTESIAN_POINT('',(0.0493170549367485,0.0483449168094603,-0.0506111172528587));
#3202=CARTESIAN_POINT('',(0.0492798326232723,0.0489355290618839,-0.0506486172528587));
#3203=CARTESIAN_POINT('',(0.049242610309796,0.0495261413143074,-0.0506861172528587));
#3204=CARTESIAN_POINT('',(0.049735484367443,0.0498536829095772,-0.0507236172528587));
#3205=CARTESIAN_POINT('',(0.0502283584250901,0.050181224504847,-0.0507611172528586));
#3206=CARTESIAN_POINT('',(0.0507584547962133,0.0499181538476933,-0.0507986172528587));
#3207=CARTESIAN_POINT('',(0.0512885511673366,0.0496550831905396,-0.0508361172528587));
#3208=CARTESIAN_POINT('',(0.0513257734808128,0.0490644709381161,-0.0508736172528587));
#3209=CARTESIAN_POINT('',(0.051362995794289,0.0484738586856925,-0.0509111172528587));
#3210=CARTESIAN_POINT('',(0.050870121736642,0.0481463170904227,-0.0509486172528587));
#3211=CARTESIAN_POINT('',(0.050377247678995,0.0478187754951529,-0.0509861172528586));
#3212=CARTESIAN_POINT('',(0.0498471513078717,0.0480818461523066,-0.0510236172528587));
#3213=CARTESIAN_POINT('',(0.0493170549367485,0.0483449168094603,-0.0510611172528587));
#3214=CARTESIAN_POINT('',(0.0492798326232723,0.0489355290618839,-0.0510986172528587));
#3215=CARTESIAN_POINT('',(0.049242610309796,0.0495261413143074,-0.0511361172528587));
#3216=CARTESIAN_POINT('',(0.049735484367443,0.0498536829095773,-0.0511736172528587));
#3217=CARTESIAN_POINT('',(0.0502283584250901,0.050181224504847,-0.0512111172528586));
#3218=CARTESIAN_POINT('',(0.0507584547962133,0.0499181538476934,-0.0512486172528587));
#3219=CARTESIAN_POINT('',(0.0512885511673366,0.0496550831905396,-0.0512861172528587));
#3220=CARTESIAN_POINT('',(0.0513257734808128,0.0490644709381161,-0.0513236172528587));
#3221=CARTESIAN_POINT('',(0.051362995794289,0.0484738586856925,-0.0513611172528587));
#3222=CARTESIAN_POINT('',(0.050870121736642,0.0481463170904227,-0.0513986172528587));
#3223=CARTESIAN_POINT('',(0.050377247678995,0.0478187754951529,-0.0514361172528586));
#3224=CARTESIAN_POINT('',(0.0498471513078717,0.0480818461523066,-0.0514736172528587));
#3225=CARTESIAN_POINT('',(0.0493170549367485,0.0483449168094603,-0.0515111172528587));
#3226=CARTESIAN_POINT('',(0.0492798326232723,0.0489355290618839,-0.0515486172528587));
#3227=CARTESIAN_POINT('',(0.049242610309796,0.0495261413143074,-0.0515861172528587));
#3228=CARTESIAN_POINT('',(0.049735484367443,0.0498536829095772,-0.0516236172528587));
#3229=CARTESIAN_POINT('',(0.0502283584250901,0.050181224504847,-0.0516611172528586));
#3230=CARTESIAN_POINT('',(0.0507584547962133,0.0499181538476933,-0.0516986172528587));
#3231=CARTESIAN_POINT('',(0.0512885511673366,0.0496550831905396,-0.0517361172528587));
#3232=CARTESIAN_POINT('',(0.0513257734808128,0.0490644709381161,-0.0517736172528587));
#3233=CARTESIAN_POINT('',(0.0503028030520425,0.,-0.0514));
#3234=CARTESIAN_POINT('',(0.0503028030520425,0.,-0.0520158821345032));
#3235=CARTESIAN_POINT('',(0.0503028030520425,0.,-0.0514));
#3236=CARTESIAN_POINT('',(0.0508519311975506,-0.000865495973307148,-0.0514));
#3237=CARTESIAN_POINT('',(0.0500903050026054,-0.00100273106014793,-0.0514));
#3238=CARTESIAN_POINT('',(0.0503028030520425,-4.89858719658941E-19,-0.0514));
#3239=CARTESIAN_POINT('',(0.0503028030520425,0.,-0.0434));
#3240=CARTESIAN_POINT('',(0.0513257734808128,6.44709381160851E-5,-0.0449673672528586));
#3241=CARTESIAN_POINT('',(0.051362995794289,-0.000526141314307457,-0.0450048672528587));
#3242=CARTESIAN_POINT('',(0.050870121736642,-0.000853682909577272,-0.0450423672528587));
#3243=CARTESIAN_POINT('',(0.050377247678995,-0.00118122450484708,-0.0450798672528586));
#3244=CARTESIAN_POINT('',(0.0498471513078717,-0.000918153847693357,-0.0451173672528587));
#3245=CARTESIAN_POINT('',(0.0493170549367485,-0.000655083190539628,-0.0451548672528587));
#3246=CARTESIAN_POINT('',(0.0492798326232723,-6.44709381160854E-5,-0.0451923672528587));
#3247=CARTESIAN_POINT('',(0.049242610309796,0.000526141314307457,-0.0452298672528587));
#3248=CARTESIAN_POINT('',(0.0497354843674431,0.000853682909577271,-0.0452673672528587));
#3249=CARTESIAN_POINT('',(0.0502283584250901,0.00118122450484708,-0.0453048672528586));
#3250=CARTESIAN_POINT('',(0.0507584547962133,0.000918153847693357,-0.0453423672528587));
#3251=CARTESIAN_POINT('',(0.0512885511673366,0.000655083190539628,-0.0453798672528586));
#3252=CARTESIAN_POINT('',(0.0513257734808128,6.44709381160853E-5,-0.0454173672528587));
#3253=CARTESIAN_POINT('',(0.051362995794289,-0.000526141314307457,-0.0454548672528587));
#3254=CARTESIAN_POINT('',(0.050870121736642,-0.000853682909577271,-0.0454923672528587));
#3255=CARTESIAN_POINT('',(0.050377247678995,-0.00118122450484708,-0.0455298672528586));
#3256=CARTESIAN_POINT('',(0.0498471513078717,-0.000918153847693357,-0.0455673672528587));
#3257=CARTESIAN_POINT('',(0.0493170549367485,-0.000655083190539629,-0.0456048672528587));
#3258=CARTESIAN_POINT('',(0.0492798326232723,-6.44709381160857E-5,-0.0456423672528587));
#3259=CARTESIAN_POINT('',(0.049242610309796,0.000526141314307456,-0.0456798672528587));
#3260=CARTESIAN_POINT('',(0.0497354843674431,0.000853682909577271,-0.0457173672528587));
#3261=CARTESIAN_POINT('',(0.0502283584250901,0.00118122450484708,-0.0457548672528586));
#3262=CARTESIAN_POINT('',(0.0507584547962133,0.000918153847693357,-0.0457923672528587));
#3263=CARTESIAN_POINT('',(0.0512885511673366,0.000655083190539629,-0.0458298672528586));
#3264=CARTESIAN_POINT('',(0.0513257734808128,6.44709381160855E-5,-0.0458673672528587));
#3265=CARTESIAN_POINT('',(0.051362995794289,-0.000526141314307456,-0.0459048672528587));
#3266=CARTESIAN_POINT('',(0.050870121736642,-0.000853682909577271,-0.0459423672528587));
#3267=CARTESIAN_POINT('',(0.050377247678995,-0.00118122450484708,-0.0459798672528586));
#3268=CARTESIAN_POINT('',(0.0498471513078717,-0.000918153847693357,-0.0460173672528587));
#3269=CARTESIAN_POINT('',(0.0493170549367485,-0.000655083190539629,-0.0460548672528587));
#3270=CARTESIAN_POINT('',(0.0492798326232723,-6.44709381160878E-5,-0.0460923672528587));
#3271=CARTESIAN_POINT('',(0.049242610309796,0.000526141314307456,-0.0461298672528587));
#3272=CARTESIAN_POINT('',(0.0497354843674431,0.00085368290957727,-0.0461673672528587));
#3273=CARTESIAN_POINT('',(0.0502283584250901,0.00118122450484708,-0.0462048672528586));
#3274=CARTESIAN_POINT('',(0.0507584547962133,0.000918153847693358,-0.0462423672528587));
#3275=CARTESIAN_POINT('',(0.0512885511673366,0.000655083190539632,-0.0462798672528587));
#3276=CARTESIAN_POINT('',(0.0513257734808128,6.44709381160858E-5,-0.0463173672528587));
#3277=CARTESIAN_POINT('',(0.051362995794289,-0.000526141314307456,-0.0463548672528587));
#3278=CARTESIAN_POINT('',(0.050870121736642,-0.000853682909577271,-0.0463923672528587));
#3279=CARTESIAN_POINT('',(0.050377247678995,-0.00118122450484708,-0.0464298672528586));
#3280=CARTESIAN_POINT('',(0.0498471513078717,-0.000918153847693358,-0.0464673672528587));
#3281=CARTESIAN_POINT('',(0.0493170549367485,-0.000655083190539632,-0.0465048672528587));
#3282=CARTESIAN_POINT('',(0.0492798326232723,-6.44709381160863E-5,-0.0465423672528587));
#3283=CARTESIAN_POINT('',(0.049242610309796,0.000526141314307456,-0.0465798672528587));
#3284=CARTESIAN_POINT('',(0.0497354843674431,0.00085368290957727,-0.0466173672528587));
#3285=CARTESIAN_POINT('',(0.0502283584250901,0.00118122450484708,-0.0466548672528586));
#3286=CARTESIAN_POINT('',(0.0507584547962133,0.000918153847693358,-0.0466923672528587));
#3287=CARTESIAN_POINT('',(0.0512885511673366,0.000655083190539632,-0.0467298672528587));
#3288=CARTESIAN_POINT('',(0.0513257734808128,6.4470938116086E-5,-0.0467673672528587));
#3289=CARTESIAN_POINT('',(0.051362995794289,-0.000526141314307456,-0.0468048672528587));
#3290=CARTESIAN_POINT('',(0.050870121736642,-0.000853682909577271,-0.0468423672528587));
#3291=CARTESIAN_POINT('',(0.050377247678995,-0.00118122450484708,-0.0468798672528586));
#3292=CARTESIAN_POINT('',(0.0498471513078717,-0.000918153847693359,-0.0469173672528587));
#3293=CARTESIAN_POINT('',(0.0493170549367485,-0.000655083190539632,-0.0469548672528587));
#3294=CARTESIAN_POINT('',(0.0492798326232723,-6.44709381160902E-5,-0.0469923672528587));
#3295=CARTESIAN_POINT('',(0.049242610309796,0.000526141314307455,-0.0470298672528587));
#3296=CARTESIAN_POINT('',(0.0497354843674431,0.00085368290957727,-0.0470673672528587));
#3297=CARTESIAN_POINT('',(0.0502283584250901,0.00118122450484708,-0.0471048672528586));
#3298=CARTESIAN_POINT('',(0.0507584547962133,0.000918153847693358,-0.0471423672528587));
#3299=CARTESIAN_POINT('',(0.0512885511673366,0.000655083190539632,-0.0471798672528587));
#3300=CARTESIAN_POINT('',(0.0513257734808128,6.44709381160899E-5,-0.0472173672528587));
#3301=CARTESIAN_POINT('',(0.051362995794289,-0.000526141314307456,-0.0472548672528586));
#3302=CARTESIAN_POINT('',(0.050870121736642,-0.00085368290957727,-0.0472923672528587));
#3303=CARTESIAN_POINT('',(0.050377247678995,-0.00118122450484708,-0.0473298672528586));
#3304=CARTESIAN_POINT('',(0.0498471513078717,-0.000918153847693359,-0.0473673672528587));
#3305=CARTESIAN_POINT('',(0.0493170549367485,-0.000655083190539629,-0.0474048672528587));
#3306=CARTESIAN_POINT('',(0.0492798326232723,-6.44709381160905E-5,-0.0474423672528587));
#3307=CARTESIAN_POINT('',(0.049242610309796,0.000526141314307455,-0.0474798672528586));
#3308=CARTESIAN_POINT('',(0.049735484367443,0.000853682909577268,-0.0475173672528587));
#3309=CARTESIAN_POINT('',(0.0502283584250901,0.00118122450484708,-0.0475548672528586));
#3310=CARTESIAN_POINT('',(0.0507584547962133,0.00091815384769336,-0.0475923672528587));
#3311=CARTESIAN_POINT('',(0.0512885511673366,0.000655083190539632,-0.0476298672528587));
#3312=CARTESIAN_POINT('',(0.0513257734808128,6.44709381160864E-5,-0.0476673672528587));
#3313=CARTESIAN_POINT('',(0.051362995794289,-0.000526141314307451,-0.0477048672528586));
#3314=CARTESIAN_POINT('',(0.050870121736642,-0.00085368290957727,-0.0477423672528587));
#3315=CARTESIAN_POINT('',(0.050377247678995,-0.00118122450484708,-0.0477798672528587));
#3316=CARTESIAN_POINT('',(0.0498471513078717,-0.000918153847693359,-0.0478173672528587));
#3317=CARTESIAN_POINT('',(0.0493170549367485,-0.000655083190539629,-0.0478548672528587));
#3318=CARTESIAN_POINT('',(0.0492798326232723,-6.44709381160907E-5,-0.0478923672528587));
#3319=CARTESIAN_POINT('',(0.049242610309796,0.000526141314307455,-0.0479298672528586));
#3320=CARTESIAN_POINT('',(0.049735484367443,0.000853682909577268,-0.0479673672528587));
#3321=CARTESIAN_POINT('',(0.0502283584250901,0.00118122450484708,-0.0480048672528587));
#3322=CARTESIAN_POINT('',(0.0507584547962133,0.00091815384769336,-0.0480423672528587));
#3323=CARTESIAN_POINT('',(0.0512885511673366,0.000655083190539632,-0.0480798672528587));
#3324=CARTESIAN_POINT('',(0.0513257734808128,6.44709381160867E-5,-0.0481173672528587));
#3325=CARTESIAN_POINT('',(0.051362995794289,-0.000526141314307451,-0.0481548672528586));
#3326=CARTESIAN_POINT('',(0.050870121736642,-0.00085368290957727,-0.0481923672528587));
#3327=CARTESIAN_POINT('',(0.050377247678995,-0.00118122450484708,-0.0482298672528586));
#3328=CARTESIAN_POINT('',(0.0498471513078717,-0.000918153847693359,-0.0482673672528587));
#3329=CARTESIAN_POINT('',(0.0493170549367485,-0.000655083190539636,-0.0483048672528587));
#3330=CARTESIAN_POINT('',(0.0492798326232723,-6.4470938116091E-5,-0.0483423672528587));
#3331=CARTESIAN_POINT('',(0.049242610309796,0.000526141314307455,-0.0483798672528586));
#3332=CARTESIAN_POINT('',(0.049735484367443,0.000853682909577268,-0.0484173672528587));
#3333=CARTESIAN_POINT('',(0.0502283584250901,0.00118122450484708,-0.0484548672528586));
#3334=CARTESIAN_POINT('',(0.0507584547962133,0.00091815384769336,-0.0484923672528587));
#3335=CARTESIAN_POINT('',(0.0512885511673366,0.000655083190539633,-0.0485298672528587));
#3336=CARTESIAN_POINT('',(0.0513257734808128,6.44709381160869E-5,-0.0485673672528587));
#3337=CARTESIAN_POINT('',(0.051362995794289,-0.000526141314307451,-0.0486048672528586));
#3338=CARTESIAN_POINT('',(0.050870121736642,-0.00085368290957727,-0.0486423672528587));
#3339=CARTESIAN_POINT('',(0.050377247678995,-0.00118122450484708,-0.0486798672528587));
#3340=CARTESIAN_POINT('',(0.0498471513078717,-0.000918153847693359,-0.0487173672528587));
#3341=CARTESIAN_POINT('',(0.0493170549367485,-0.000655083190539636,-0.0487548672528587));
#3342=CARTESIAN_POINT('',(0.0492798326232723,-6.44709381160913E-5,-0.0487923672528587));
#3343=CARTESIAN_POINT('',(0.049242610309796,0.000526141314307454,-0.0488298672528586));
#3344=CARTESIAN_POINT('',(0.049735484367443,0.000853682909577267,-0.0488673672528587));
#3345=CARTESIAN_POINT('',(0.0502283584250901,0.00118122450484708,-0.0489048672528586));
#3346=CARTESIAN_POINT('',(0.0507584547962133,0.00091815384769336,-0.0489423672528587));
#3347=CARTESIAN_POINT('',(0.0512885511673366,0.000655083190539633,-0.0489798672528587));
#3348=CARTESIAN_POINT('',(0.0513257734808128,6.44709381160944E-5,-0.0490173672528587));
#3349=CARTESIAN_POINT('',(0.051362995794289,-0.000526141314307451,-0.0490548672528586));
#3350=CARTESIAN_POINT('',(0.050870121736642,-0.00085368290957727,-0.0490923672528587));
#3351=CARTESIAN_POINT('',(0.050377247678995,-0.00118122450484708,-0.0491298672528587));
#3352=CARTESIAN_POINT('',(0.0498471513078717,-0.000918153847693359,-0.0491673672528587));
#3353=CARTESIAN_POINT('',(0.0493170549367485,-0.000655083190539637,-0.0492048672528587));
#3354=CARTESIAN_POINT('',(0.0492798326232723,-6.44709381160916E-5,-0.0492423672528587));
#3355=CARTESIAN_POINT('',(0.049242610309796,0.000526141314307447,-0.0492798672528586));
#3356=CARTESIAN_POINT('',(0.049735484367443,0.000853682909577267,-0.0493173672528587));
#3357=CARTESIAN_POINT('',(0.0502283584250901,0.00118122450484708,-0.0493548672528587));
#3358=CARTESIAN_POINT('',(0.0507584547962133,0.00091815384769336,-0.0493923672528587));
#3359=CARTESIAN_POINT('',(0.0512885511673366,0.000655083190539633,-0.0494298672528587));
#3360=CARTESIAN_POINT('',(0.0513257734808128,6.44709381160946E-5,-0.0494673672528587));
#3361=CARTESIAN_POINT('',(0.051362995794289,-0.00052614131430745,-0.0495048672528586));
#3362=CARTESIAN_POINT('',(0.050870121736642,-0.00085368290957727,-0.0495423672528587));
#3363=CARTESIAN_POINT('',(0.050377247678995,-0.00118122450484708,-0.0495798672528587));
#3364=CARTESIAN_POINT('',(0.0498471513078717,-0.000918153847693359,-0.0496173672528587));
#3365=CARTESIAN_POINT('',(0.0493170549367485,-0.000655083190539631,-0.0496548672528586));
#3366=CARTESIAN_POINT('',(0.0492798326232723,-6.44709381160991E-5,-0.0496923672528587));
#3367=CARTESIAN_POINT('',(0.049242610309796,0.000526141314307446,-0.0497298672528586));
#3368=CARTESIAN_POINT('',(0.049735484367443,0.000853682909577267,-0.0497673672528587));
#3369=CARTESIAN_POINT('',(0.0502283584250901,0.00118122450484708,-0.0498048672528587));
#3370=CARTESIAN_POINT('',(0.0507584547962133,0.000918153847693357,-0.0498423672528587));
#3371=CARTESIAN_POINT('',(0.0512885511673366,0.00065508319053964,-0.0498798672528587));
#3372=CARTESIAN_POINT('',(0.0513257734808128,6.44709381160948E-5,-0.0499173672528587));
#3373=CARTESIAN_POINT('',(0.051362995794289,-0.00052614131430745,-0.0499548672528586));
#3374=CARTESIAN_POINT('',(0.050870121736642,-0.00085368290957727,-0.0499923672528587));
#3375=CARTESIAN_POINT('',(0.050377247678995,-0.00118122450484708,-0.0500298672528587));
#3376=CARTESIAN_POINT('',(0.0498471513078718,-0.000918153847693363,-0.0500673672528587));
#3377=CARTESIAN_POINT('',(0.0493170549367485,-0.000655083190539637,-0.0501048672528586));
#3378=CARTESIAN_POINT('',(0.0492798326232723,-6.44709381160921E-5,-0.0501423672528587));
#3379=CARTESIAN_POINT('',(0.049242610309796,0.000526141314307454,-0.0501798672528586));
#3380=CARTESIAN_POINT('',(0.049735484367443,0.000853682909577263,-0.0502173672528587));
#3381=CARTESIAN_POINT('',(0.0502283584250901,0.00118122450484708,-0.0502548672528587));
#3382=CARTESIAN_POINT('',(0.0507584547962133,0.00091815384769336,-0.0502923672528587));
#3383=CARTESIAN_POINT('',(0.0512885511673366,0.000655083190539633,-0.0503298672528586));
#3384=CARTESIAN_POINT('',(0.0513257734808128,6.44709381160878E-5,-0.0503673672528587));
#3385=CARTESIAN_POINT('',(0.051362995794289,-0.000526141314307443,-0.0504048672528586));
#3386=CARTESIAN_POINT('',(0.050870121736642,-0.000853682909577266,-0.0504423672528587));
#3387=CARTESIAN_POINT('',(0.050377247678995,-0.00118122450484708,-0.0504798672528587));
#3388=CARTESIAN_POINT('',(0.0498471513078717,-0.00091815384769336,-0.0505173672528587));
#3389=CARTESIAN_POINT('',(0.0493170549367485,-0.000655083190539631,-0.0505548672528586));
#3390=CARTESIAN_POINT('',(0.0492798326232723,-6.44709381160997E-5,-0.0505923672528587));
#3391=CARTESIAN_POINT('',(0.049242610309796,0.000526141314307446,-0.0506298672528586));
#3392=CARTESIAN_POINT('',(0.049735484367443,0.000853682909577267,-0.0506673672528587));
#3393=CARTESIAN_POINT('',(0.0502283584250901,0.00118122450484708,-0.0507048672528587));
#3394=CARTESIAN_POINT('',(0.0507584547962133,0.000918153847693357,-0.0507423672528587));
#3395=CARTESIAN_POINT('',(0.0512885511673366,0.000655083190539641,-0.0507798672528586));
#3396=CARTESIAN_POINT('',(0.0513257734808128,6.44709381160953E-5,-0.0508173672528587));
#3397=CARTESIAN_POINT('',(0.051362995794289,-0.00052614131430745,-0.0508548672528586));
#3398=CARTESIAN_POINT('',(0.050870121736642,-0.000853682909577269,-0.0508923672528587));
#3399=CARTESIAN_POINT('',(0.050377247678995,-0.00118122450484708,-0.0509298672528587));
#3400=CARTESIAN_POINT('',(0.0498471513078718,-0.000918153847693363,-0.0509673672528587));
#3401=CARTESIAN_POINT('',(0.0493170549367485,-0.000655083190539639,-0.0510048672528586));
#3402=CARTESIAN_POINT('',(0.0492798326232723,-6.44709381160927E-5,-0.0510423672528587));
#3403=CARTESIAN_POINT('',(0.049242610309796,0.000526141314307453,-0.0510798672528587));
#3404=CARTESIAN_POINT('',(0.049735484367443,0.000853682909577263,-0.0511173672528587));
#3405=CARTESIAN_POINT('',(0.0502283584250901,0.00118122450484708,-0.0511548672528587));
#3406=CARTESIAN_POINT('',(0.0507584547962133,0.00091815384769336,-0.0511923672528587));
#3407=CARTESIAN_POINT('',(0.0512885511673366,0.000655083190539634,-0.0512298672528586));
#3408=CARTESIAN_POINT('',(0.0513257734808128,6.44709381160882E-5,-0.0512673672528587));
#3409=CARTESIAN_POINT('',(0.051362995794289,-0.000526141314307442,-0.0513048672528586));
#3410=CARTESIAN_POINT('',(0.050870121736642,-0.000853682909577265,-0.0513423672528587));
#3411=CARTESIAN_POINT('',(0.050377247678995,-0.00118122450484708,-0.0513798672528587));
#3412=CARTESIAN_POINT('',(0.0498471513078718,-0.00091815384769336,-0.0514173672528587));
#3413=CARTESIAN_POINT('',(0.0493170549367485,-0.000655083190539632,-0.0514548672528586));
#3414=CARTESIAN_POINT('',(0.0492798326232723,-6.44709381161002E-5,-0.0514923672528587));
#3415=CARTESIAN_POINT('',(0.049242610309796,0.000526141314307444,-0.0515298672528586));
#3416=CARTESIAN_POINT('',(0.049735484367443,0.000853682909577266,-0.0515673672528587));
#3417=CARTESIAN_POINT('',(0.0502283584250901,0.00118122450484708,-0.0516048672528587));
#3418=CARTESIAN_POINT('',(0.0507584547962133,0.000918153847693364,-0.0516423672528587));
#3419=CARTESIAN_POINT('',(0.0512885511673366,0.000655083190539641,-0.0516798672528586));
#3420=CARTESIAN_POINT('',(0.0513257734808128,6.44709381160957E-5,-0.0517173672528587));
#3421=CARTESIAN_POINT('',(0.051362995794289,-0.000526141314307449,-0.0517548672528587));
#3422=CARTESIAN_POINT('',(0.050870121736642,-0.000853682909577269,-0.0517923672528587));
#3423=CARTESIAN_POINT('',(0.050377247678995,-0.00118122450484708,-0.0518298672528587));
#3424=CARTESIAN_POINT('',(0.0498471513078718,-0.000918153847693363,-0.0518673672528587));
#3425=CARTESIAN_POINT('',(0.0493170549367485,-0.000655083190539639,-0.0519048672528586));
#3426=CARTESIAN_POINT('',(0.0492798326232723,-6.44709381160932E-5,-0.0519423672528587));
#3427=CARTESIAN_POINT('',(0.049242610309796,0.000526141314307453,-0.0519798672528587));
#3428=CARTESIAN_POINT('',(0.049735484367443,0.000853682909577262,-0.0520173672528587));
#3429=CARTESIAN_POINT('',(0.0502283584250901,0.00118122450484708,-0.0520548672528587));
#3430=CARTESIAN_POINT('',(0.0507584547962133,0.000918153847693361,-0.0520923672528587));
#3431=CARTESIAN_POINT('',(0.0512885511673366,0.000655083190539634,-0.0521298672528586));
#3432=CARTESIAN_POINT('',(0.0513257734808128,6.44709381160887E-5,-0.0521673672528587));
#3433=CARTESIAN_POINT('',(0.0513257734808128,6.44709381160851E-5,-0.0445736172528586));
#3434=CARTESIAN_POINT('',(0.051362995794289,-0.000526141314307457,-0.0446111172528586));
#3435=CARTESIAN_POINT('',(0.050870121736642,-0.000853682909577272,-0.0446486172528586));
#3436=CARTESIAN_POINT('',(0.050377247678995,-0.00118122450484708,-0.0446861172528587));
#3437=CARTESIAN_POINT('',(0.0498471513078717,-0.000918153847693357,-0.0447236172528587));
#3438=CARTESIAN_POINT('',(0.0493170549367485,-0.000655083190539628,-0.0447611172528587));
#3439=CARTESIAN_POINT('',(0.0492798326232723,-6.44709381160854E-5,-0.0447986172528586));
#3440=CARTESIAN_POINT('',(0.049242610309796,0.000526141314307457,-0.0448361172528586));
#3441=CARTESIAN_POINT('',(0.0497354843674431,0.000853682909577271,-0.0448736172528586));
#3442=CARTESIAN_POINT('',(0.0502283584250901,0.00118122450484708,-0.0449111172528587));
#3443=CARTESIAN_POINT('',(0.0507584547962133,0.000918153847693357,-0.0449486172528586));
#3444=CARTESIAN_POINT('',(0.0512885511673366,0.000655083190539628,-0.0449861172528587));
#3445=CARTESIAN_POINT('',(0.0513257734808128,6.44709381160853E-5,-0.0450236172528587));
#3446=CARTESIAN_POINT('',(0.051362995794289,-0.000526141314307457,-0.0450611172528586));
#3447=CARTESIAN_POINT('',(0.050870121736642,-0.000853682909577271,-0.0450986172528587));
#3448=CARTESIAN_POINT('',(0.050377247678995,-0.00118122450484708,-0.0451361172528587));
#3449=CARTESIAN_POINT('',(0.0498471513078717,-0.000918153847693357,-0.0451736172528587));
#3450=CARTESIAN_POINT('',(0.0493170549367485,-0.000655083190539629,-0.0452111172528586));
#3451=CARTESIAN_POINT('',(0.0492798326232723,-6.44709381160857E-5,-0.0452486172528587));
#3452=CARTESIAN_POINT('',(0.049242610309796,0.000526141314307456,-0.0452861172528586));
#3453=CARTESIAN_POINT('',(0.0497354843674431,0.000853682909577271,-0.0453236172528587));
#3454=CARTESIAN_POINT('',(0.0502283584250901,0.00118122450484708,-0.0453611172528587));
#3455=CARTESIAN_POINT('',(0.0507584547962133,0.000918153847693357,-0.0453986172528587));
#3456=CARTESIAN_POINT('',(0.0512885511673366,0.000655083190539629,-0.0454361172528587));
#3457=CARTESIAN_POINT('',(0.0513257734808128,6.44709381160856E-5,-0.0454736172528587));
#3458=CARTESIAN_POINT('',(0.051362995794289,-0.000526141314307456,-0.0455111172528586));
#3459=CARTESIAN_POINT('',(0.050870121736642,-0.000853682909577271,-0.0455486172528587));
#3460=CARTESIAN_POINT('',(0.050377247678995,-0.00118122450484708,-0.0455861172528587));
#3461=CARTESIAN_POINT('',(0.0498471513078717,-0.000918153847693357,-0.0456236172528587));
#3462=CARTESIAN_POINT('',(0.0493170549367485,-0.000655083190539629,-0.0456611172528586));
#3463=CARTESIAN_POINT('',(0.0492798326232723,-6.44709381160878E-5,-0.0456986172528587));
#3464=CARTESIAN_POINT('',(0.049242610309796,0.000526141314307456,-0.0457361172528586));
#3465=CARTESIAN_POINT('',(0.0497354843674431,0.00085368290957727,-0.0457736172528587));
#3466=CARTESIAN_POINT('',(0.0502283584250901,0.00118122450484708,-0.0458111172528587));
#3467=CARTESIAN_POINT('',(0.0507584547962133,0.000918153847693358,-0.0458486172528587));
#3468=CARTESIAN_POINT('',(0.0512885511673366,0.000655083190539632,-0.0458861172528586));
#3469=CARTESIAN_POINT('',(0.0513257734808128,6.44709381160858E-5,-0.0459236172528587));
#3470=CARTESIAN_POINT('',(0.051362995794289,-0.000526141314307456,-0.0459611172528586));
#3471=CARTESIAN_POINT('',(0.050870121736642,-0.000853682909577271,-0.0459986172528587));
#3472=CARTESIAN_POINT('',(0.050377247678995,-0.00118122450484708,-0.0460361172528587));
#3473=CARTESIAN_POINT('',(0.0498471513078717,-0.000918153847693358,-0.0460736172528587));
#3474=CARTESIAN_POINT('',(0.0493170549367485,-0.000655083190539632,-0.0461111172528586));
#3475=CARTESIAN_POINT('',(0.0492798326232723,-6.44709381160862E-5,-0.0461486172528587));
#3476=CARTESIAN_POINT('',(0.049242610309796,0.000526141314307456,-0.0461861172528586));
#3477=CARTESIAN_POINT('',(0.0497354843674431,0.00085368290957727,-0.0462236172528587));
#3478=CARTESIAN_POINT('',(0.0502283584250901,0.00118122450484708,-0.0462611172528587));
#3479=CARTESIAN_POINT('',(0.0507584547962133,0.000918153847693358,-0.0462986172528587));
#3480=CARTESIAN_POINT('',(0.0512885511673366,0.000655083190539632,-0.0463361172528586));
#3481=CARTESIAN_POINT('',(0.0513257734808128,6.4470938116086E-5,-0.0463736172528587));
#3482=CARTESIAN_POINT('',(0.051362995794289,-0.000526141314307456,-0.0464111172528587));
#3483=CARTESIAN_POINT('',(0.050870121736642,-0.000853682909577271,-0.0464486172528587));
#3484=CARTESIAN_POINT('',(0.050377247678995,-0.00118122450484708,-0.0464861172528587));
#3485=CARTESIAN_POINT('',(0.0498471513078717,-0.000918153847693359,-0.0465236172528587));
#3486=CARTESIAN_POINT('',(0.0493170549367485,-0.000655083190539632,-0.0465611172528586));
#3487=CARTESIAN_POINT('',(0.0492798326232723,-6.44709381160901E-5,-0.0465986172528587));
#3488=CARTESIAN_POINT('',(0.049242610309796,0.000526141314307455,-0.0466361172528586));
#3489=CARTESIAN_POINT('',(0.0497354843674431,0.00085368290957727,-0.0466736172528587));
#3490=CARTESIAN_POINT('',(0.0502283584250901,0.00118122450484708,-0.0467111172528587));
#3491=CARTESIAN_POINT('',(0.0507584547962133,0.000918153847693358,-0.0467486172528587));
#3492=CARTESIAN_POINT('',(0.0512885511673366,0.000655083190539632,-0.0467861172528586));
#3493=CARTESIAN_POINT('',(0.0513257734808128,6.44709381160899E-5,-0.0468236172528587));
#3494=CARTESIAN_POINT('',(0.051362995794289,-0.000526141314307456,-0.0468611172528587));
#3495=CARTESIAN_POINT('',(0.050870121736642,-0.00085368290957727,-0.0468986172528587));
#3496=CARTESIAN_POINT('',(0.050377247678995,-0.00118122450484708,-0.0469361172528587));
#3497=CARTESIAN_POINT('',(0.0498471513078717,-0.000918153847693359,-0.0469736172528587));
#3498=CARTESIAN_POINT('',(0.0493170549367485,-0.000655083190539629,-0.0470111172528586));
#3499=CARTESIAN_POINT('',(0.0492798326232723,-6.44709381160904E-5,-0.0470486172528587));
#3500=CARTESIAN_POINT('',(0.049242610309796,0.000526141314307455,-0.0470861172528587));
#3501=CARTESIAN_POINT('',(0.049735484367443,0.000853682909577268,-0.0471236172528587));
#3502=CARTESIAN_POINT('',(0.0502283584250901,0.00118122450484708,-0.0471611172528587));
#3503=CARTESIAN_POINT('',(0.0507584547962133,0.00091815384769336,-0.0471986172528587));
#3504=CARTESIAN_POINT('',(0.0512885511673366,0.000655083190539632,-0.0472361172528586));
#3505=CARTESIAN_POINT('',(0.0513257734808128,6.44709381160865E-5,-0.0472736172528587));
#3506=CARTESIAN_POINT('',(0.051362995794289,-0.000526141314307451,-0.0473111172528587));
#3507=CARTESIAN_POINT('',(0.050870121736642,-0.00085368290957727,-0.0473486172528587));
#3508=CARTESIAN_POINT('',(0.050377247678995,-0.00118122450484708,-0.0473861172528587));
#3509=CARTESIAN_POINT('',(0.0498471513078717,-0.000918153847693359,-0.0474236172528587));
#3510=CARTESIAN_POINT('',(0.0493170549367485,-0.000655083190539629,-0.0474611172528586));
#3511=CARTESIAN_POINT('',(0.0492798326232723,-6.44709381160907E-5,-0.0474986172528587));
#3512=CARTESIAN_POINT('',(0.049242610309796,0.000526141314307455,-0.0475361172528586));
#3513=CARTESIAN_POINT('',(0.049735484367443,0.000853682909577268,-0.0475736172528587));
#3514=CARTESIAN_POINT('',(0.0502283584250901,0.00118122450484708,-0.0476111172528587));
#3515=CARTESIAN_POINT('',(0.0507584547962133,0.00091815384769336,-0.0476486172528587));
#3516=CARTESIAN_POINT('',(0.0512885511673366,0.000655083190539632,-0.0476861172528586));
#3517=CARTESIAN_POINT('',(0.0513257734808128,6.44709381160867E-5,-0.0477236172528587));
#3518=CARTESIAN_POINT('',(0.051362995794289,-0.000526141314307451,-0.0477611172528587));
#3519=CARTESIAN_POINT('',(0.050870121736642,-0.00085368290957727,-0.0477986172528587));
#3520=CARTESIAN_POINT('',(0.050377247678995,-0.00118122450484708,-0.0478361172528587));
#3521=CARTESIAN_POINT('',(0.0498471513078717,-0.000918153847693359,-0.0478736172528587));
#3522=CARTESIAN_POINT('',(0.0493170549367485,-0.000655083190539636,-0.0479111172528586));
#3523=CARTESIAN_POINT('',(0.0492798326232723,-6.4470938116091E-5,-0.0479486172528587));
#3524=CARTESIAN_POINT('',(0.049242610309796,0.000526141314307455,-0.0479861172528587));
#3525=CARTESIAN_POINT('',(0.049735484367443,0.000853682909577268,-0.0480236172528587));
#3526=CARTESIAN_POINT('',(0.0502283584250901,0.00118122450484708,-0.0480611172528587));
#3527=CARTESIAN_POINT('',(0.0507584547962133,0.00091815384769336,-0.0480986172528587));
#3528=CARTESIAN_POINT('',(0.0512885511673366,0.000655083190539633,-0.0481361172528586));
#3529=CARTESIAN_POINT('',(0.0513257734808128,6.44709381160869E-5,-0.0481736172528587));
#3530=CARTESIAN_POINT('',(0.051362995794289,-0.000526141314307451,-0.0482111172528587));
#3531=CARTESIAN_POINT('',(0.050870121736642,-0.00085368290957727,-0.0482486172528587));
#3532=CARTESIAN_POINT('',(0.050377247678995,-0.00118122450484708,-0.0482861172528586));
#3533=CARTESIAN_POINT('',(0.0498471513078717,-0.000918153847693359,-0.0483236172528587));
#3534=CARTESIAN_POINT('',(0.0493170549367485,-0.000655083190539636,-0.0483611172528586));
#3535=CARTESIAN_POINT('',(0.0492798326232723,-6.44709381160913E-5,-0.0483986172528587));
#3536=CARTESIAN_POINT('',(0.049242610309796,0.000526141314307454,-0.0484361172528587));
#3537=CARTESIAN_POINT('',(0.049735484367443,0.000853682909577267,-0.0484736172528587));
#3538=CARTESIAN_POINT('',(0.0502283584250901,0.00118122450484708,-0.0485111172528587));
#3539=CARTESIAN_POINT('',(0.0507584547962133,0.00091815384769336,-0.0485486172528587));
#3540=CARTESIAN_POINT('',(0.0512885511673366,0.000655083190539633,-0.0485861172528586));
#3541=CARTESIAN_POINT('',(0.0513257734808128,6.44709381160944E-5,-0.0486236172528587));
#3542=CARTESIAN_POINT('',(0.051362995794289,-0.000526141314307451,-0.0486611172528587));
#3543=CARTESIAN_POINT('',(0.050870121736642,-0.00085368290957727,-0.0486986172528587));
#3544=CARTESIAN_POINT('',(0.050377247678995,-0.00118122450484708,-0.0487361172528586));
#3545=CARTESIAN_POINT('',(0.0498471513078717,-0.000918153847693359,-0.0487736172528587));
#3546=CARTESIAN_POINT('',(0.0493170549367485,-0.000655083190539637,-0.0488111172528586));
#3547=CARTESIAN_POINT('',(0.0492798326232723,-6.44709381160915E-5,-0.0488486172528587));
#3548=CARTESIAN_POINT('',(0.049242610309796,0.000526141314307447,-0.0488861172528587));
#3549=CARTESIAN_POINT('',(0.049735484367443,0.000853682909577267,-0.0489236172528587));
#3550=CARTESIAN_POINT('',(0.0502283584250901,0.00118122450484708,-0.0489611172528586));
#3551=CARTESIAN_POINT('',(0.0507584547962133,0.00091815384769336,-0.0489986172528587));
#3552=CARTESIAN_POINT('',(0.0512885511673366,0.000655083190539633,-0.0490361172528586));
#3553=CARTESIAN_POINT('',(0.0513257734808128,6.44709381160946E-5,-0.0490736172528587));
#3554=CARTESIAN_POINT('',(0.051362995794289,-0.00052614131430745,-0.0491111172528587));
#3555=CARTESIAN_POINT('',(0.050870121736642,-0.00085368290957727,-0.0491486172528587));
#3556=CARTESIAN_POINT('',(0.050377247678995,-0.00118122450484708,-0.0491861172528586));
#3557=CARTESIAN_POINT('',(0.0498471513078717,-0.000918153847693359,-0.0492236172528587));
#3558=CARTESIAN_POINT('',(0.0493170549367485,-0.000655083190539631,-0.0492611172528586));
#3559=CARTESIAN_POINT('',(0.0492798326232723,-6.44709381160991E-5,-0.0492986172528587));
#3560=CARTESIAN_POINT('',(0.049242610309796,0.000526141314307446,-0.0493361172528587));
#3561=CARTESIAN_POINT('',(0.049735484367443,0.000853682909577267,-0.0493736172528587));
#3562=CARTESIAN_POINT('',(0.0502283584250901,0.00118122450484708,-0.0494111172528586));
#3563=CARTESIAN_POINT('',(0.0507584547962133,0.000918153847693357,-0.0494486172528587));
#3564=CARTESIAN_POINT('',(0.0512885511673366,0.00065508319053964,-0.0494861172528587));
#3565=CARTESIAN_POINT('',(0.0513257734808128,6.44709381160949E-5,-0.0495236172528587));
#3566=CARTESIAN_POINT('',(0.051362995794289,-0.00052614131430745,-0.0495611172528587));
#3567=CARTESIAN_POINT('',(0.050870121736642,-0.00085368290957727,-0.0495986172528587));
#3568=CARTESIAN_POINT('',(0.050377247678995,-0.00118122450484708,-0.0496361172528586));
#3569=CARTESIAN_POINT('',(0.0498471513078718,-0.000918153847693363,-0.0496736172528587));
#3570=CARTESIAN_POINT('',(0.0493170549367485,-0.000655083190539637,-0.0497111172528586));
#3571=CARTESIAN_POINT('',(0.0492798326232723,-6.44709381160921E-5,-0.0497486172528587));
#3572=CARTESIAN_POINT('',(0.049242610309796,0.000526141314307454,-0.0497861172528587));
#3573=CARTESIAN_POINT('',(0.049735484367443,0.000853682909577263,-0.0498236172528587));
#3574=CARTESIAN_POINT('',(0.0502283584250901,0.00118122450484708,-0.0498611172528586));
#3575=CARTESIAN_POINT('',(0.0507584547962133,0.00091815384769336,-0.0498986172528587));
#3576=CARTESIAN_POINT('',(0.0512885511673366,0.000655083190539633,-0.0499361172528587));
#3577=CARTESIAN_POINT('',(0.0513257734808128,6.44709381160878E-5,-0.0499736172528587));
#3578=CARTESIAN_POINT('',(0.051362995794289,-0.000526141314307443,-0.0500111172528587));
#3579=CARTESIAN_POINT('',(0.050870121736642,-0.000853682909577266,-0.0500486172528587));
#3580=CARTESIAN_POINT('',(0.050377247678995,-0.00118122450484708,-0.0500861172528586));
#3581=CARTESIAN_POINT('',(0.0498471513078717,-0.00091815384769336,-0.0501236172528587));
#3582=CARTESIAN_POINT('',(0.0493170549367485,-0.000655083190539631,-0.0501611172528586));
#3583=CARTESIAN_POINT('',(0.0492798326232723,-6.44709381160996E-5,-0.0501986172528587));
#3584=CARTESIAN_POINT('',(0.049242610309796,0.000526141314307446,-0.0502361172528587));
#3585=CARTESIAN_POINT('',(0.049735484367443,0.000853682909577267,-0.0502736172528587));
#3586=CARTESIAN_POINT('',(0.0502283584250901,0.00118122450484708,-0.0503111172528586));
#3587=CARTESIAN_POINT('',(0.0507584547962133,0.000918153847693357,-0.0503486172528587));
#3588=CARTESIAN_POINT('',(0.0512885511673366,0.000655083190539641,-0.0503861172528587));
#3589=CARTESIAN_POINT('',(0.0513257734808128,6.44709381160953E-5,-0.0504236172528587));
#3590=CARTESIAN_POINT('',(0.051362995794289,-0.00052614131430745,-0.0504611172528587));
#3591=CARTESIAN_POINT('',(0.050870121736642,-0.000853682909577269,-0.0504986172528587));
#3592=CARTESIAN_POINT('',(0.050377247678995,-0.00118122450484708,-0.0505361172528586));
#3593=CARTESIAN_POINT('',(0.0498471513078718,-0.000918153847693363,-0.0505736172528587));
#3594=CARTESIAN_POINT('',(0.0493170549367485,-0.000655083190539639,-0.0506111172528587));
#3595=CARTESIAN_POINT('',(0.0492798326232723,-6.44709381160927E-5,-0.0506486172528587));
#3596=CARTESIAN_POINT('',(0.049242610309796,0.000526141314307453,-0.0506861172528587));
#3597=CARTESIAN_POINT('',(0.049735484367443,0.000853682909577263,-0.0507236172528587));
#3598=CARTESIAN_POINT('',(0.0502283584250901,0.00118122450484708,-0.0507611172528586));
#3599=CARTESIAN_POINT('',(0.0507584547962133,0.00091815384769336,-0.0507986172528587));
#3600=CARTESIAN_POINT('',(0.0512885511673366,0.000655083190539634,-0.0508361172528587));
#3601=CARTESIAN_POINT('',(0.0513257734808128,6.44709381160882E-5,-0.0508736172528587));
#3602=CARTESIAN_POINT('',(0.051362995794289,-0.000526141314307442,-0.0509111172528587));
#3603=CARTESIAN_POINT('',(0.050870121736642,-0.000853682909577265,-0.0509486172528587));
#3604=CARTESIAN_POINT('',(0.050377247678995,-0.00118122450484708,-0.0509861172528586));
#3605=CARTESIAN_POINT('',(0.0498471513078718,-0.00091815384769336,-0.0510236172528587));
#3606=CARTESIAN_POINT('',(0.0493170549367485,-0.000655083190539632,-0.0510611172528587));
#3607=CARTESIAN_POINT('',(0.0492798326232723,-6.44709381161002E-5,-0.0510986172528587));
#3608=CARTESIAN_POINT('',(0.049242610309796,0.000526141314307444,-0.0511361172528586));
#3609=CARTESIAN_POINT('',(0.049735484367443,0.000853682909577266,-0.0511736172528587));
#3610=CARTESIAN_POINT('',(0.0502283584250901,0.00118122450484708,-0.0512111172528586));
#3611=CARTESIAN_POINT('',(0.0507584547962133,0.000918153847693364,-0.0512486172528587));
#3612=CARTESIAN_POINT('',(0.0512885511673366,0.000655083190539641,-0.0512861172528587));
#3613=CARTESIAN_POINT('',(0.0513257734808128,6.44709381160957E-5,-0.0513236172528587));
#3614=CARTESIAN_POINT('',(0.051362995794289,-0.000526141314307449,-0.0513611172528586));
#3615=CARTESIAN_POINT('',(0.050870121736642,-0.000853682909577269,-0.0513986172528587));
#3616=CARTESIAN_POINT('',(0.050377247678995,-0.00118122450484708,-0.0514361172528586));
#3617=CARTESIAN_POINT('',(0.0498471513078718,-0.000918153847693363,-0.0514736172528587));
#3618=CARTESIAN_POINT('',(0.0493170549367485,-0.000655083190539639,-0.0515111172528587));
#3619=CARTESIAN_POINT('',(0.0492798326232723,-6.44709381160932E-5,-0.0515486172528587));
#3620=CARTESIAN_POINT('',(0.049242610309796,0.000526141314307453,-0.0515861172528587));
#3621=CARTESIAN_POINT('',(0.049735484367443,0.000853682909577262,-0.0516236172528587));
#3622=CARTESIAN_POINT('',(0.0502283584250901,0.00118122450484708,-0.0516611172528586));
#3623=CARTESIAN_POINT('',(0.0507584547962133,0.000918153847693361,-0.0516986172528587));
#3624=CARTESIAN_POINT('',(0.0512885511673366,0.000655083190539634,-0.0517361172528587));
#3625=CARTESIAN_POINT('',(0.0513257734808128,6.44709381160887E-5,-0.0517736172528587));
#3626=CARTESIAN_POINT('',(-0.00769719694795748,-6.93889390390723E-18,-0.0514));
#3627=CARTESIAN_POINT('',(-0.00769719694795748,-6.93889390390723E-18,-0.0520158821345032));
#3628=CARTESIAN_POINT('',(-0.00769719694795748,-6.93889390390723E-18,-0.0514));
#3629=CARTESIAN_POINT('',(-0.00714806880244951,-0.000865495973307206,-0.0514));
#3630=CARTESIAN_POINT('',(-0.00790969499739474,-0.00100273106014792,-0.0514));
#3631=CARTESIAN_POINT('',(-0.00769719694795748,-7.42875262356617E-18,-0.0514));
#3632=CARTESIAN_POINT('',(-0.00769719694795748,-6.93889390390723E-18,-0.0434));
#3633=CARTESIAN_POINT('',(-0.00667422651918721,6.44709381160782E-5,-0.0449673672528586));
#3634=CARTESIAN_POINT('',(-0.00663700420571098,-0.000526141314307464,-0.0450048672528587));
#3635=CARTESIAN_POINT('',(-0.007129878263358,-0.000853682909577279,-0.0450423672528587));
#3636=CARTESIAN_POINT('',(-0.00762275232100502,-0.00118122450484709,-0.0450798672528586));
#3637=CARTESIAN_POINT('',(-0.00815284869212827,-0.000918153847693364,-0.0451173672528587));
#3638=CARTESIAN_POINT('',(-0.00868294506325152,-0.000655083190539635,-0.0451548672528587));
#3639=CARTESIAN_POINT('',(-0.00872016737672775,-6.44709381160924E-5,-0.0451923672528587));
#3640=CARTESIAN_POINT('',(-0.00875738969020397,0.00052614131430745,-0.0452298672528587));
#3641=CARTESIAN_POINT('',(-0.00826451563255696,0.000853682909577264,-0.0452673672528587));
#3642=CARTESIAN_POINT('',(-0.00777164157490994,0.00118122450484708,-0.0453048672528586));
#3643=CARTESIAN_POINT('',(-0.00724154520378669,0.00091815384769335,-0.0453423672528587));
#3644=CARTESIAN_POINT('',(-0.00671144883266343,0.000655083190539621,-0.0453798672528586));
#3645=CARTESIAN_POINT('',(-0.00667422651918721,6.44709381160784E-5,-0.0454173672528587));
#3646=CARTESIAN_POINT('',(-0.00663700420571098,-0.000526141314307464,-0.0454548672528587));
#3647=CARTESIAN_POINT('',(-0.007129878263358,-0.000853682909577278,-0.0454923672528587));
#3648=CARTESIAN_POINT('',(-0.00762275232100502,-0.00118122450484709,-0.0455298672528586));
#3649=CARTESIAN_POINT('',(-0.00815284869212827,-0.000918153847693364,-0.0455673672528587));
#3650=CARTESIAN_POINT('',(-0.00868294506325152,-0.000655083190539636,-0.0456048672528587));
#3651=CARTESIAN_POINT('',(-0.00872016737672775,-6.44709381160927E-5,-0.0456423672528587));
#3652=CARTESIAN_POINT('',(-0.00875738969020397,0.000526141314307449,-0.0456798672528587));
#3653=CARTESIAN_POINT('',(-0.00826451563255696,0.000853682909577264,-0.0457173672528587));
#3654=CARTESIAN_POINT('',(-0.00777164157490994,0.00118122450484708,-0.0457548672528586));
#3655=CARTESIAN_POINT('',(-0.00724154520378669,0.00091815384769335,-0.0457923672528587));
#3656=CARTESIAN_POINT('',(-0.00671144883266343,0.000655083190539622,-0.0458298672528586));
#3657=CARTESIAN_POINT('',(-0.00667422651918721,6.44709381160786E-5,-0.0458673672528587));
#3658=CARTESIAN_POINT('',(-0.00663700420571098,-0.000526141314307463,-0.0459048672528587));
#3659=CARTESIAN_POINT('',(-0.007129878263358,-0.000853682909577278,-0.0459423672528587));
#3660=CARTESIAN_POINT('',(-0.00762275232100502,-0.00118122450484709,-0.0459798672528586));
#3661=CARTESIAN_POINT('',(-0.00815284869212827,-0.000918153847693364,-0.0460173672528587));
#3662=CARTESIAN_POINT('',(-0.00868294506325152,-0.000655083190539636,-0.0460548672528587));
#3663=CARTESIAN_POINT('',(-0.00872016737672775,-6.44709381160947E-5,-0.0460923672528587));
#3664=CARTESIAN_POINT('',(-0.00875738969020397,0.000526141314307449,-0.0461298672528587));
#3665=CARTESIAN_POINT('',(-0.00826451563255696,0.000853682909577263,-0.0461673672528587));
#3666=CARTESIAN_POINT('',(-0.00777164157490994,0.00118122450484708,-0.0462048672528586));
#3667=CARTESIAN_POINT('',(-0.00724154520378669,0.000918153847693351,-0.0462423672528587));
#3668=CARTESIAN_POINT('',(-0.00671144883266344,0.000655083190539625,-0.0462798672528587));
#3669=CARTESIAN_POINT('',(-0.00667422651918721,6.44709381160788E-5,-0.0463173672528587));
#3670=CARTESIAN_POINT('',(-0.00663700420571098,-0.000526141314307463,-0.0463548672528587));
#3671=CARTESIAN_POINT('',(-0.007129878263358,-0.000853682909577278,-0.0463923672528587));
#3672=CARTESIAN_POINT('',(-0.00762275232100502,-0.00118122450484709,-0.0464298672528586));
#3673=CARTESIAN_POINT('',(-0.00815284869212827,-0.000918153847693365,-0.0464673672528587));
#3674=CARTESIAN_POINT('',(-0.00868294506325151,-0.000655083190539639,-0.0465048672528587));
#3675=CARTESIAN_POINT('',(-0.00872016737672775,-6.44709381160932E-5,-0.0465423672528587));
#3676=CARTESIAN_POINT('',(-0.00875738969020397,0.000526141314307449,-0.0465798672528587));
#3677=CARTESIAN_POINT('',(-0.00826451563255696,0.000853682909577263,-0.0466173672528587));
#3678=CARTESIAN_POINT('',(-0.00777164157490994,0.00118122450484708,-0.0466548672528586));
#3679=CARTESIAN_POINT('',(-0.00724154520378669,0.000918153847693351,-0.0466923672528587));
#3680=CARTESIAN_POINT('',(-0.00671144883266344,0.000655083190539625,-0.0467298672528587));
#3681=CARTESIAN_POINT('',(-0.00667422651918721,6.44709381160791E-5,-0.0467673672528587));
#3682=CARTESIAN_POINT('',(-0.00663700420571098,-0.000526141314307463,-0.0468048672528587));
#3683=CARTESIAN_POINT('',(-0.007129878263358,-0.000853682909577278,-0.0468423672528587));
#3684=CARTESIAN_POINT('',(-0.00762275232100502,-0.00118122450484709,-0.0468798672528586));
#3685=CARTESIAN_POINT('',(-0.00815284869212827,-0.000918153847693365,-0.0469173672528587));
#3686=CARTESIAN_POINT('',(-0.00868294506325151,-0.000655083190539639,-0.0469548672528587));
#3687=CARTESIAN_POINT('',(-0.00872016737672775,-6.44709381160971E-5,-0.0469923672528587));
#3688=CARTESIAN_POINT('',(-0.00875738969020397,0.000526141314307448,-0.0470298672528587));
#3689=CARTESIAN_POINT('',(-0.00826451563255696,0.000853682909577263,-0.0470673672528587));
#3690=CARTESIAN_POINT('',(-0.00777164157490994,0.00118122450484708,-0.0471048672528586));
#3691=CARTESIAN_POINT('',(-0.00724154520378669,0.000918153847693351,-0.0471423672528587));
#3692=CARTESIAN_POINT('',(-0.00671144883266344,0.000655083190539625,-0.0471798672528587));
#3693=CARTESIAN_POINT('',(-0.00667422651918721,6.44709381160829E-5,-0.0472173672528587));
#3694=CARTESIAN_POINT('',(-0.00663700420571098,-0.000526141314307463,-0.0472548672528586));
#3695=CARTESIAN_POINT('',(-0.007129878263358,-0.000853682909577277,-0.0472923672528587));
#3696=CARTESIAN_POINT('',(-0.00762275232100501,-0.00118122450484709,-0.0473298672528586));
#3697=CARTESIAN_POINT('',(-0.00815284869212827,-0.000918153847693366,-0.0473673672528587));
#3698=CARTESIAN_POINT('',(-0.00868294506325152,-0.000655083190539636,-0.0474048672528587));
#3699=CARTESIAN_POINT('',(-0.00872016737672775,-6.44709381160974E-5,-0.0474423672528587));
#3700=CARTESIAN_POINT('',(-0.00875738969020397,0.000526141314307448,-0.0474798672528586));
#3701=CARTESIAN_POINT('',(-0.00826451563255696,0.000853682909577261,-0.0475173672528587));
#3702=CARTESIAN_POINT('',(-0.00777164157490994,0.00118122450484708,-0.0475548672528586));
#3703=CARTESIAN_POINT('',(-0.00724154520378669,0.000918153847693353,-0.0475923672528587));
#3704=CARTESIAN_POINT('',(-0.00671144883266344,0.000655083190539625,-0.0476298672528587));
#3705=CARTESIAN_POINT('',(-0.00667422651918721,6.44709381160795E-5,-0.0476673672528587));
#3706=CARTESIAN_POINT('',(-0.00663700420571098,-0.000526141314307458,-0.0477048672528586));
#3707=CARTESIAN_POINT('',(-0.007129878263358,-0.000853682909577277,-0.0477423672528587));
#3708=CARTESIAN_POINT('',(-0.00762275232100501,-0.00118122450484709,-0.0477798672528587));
#3709=CARTESIAN_POINT('',(-0.00815284869212827,-0.000918153847693366,-0.0478173672528587));
#3710=CARTESIAN_POINT('',(-0.00868294506325152,-0.000655083190539636,-0.0478548672528587));
#3711=CARTESIAN_POINT('',(-0.00872016737672775,-6.44709381160977E-5,-0.0478923672528587));
#3712=CARTESIAN_POINT('',(-0.00875738969020397,0.000526141314307448,-0.0479298672528586));
#3713=CARTESIAN_POINT('',(-0.00826451563255696,0.000853682909577261,-0.0479673672528587));
#3714=CARTESIAN_POINT('',(-0.00777164157490994,0.00118122450484708,-0.0480048672528587));
#3715=CARTESIAN_POINT('',(-0.00724154520378669,0.000918153847693353,-0.0480423672528587));
#3716=CARTESIAN_POINT('',(-0.00671144883266344,0.000655083190539625,-0.0480798672528587));
#3717=CARTESIAN_POINT('',(-0.00667422651918721,6.44709381160797E-5,-0.0481173672528587));
#3718=CARTESIAN_POINT('',(-0.00663700420571098,-0.000526141314307458,-0.0481548672528586));
#3719=CARTESIAN_POINT('',(-0.007129878263358,-0.000853682909577277,-0.0481923672528587));
#3720=CARTESIAN_POINT('',(-0.00762275232100501,-0.00118122450484709,-0.0482298672528586));
#3721=CARTESIAN_POINT('',(-0.00815284869212827,-0.000918153847693366,-0.0482673672528587));
#3722=CARTESIAN_POINT('',(-0.00868294506325151,-0.000655083190539643,-0.0483048672528587));
#3723=CARTESIAN_POINT('',(-0.00872016737672775,-6.44709381160979E-5,-0.0483423672528587));
#3724=CARTESIAN_POINT('',(-0.00875738969020397,0.000526141314307448,-0.0483798672528586));
#3725=CARTESIAN_POINT('',(-0.00826451563255696,0.000853682909577261,-0.0484173672528587));
#3726=CARTESIAN_POINT('',(-0.00777164157490994,0.00118122450484708,-0.0484548672528586));
#3727=CARTESIAN_POINT('',(-0.00724154520378669,0.000918153847693353,-0.0484923672528587));
#3728=CARTESIAN_POINT('',(-0.00671144883266344,0.000655083190539626,-0.0485298672528587));
#3729=CARTESIAN_POINT('',(-0.00667422651918721,6.447093811608E-5,-0.0485673672528587));
#3730=CARTESIAN_POINT('',(-0.00663700420571098,-0.000526141314307458,-0.0486048672528586));
#3731=CARTESIAN_POINT('',(-0.007129878263358,-0.000853682909577277,-0.0486423672528587));
#3732=CARTESIAN_POINT('',(-0.00762275232100501,-0.00118122450484709,-0.0486798672528587));
#3733=CARTESIAN_POINT('',(-0.00815284869212827,-0.000918153847693366,-0.0487173672528587));
#3734=CARTESIAN_POINT('',(-0.00868294506325151,-0.000655083190539643,-0.0487548672528587));
#3735=CARTESIAN_POINT('',(-0.00872016737672775,-6.44709381160982E-5,-0.0487923672528587));
#3736=CARTESIAN_POINT('',(-0.00875738969020397,0.000526141314307447,-0.0488298672528586));
#3737=CARTESIAN_POINT('',(-0.00826451563255696,0.00085368290957726,-0.0488673672528587));
#3738=CARTESIAN_POINT('',(-0.00777164157490994,0.00118122450484708,-0.0489048672528586));
#3739=CARTESIAN_POINT('',(-0.00724154520378669,0.000918153847693353,-0.0489423672528587));
#3740=CARTESIAN_POINT('',(-0.00671144883266344,0.000655083190539626,-0.0489798672528587));
#3741=CARTESIAN_POINT('',(-0.00667422651918721,6.44709381160874E-5,-0.0490173672528587));
#3742=CARTESIAN_POINT('',(-0.00663700420571098,-0.000526141314307458,-0.0490548672528586));
#3743=CARTESIAN_POINT('',(-0.007129878263358,-0.000853682909577277,-0.0490923672528587));
#3744=CARTESIAN_POINT('',(-0.00762275232100501,-0.00118122450484709,-0.0491298672528587));
#3745=CARTESIAN_POINT('',(-0.00815284869212827,-0.000918153847693366,-0.0491673672528587));
#3746=CARTESIAN_POINT('',(-0.00868294506325151,-0.000655083190539644,-0.0492048672528587));
#3747=CARTESIAN_POINT('',(-0.00872016737672775,-6.44709381160985E-5,-0.0492423672528587));
#3748=CARTESIAN_POINT('',(-0.00875738969020399,0.00052614131430744,-0.0492798672528586));
#3749=CARTESIAN_POINT('',(-0.00826451563255696,0.00085368290957726,-0.0493173672528587));
#3750=CARTESIAN_POINT('',(-0.00777164157490994,0.00118122450484708,-0.0493548672528587));
#3751=CARTESIAN_POINT('',(-0.0072415452037867,0.000918153847693353,-0.0493923672528587));
#3752=CARTESIAN_POINT('',(-0.00671144883266344,0.000655083190539626,-0.0494298672528587));
#3753=CARTESIAN_POINT('',(-0.00667422651918721,6.44709381160877E-5,-0.0494673672528587));
#3754=CARTESIAN_POINT('',(-0.00663700420571098,-0.000526141314307457,-0.0495048672528586));
#3755=CARTESIAN_POINT('',(-0.007129878263358,-0.000853682909577277,-0.0495423672528587));
#3756=CARTESIAN_POINT('',(-0.00762275232100501,-0.00118122450484709,-0.0495798672528587));
#3757=CARTESIAN_POINT('',(-0.00815284869212827,-0.000918153847693366,-0.0496173672528587));
#3758=CARTESIAN_POINT('',(-0.00868294506325152,-0.000655083190539637,-0.0496548672528586));
#3759=CARTESIAN_POINT('',(-0.00872016737672775,-6.44709381161061E-5,-0.0496923672528587));
#3760=CARTESIAN_POINT('',(-0.00875738969020399,0.000526141314307439,-0.0497298672528586));
#3761=CARTESIAN_POINT('',(-0.00826451563255697,0.00085368290957726,-0.0497673672528587));
#3762=CARTESIAN_POINT('',(-0.00777164157490995,0.00118122450484708,-0.0498048672528587));
#3763=CARTESIAN_POINT('',(-0.00724154520378669,0.00091815384769335,-0.0498423672528587));
#3764=CARTESIAN_POINT('',(-0.00671144883266344,0.000655083190539633,-0.0498798672528587));
#3765=CARTESIAN_POINT('',(-0.00667422651918721,6.44709381160879E-5,-0.0499173672528587));
#3766=CARTESIAN_POINT('',(-0.00663700420571098,-0.000526141314307457,-0.0499548672528586));
#3767=CARTESIAN_POINT('',(-0.007129878263358,-0.000853682909577277,-0.0499923672528587));
#3768=CARTESIAN_POINT('',(-0.00762275232100502,-0.00118122450484709,-0.0500298672528587));
#3769=CARTESIAN_POINT('',(-0.00815284869212826,-0.00091815384769337,-0.0500673672528587));
#3770=CARTESIAN_POINT('',(-0.00868294506325151,-0.000655083190539644,-0.0501048672528586));
#3771=CARTESIAN_POINT('',(-0.00872016737672775,-6.44709381160991E-5,-0.0501423672528587));
#3772=CARTESIAN_POINT('',(-0.00875738969020397,0.000526141314307447,-0.0501798672528586));
#3773=CARTESIAN_POINT('',(-0.00826451563255697,0.000853682909577256,-0.0502173672528587));
#3774=CARTESIAN_POINT('',(-0.00777164157490995,0.00118122450484708,-0.0502548672528587));
#3775=CARTESIAN_POINT('',(-0.0072415452037867,0.000918153847693353,-0.0502923672528587));
#3776=CARTESIAN_POINT('',(-0.00671144883266344,0.000655083190539626,-0.0503298672528586));
#3777=CARTESIAN_POINT('',(-0.00667422651918721,6.44709381160808E-5,-0.0503673672528587));
#3778=CARTESIAN_POINT('',(-0.00663700420571097,-0.00052614131430745,-0.0504048672528586));
#3779=CARTESIAN_POINT('',(-0.00712987826335799,-0.000853682909577273,-0.0504423672528587));
#3780=CARTESIAN_POINT('',(-0.00762275232100501,-0.00118122450484709,-0.0504798672528587));
#3781=CARTESIAN_POINT('',(-0.00815284869212827,-0.000918153847693367,-0.0505173672528587));
#3782=CARTESIAN_POINT('',(-0.00868294506325152,-0.000655083190539637,-0.0505548672528586));
#3783=CARTESIAN_POINT('',(-0.00872016737672775,-6.44709381161066E-5,-0.0505923672528587));
#3784=CARTESIAN_POINT('',(-0.00875738969020399,0.000526141314307439,-0.0506298672528586));
#3785=CARTESIAN_POINT('',(-0.00826451563255697,0.00085368290957726,-0.0506673672528587));
#3786=CARTESIAN_POINT('',(-0.00777164157490995,0.00118122450484708,-0.0507048672528587));
#3787=CARTESIAN_POINT('',(-0.00724154520378669,0.00091815384769335,-0.0507423672528587));
#3788=CARTESIAN_POINT('',(-0.00671144883266344,0.000655083190539634,-0.0507798672528586));
#3789=CARTESIAN_POINT('',(-0.00667422651918721,6.44709381160883E-5,-0.0508173672528587));
#3790=CARTESIAN_POINT('',(-0.00663700420571098,-0.000526141314307457,-0.0508548672528586));
#3791=CARTESIAN_POINT('',(-0.007129878263358,-0.000853682909577276,-0.0508923672528587));
#3792=CARTESIAN_POINT('',(-0.007622752321005,-0.00118122450484709,-0.0509298672528587));
#3793=CARTESIAN_POINT('',(-0.00815284869212826,-0.00091815384769337,-0.0509673672528587));
#3794=CARTESIAN_POINT('',(-0.00868294506325151,-0.000655083190539644,-0.0510048672528586));
#3795=CARTESIAN_POINT('',(-0.00872016737672775,-6.44709381160996E-5,-0.0510423672528587));
#3796=CARTESIAN_POINT('',(-0.00875738969020397,0.000526141314307446,-0.0510798672528587));
#3797=CARTESIAN_POINT('',(-0.00826451563255697,0.000853682909577256,-0.0511173672528587));
#3798=CARTESIAN_POINT('',(-0.00777164157490995,0.00118122450484708,-0.0511548672528587));
#3799=CARTESIAN_POINT('',(-0.0072415452037867,0.000918153847693354,-0.0511923672528587));
#3800=CARTESIAN_POINT('',(-0.00671144883266344,0.000655083190539627,-0.0512298672528586));
#3801=CARTESIAN_POINT('',(-0.00667422651918721,6.44709381160813E-5,-0.0512673672528587));
#3802=CARTESIAN_POINT('',(-0.00663700420571097,-0.000526141314307449,-0.0513048672528586));
#3803=CARTESIAN_POINT('',(-0.00712987826335799,-0.000853682909577272,-0.0513423672528587));
#3804=CARTESIAN_POINT('',(-0.00762275232100501,-0.00118122450484709,-0.0513798672528587));
#3805=CARTESIAN_POINT('',(-0.00815284869212826,-0.000918153847693367,-0.0514173672528587));
#3806=CARTESIAN_POINT('',(-0.00868294506325151,-0.000655083190539639,-0.0514548672528586));
#3807=CARTESIAN_POINT('',(-0.00872016737672775,-6.44709381161072E-5,-0.0514923672528587));
#3808=CARTESIAN_POINT('',(-0.00875738969020399,0.000526141314307438,-0.0515298672528586));
#3809=CARTESIAN_POINT('',(-0.00826451563255697,0.000853682909577259,-0.0515673672528587));
#3810=CARTESIAN_POINT('',(-0.00777164157490995,0.00118122450484708,-0.0516048672528587));
#3811=CARTESIAN_POINT('',(-0.0072415452037867,0.000918153847693357,-0.0516423672528587));
#3812=CARTESIAN_POINT('',(-0.00671144883266344,0.000655083190539634,-0.0516798672528586));
#3813=CARTESIAN_POINT('',(-0.00667422651918721,6.44709381160888E-5,-0.0517173672528587));
#3814=CARTESIAN_POINT('',(-0.00663700420571098,-0.000526141314307456,-0.0517548672528587));
#3815=CARTESIAN_POINT('',(-0.00712987826335799,-0.000853682909577276,-0.0517923672528587));
#3816=CARTESIAN_POINT('',(-0.007622752321005,-0.00118122450484709,-0.0518298672528587));
#3817=CARTESIAN_POINT('',(-0.00815284869212826,-0.00091815384769337,-0.0518673672528587));
#3818=CARTESIAN_POINT('',(-0.00868294506325151,-0.000655083190539645,-0.0519048672528586));
#3819=CARTESIAN_POINT('',(-0.00872016737672775,-6.44709381161002E-5,-0.0519423672528587));
#3820=CARTESIAN_POINT('',(-0.00875738969020397,0.000526141314307446,-0.0519798672528587));
#3821=CARTESIAN_POINT('',(-0.00826451563255697,0.000853682909577255,-0.0520173672528587));
#3822=CARTESIAN_POINT('',(-0.00777164157490995,0.00118122450484708,-0.0520548672528587));
#3823=CARTESIAN_POINT('',(-0.0072415452037867,0.000918153847693354,-0.0520923672528587));
#3824=CARTESIAN_POINT('',(-0.00671144883266344,0.000655083190539627,-0.0521298672528586));
#3825=CARTESIAN_POINT('',(-0.00667422651918721,6.44709381160817E-5,-0.0521673672528587));
#3826=CARTESIAN_POINT('',(-0.00667422651918721,6.44709381160782E-5,-0.0445736172528586));
#3827=CARTESIAN_POINT('',(-0.00663700420571098,-0.000526141314307464,-0.0446111172528586));
#3828=CARTESIAN_POINT('',(-0.007129878263358,-0.000853682909577279,-0.0446486172528586));
#3829=CARTESIAN_POINT('',(-0.00762275232100502,-0.00118122450484709,-0.0446861172528587));
#3830=CARTESIAN_POINT('',(-0.00815284869212827,-0.000918153847693364,-0.0447236172528587));
#3831=CARTESIAN_POINT('',(-0.00868294506325152,-0.000655083190539635,-0.0447611172528587));
#3832=CARTESIAN_POINT('',(-0.00872016737672775,-6.44709381160923E-5,-0.0447986172528586));
#3833=CARTESIAN_POINT('',(-0.00875738969020397,0.00052614131430745,-0.0448361172528586));
#3834=CARTESIAN_POINT('',(-0.00826451563255696,0.000853682909577264,-0.0448736172528586));
#3835=CARTESIAN_POINT('',(-0.00777164157490994,0.00118122450484708,-0.0449111172528587));
#3836=CARTESIAN_POINT('',(-0.00724154520378669,0.00091815384769335,-0.0449486172528586));
#3837=CARTESIAN_POINT('',(-0.00671144883266343,0.000655083190539621,-0.0449861172528587));
#3838=CARTESIAN_POINT('',(-0.00667422651918721,6.44709381160784E-5,-0.0450236172528587));
#3839=CARTESIAN_POINT('',(-0.00663700420571098,-0.000526141314307464,-0.0450611172528586));
#3840=CARTESIAN_POINT('',(-0.007129878263358,-0.000853682909577278,-0.0450986172528587));
#3841=CARTESIAN_POINT('',(-0.00762275232100502,-0.00118122450484709,-0.0451361172528587));
#3842=CARTESIAN_POINT('',(-0.00815284869212827,-0.000918153847693364,-0.0451736172528587));
#3843=CARTESIAN_POINT('',(-0.00868294506325152,-0.000655083190539636,-0.0452111172528586));
#3844=CARTESIAN_POINT('',(-0.00872016737672775,-6.44709381160926E-5,-0.0452486172528587));
#3845=CARTESIAN_POINT('',(-0.00875738969020397,0.000526141314307449,-0.0452861172528586));
#3846=CARTESIAN_POINT('',(-0.00826451563255696,0.000853682909577264,-0.0453236172528587));
#3847=CARTESIAN_POINT('',(-0.00777164157490994,0.00118122450484708,-0.0453611172528587));
#3848=CARTESIAN_POINT('',(-0.00724154520378669,0.00091815384769335,-0.0453986172528587));
#3849=CARTESIAN_POINT('',(-0.00671144883266343,0.000655083190539622,-0.0454361172528587));
#3850=CARTESIAN_POINT('',(-0.00667422651918721,6.44709381160786E-5,-0.0454736172528587));
#3851=CARTESIAN_POINT('',(-0.00663700420571098,-0.000526141314307463,-0.0455111172528586));
#3852=CARTESIAN_POINT('',(-0.007129878263358,-0.000853682909577278,-0.0455486172528587));
#3853=CARTESIAN_POINT('',(-0.00762275232100502,-0.00118122450484709,-0.0455861172528587));
#3854=CARTESIAN_POINT('',(-0.00815284869212827,-0.000918153847693364,-0.0456236172528587));
#3855=CARTESIAN_POINT('',(-0.00868294506325152,-0.000655083190539636,-0.0456611172528586));
#3856=CARTESIAN_POINT('',(-0.00872016737672775,-6.44709381160947E-5,-0.0456986172528587));
#3857=CARTESIAN_POINT('',(-0.00875738969020397,0.000526141314307449,-0.0457361172528586));
#3858=CARTESIAN_POINT('',(-0.00826451563255696,0.000853682909577264,-0.0457736172528587));
#3859=CARTESIAN_POINT('',(-0.00777164157490994,0.00118122450484708,-0.0458111172528587));
#3860=CARTESIAN_POINT('',(-0.00724154520378669,0.000918153847693351,-0.0458486172528587));
#3861=CARTESIAN_POINT('',(-0.00671144883266344,0.000655083190539625,-0.0458861172528586));
#3862=CARTESIAN_POINT('',(-0.00667422651918721,6.44709381160789E-5,-0.0459236172528587));
#3863=CARTESIAN_POINT('',(-0.00663700420571098,-0.000526141314307463,-0.0459611172528586));
#3864=CARTESIAN_POINT('',(-0.007129878263358,-0.000853682909577278,-0.0459986172528587));
#3865=CARTESIAN_POINT('',(-0.00762275232100502,-0.00118122450484709,-0.0460361172528587));
#3866=CARTESIAN_POINT('',(-0.00815284869212827,-0.000918153847693365,-0.0460736172528587));
#3867=CARTESIAN_POINT('',(-0.00868294506325151,-0.000655083190539639,-0.0461111172528586));
#3868=CARTESIAN_POINT('',(-0.00872016737672775,-6.44709381160932E-5,-0.0461486172528587));
#3869=CARTESIAN_POINT('',(-0.00875738969020397,0.000526141314307449,-0.0461861172528586));
#3870=CARTESIAN_POINT('',(-0.00826451563255696,0.000853682909577263,-0.0462236172528587));
#3871=CARTESIAN_POINT('',(-0.00777164157490994,0.00118122450484708,-0.0462611172528587));
#3872=CARTESIAN_POINT('',(-0.00724154520378669,0.000918153847693351,-0.0462986172528587));
#3873=CARTESIAN_POINT('',(-0.00671144883266344,0.000655083190539625,-0.0463361172528586));
#3874=CARTESIAN_POINT('',(-0.00667422651918721,6.44709381160791E-5,-0.0463736172528587));
#3875=CARTESIAN_POINT('',(-0.00663700420571098,-0.000526141314307463,-0.0464111172528587));
#3876=CARTESIAN_POINT('',(-0.007129878263358,-0.000853682909577278,-0.0464486172528587));
#3877=CARTESIAN_POINT('',(-0.00762275232100502,-0.00118122450484709,-0.0464861172528587));
#3878=CARTESIAN_POINT('',(-0.00815284869212827,-0.000918153847693365,-0.0465236172528587));
#3879=CARTESIAN_POINT('',(-0.00868294506325151,-0.000655083190539639,-0.0465611172528586));
#3880=CARTESIAN_POINT('',(-0.00872016737672775,-6.44709381160971E-5,-0.0465986172528587));
#3881=CARTESIAN_POINT('',(-0.00875738969020397,0.000526141314307448,-0.0466361172528586));
#3882=CARTESIAN_POINT('',(-0.00826451563255696,0.000853682909577263,-0.0466736172528587));
#3883=CARTESIAN_POINT('',(-0.00777164157490994,0.00118122450484708,-0.0467111172528587));
#3884=CARTESIAN_POINT('',(-0.00724154520378669,0.000918153847693351,-0.0467486172528587));
#3885=CARTESIAN_POINT('',(-0.00671144883266344,0.000655083190539625,-0.0467861172528586));
#3886=CARTESIAN_POINT('',(-0.00667422651918721,6.44709381160829E-5,-0.0468236172528587));
#3887=CARTESIAN_POINT('',(-0.00663700420571098,-0.000526141314307463,-0.0468611172528587));
#3888=CARTESIAN_POINT('',(-0.007129878263358,-0.000853682909577277,-0.0468986172528587));
#3889=CARTESIAN_POINT('',(-0.00762275232100501,-0.00118122450484709,-0.0469361172528587));
#3890=CARTESIAN_POINT('',(-0.00815284869212827,-0.000918153847693366,-0.0469736172528587));
#3891=CARTESIAN_POINT('',(-0.00868294506325152,-0.000655083190539636,-0.0470111172528586));
#3892=CARTESIAN_POINT('',(-0.00872016737672775,-6.44709381160974E-5,-0.0470486172528587));
#3893=CARTESIAN_POINT('',(-0.00875738969020397,0.000526141314307448,-0.0470861172528587));
#3894=CARTESIAN_POINT('',(-0.00826451563255696,0.000853682909577261,-0.0471236172528587));
#3895=CARTESIAN_POINT('',(-0.00777164157490994,0.00118122450484708,-0.0471611172528587));
#3896=CARTESIAN_POINT('',(-0.00724154520378669,0.000918153847693353,-0.0471986172528587));
#3897=CARTESIAN_POINT('',(-0.00671144883266344,0.000655083190539625,-0.0472361172528586));
#3898=CARTESIAN_POINT('',(-0.00667422651918721,6.44709381160795E-5,-0.0472736172528587));
#3899=CARTESIAN_POINT('',(-0.00663700420571098,-0.000526141314307458,-0.0473111172528587));
#3900=CARTESIAN_POINT('',(-0.007129878263358,-0.000853682909577277,-0.0473486172528587));
#3901=CARTESIAN_POINT('',(-0.00762275232100501,-0.00118122450484709,-0.0473861172528587));
#3902=CARTESIAN_POINT('',(-0.00815284869212827,-0.000918153847693366,-0.0474236172528587));
#3903=CARTESIAN_POINT('',(-0.00868294506325152,-0.000655083190539636,-0.0474611172528586));
#3904=CARTESIAN_POINT('',(-0.00872016737672775,-6.44709381160976E-5,-0.0474986172528587));
#3905=CARTESIAN_POINT('',(-0.00875738969020397,0.000526141314307448,-0.0475361172528586));
#3906=CARTESIAN_POINT('',(-0.00826451563255696,0.000853682909577261,-0.0475736172528587));
#3907=CARTESIAN_POINT('',(-0.00777164157490994,0.00118122450484708,-0.0476111172528587));
#3908=CARTESIAN_POINT('',(-0.00724154520378669,0.000918153847693353,-0.0476486172528587));
#3909=CARTESIAN_POINT('',(-0.00671144883266344,0.000655083190539625,-0.0476861172528586));
#3910=CARTESIAN_POINT('',(-0.00667422651918721,6.44709381160797E-5,-0.0477236172528587));
#3911=CARTESIAN_POINT('',(-0.00663700420571098,-0.000526141314307458,-0.0477611172528587));
#3912=CARTESIAN_POINT('',(-0.007129878263358,-0.000853682909577277,-0.0477986172528587));
#3913=CARTESIAN_POINT('',(-0.00762275232100501,-0.00118122450484709,-0.0478361172528587));
#3914=CARTESIAN_POINT('',(-0.00815284869212827,-0.000918153847693366,-0.0478736172528587));
#3915=CARTESIAN_POINT('',(-0.00868294506325151,-0.000655083190539643,-0.0479111172528586));
#3916=CARTESIAN_POINT('',(-0.00872016737672775,-6.44709381160979E-5,-0.0479486172528587));
#3917=CARTESIAN_POINT('',(-0.00875738969020397,0.000526141314307448,-0.0479861172528587));
#3918=CARTESIAN_POINT('',(-0.00826451563255696,0.000853682909577261,-0.0480236172528587));
#3919=CARTESIAN_POINT('',(-0.00777164157490994,0.00118122450484708,-0.0480611172528587));
#3920=CARTESIAN_POINT('',(-0.00724154520378669,0.000918153847693353,-0.0480986172528587));
#3921=CARTESIAN_POINT('',(-0.00671144883266344,0.000655083190539626,-0.0481361172528586));
#3922=CARTESIAN_POINT('',(-0.00667422651918721,6.447093811608E-5,-0.0481736172528587));
#3923=CARTESIAN_POINT('',(-0.00663700420571098,-0.000526141314307458,-0.0482111172528587));
#3924=CARTESIAN_POINT('',(-0.007129878263358,-0.000853682909577277,-0.0482486172528587));
#3925=CARTESIAN_POINT('',(-0.00762275232100501,-0.00118122450484709,-0.0482861172528586));
#3926=CARTESIAN_POINT('',(-0.00815284869212827,-0.000918153847693366,-0.0483236172528587));
#3927=CARTESIAN_POINT('',(-0.00868294506325151,-0.000655083190539643,-0.0483611172528586));
#3928=CARTESIAN_POINT('',(-0.00872016737672775,-6.44709381160982E-5,-0.0483986172528587));
#3929=CARTESIAN_POINT('',(-0.00875738969020397,0.000526141314307448,-0.0484361172528587));
#3930=CARTESIAN_POINT('',(-0.00826451563255697,0.00085368290957726,-0.0484736172528587));
#3931=CARTESIAN_POINT('',(-0.00777164157490994,0.00118122450484708,-0.0485111172528587));
#3932=CARTESIAN_POINT('',(-0.0072415452037867,0.000918153847693353,-0.0485486172528587));
#3933=CARTESIAN_POINT('',(-0.00671144883266344,0.000655083190539626,-0.0485861172528586));
#3934=CARTESIAN_POINT('',(-0.00667422651918721,6.44709381160875E-5,-0.0486236172528587));
#3935=CARTESIAN_POINT('',(-0.00663700420571098,-0.000526141314307458,-0.0486611172528587));
#3936=CARTESIAN_POINT('',(-0.007129878263358,-0.000853682909577277,-0.0486986172528587));
#3937=CARTESIAN_POINT('',(-0.00762275232100501,-0.00118122450484709,-0.0487361172528586));
#3938=CARTESIAN_POINT('',(-0.00815284869212827,-0.000918153847693366,-0.0487736172528587));
#3939=CARTESIAN_POINT('',(-0.00868294506325151,-0.000655083190539644,-0.0488111172528586));
#3940=CARTESIAN_POINT('',(-0.00872016737672775,-6.44709381160985E-5,-0.0488486172528587));
#3941=CARTESIAN_POINT('',(-0.00875738969020399,0.00052614131430744,-0.0488861172528587));
#3942=CARTESIAN_POINT('',(-0.00826451563255696,0.00085368290957726,-0.0489236172528587));
#3943=CARTESIAN_POINT('',(-0.00777164157490994,0.00118122450484708,-0.0489611172528586));
#3944=CARTESIAN_POINT('',(-0.0072415452037867,0.000918153847693353,-0.0489986172528587));
#3945=CARTESIAN_POINT('',(-0.00671144883266344,0.000655083190539626,-0.0490361172528586));
#3946=CARTESIAN_POINT('',(-0.00667422651918721,6.44709381160877E-5,-0.0490736172528587));
#3947=CARTESIAN_POINT('',(-0.00663700420571098,-0.000526141314307457,-0.0491111172528587));
#3948=CARTESIAN_POINT('',(-0.007129878263358,-0.000853682909577277,-0.0491486172528587));
#3949=CARTESIAN_POINT('',(-0.00762275232100501,-0.00118122450484709,-0.0491861172528586));
#3950=CARTESIAN_POINT('',(-0.00815284869212827,-0.000918153847693366,-0.0492236172528587));
#3951=CARTESIAN_POINT('',(-0.00868294506325152,-0.000655083190539637,-0.0492611172528586));
#3952=CARTESIAN_POINT('',(-0.00872016737672775,-6.4470938116106E-5,-0.0492986172528587));
#3953=CARTESIAN_POINT('',(-0.00875738969020399,0.000526141314307439,-0.0493361172528587));
#3954=CARTESIAN_POINT('',(-0.00826451563255697,0.00085368290957726,-0.0493736172528587));
#3955=CARTESIAN_POINT('',(-0.00777164157490995,0.00118122450484708,-0.0494111172528586));
#3956=CARTESIAN_POINT('',(-0.00724154520378669,0.00091815384769335,-0.0494486172528587));
#3957=CARTESIAN_POINT('',(-0.00671144883266344,0.000655083190539633,-0.0494861172528587));
#3958=CARTESIAN_POINT('',(-0.00667422651918721,6.44709381160879E-5,-0.0495236172528587));
#3959=CARTESIAN_POINT('',(-0.00663700420571098,-0.000526141314307457,-0.0495611172528587));
#3960=CARTESIAN_POINT('',(-0.007129878263358,-0.000853682909577277,-0.0495986172528587));
#3961=CARTESIAN_POINT('',(-0.00762275232100502,-0.00118122450484709,-0.0496361172528586));
#3962=CARTESIAN_POINT('',(-0.00815284869212826,-0.00091815384769337,-0.0496736172528587));
#3963=CARTESIAN_POINT('',(-0.00868294506325151,-0.000655083190539644,-0.0497111172528586));
#3964=CARTESIAN_POINT('',(-0.00872016737672775,-6.4470938116099E-5,-0.0497486172528587));
#3965=CARTESIAN_POINT('',(-0.00875738969020397,0.000526141314307447,-0.0497861172528587));
#3966=CARTESIAN_POINT('',(-0.00826451563255697,0.000853682909577256,-0.0498236172528587));
#3967=CARTESIAN_POINT('',(-0.00777164157490995,0.00118122450484708,-0.0498611172528586));
#3968=CARTESIAN_POINT('',(-0.0072415452037867,0.000918153847693353,-0.0498986172528587));
#3969=CARTESIAN_POINT('',(-0.00671144883266344,0.000655083190539627,-0.0499361172528587));
#3970=CARTESIAN_POINT('',(-0.00667422651918721,6.44709381160809E-5,-0.0499736172528587));
#3971=CARTESIAN_POINT('',(-0.00663700420571097,-0.00052614131430745,-0.0500111172528587));
#3972=CARTESIAN_POINT('',(-0.00712987826335799,-0.000853682909577273,-0.0500486172528587));
#3973=CARTESIAN_POINT('',(-0.00762275232100501,-0.00118122450484709,-0.0500861172528586));
#3974=CARTESIAN_POINT('',(-0.00815284869212827,-0.000918153847693367,-0.0501236172528587));
#3975=CARTESIAN_POINT('',(-0.00868294506325152,-0.000655083190539637,-0.0501611172528586));
#3976=CARTESIAN_POINT('',(-0.00872016737672775,-6.44709381161066E-5,-0.0501986172528587));
#3977=CARTESIAN_POINT('',(-0.00875738969020399,0.000526141314307439,-0.0502361172528587));
#3978=CARTESIAN_POINT('',(-0.00826451563255697,0.00085368290957726,-0.0502736172528587));
#3979=CARTESIAN_POINT('',(-0.00777164157490995,0.00118122450484708,-0.0503111172528586));
#3980=CARTESIAN_POINT('',(-0.00724154520378669,0.00091815384769335,-0.0503486172528587));
#3981=CARTESIAN_POINT('',(-0.00671144883266344,0.000655083190539634,-0.0503861172528587));
#3982=CARTESIAN_POINT('',(-0.00667422651918721,6.44709381160884E-5,-0.0504236172528587));
#3983=CARTESIAN_POINT('',(-0.00663700420571098,-0.000526141314307457,-0.0504611172528587));
#3984=CARTESIAN_POINT('',(-0.007129878263358,-0.000853682909577276,-0.0504986172528587));
#3985=CARTESIAN_POINT('',(-0.007622752321005,-0.00118122450484709,-0.0505361172528586));
#3986=CARTESIAN_POINT('',(-0.00815284869212826,-0.00091815384769337,-0.0505736172528587));
#3987=CARTESIAN_POINT('',(-0.00868294506325151,-0.000655083190539644,-0.0506111172528587));
#3988=CARTESIAN_POINT('',(-0.00872016737672775,-6.44709381160996E-5,-0.0506486172528587));
#3989=CARTESIAN_POINT('',(-0.00875738969020397,0.000526141314307446,-0.0506861172528587));
#3990=CARTESIAN_POINT('',(-0.00826451563255697,0.000853682909577256,-0.0507236172528587));
#3991=CARTESIAN_POINT('',(-0.00777164157490995,0.00118122450484708,-0.0507611172528586));
#3992=CARTESIAN_POINT('',(-0.0072415452037867,0.000918153847693354,-0.0507986172528587));
#3993=CARTESIAN_POINT('',(-0.00671144883266344,0.000655083190539627,-0.0508361172528587));
#3994=CARTESIAN_POINT('',(-0.00667422651918721,6.44709381160813E-5,-0.0508736172528587));
#3995=CARTESIAN_POINT('',(-0.00663700420571097,-0.000526141314307449,-0.0509111172528587));
#3996=CARTESIAN_POINT('',(-0.00712987826335799,-0.000853682909577272,-0.0509486172528587));
#3997=CARTESIAN_POINT('',(-0.00762275232100501,-0.00118122450484709,-0.0509861172528586));
#3998=CARTESIAN_POINT('',(-0.00815284869212826,-0.000918153847693367,-0.0510236172528587));
#3999=CARTESIAN_POINT('',(-0.00868294506325151,-0.000655083190539639,-0.0510611172528587));
#4000=CARTESIAN_POINT('',(-0.00872016737672775,-6.44709381161072E-5,-0.0510986172528587));
#4001=CARTESIAN_POINT('',(-0.00875738969020399,0.000526141314307438,-0.0511361172528586));
#4002=CARTESIAN_POINT('',(-0.00826451563255697,0.000853682909577259,-0.0511736172528587));
#4003=CARTESIAN_POINT('',(-0.00777164157490995,0.00118122450484708,-0.0512111172528586));
#4004=CARTESIAN_POINT('',(-0.0072415452037867,0.000918153847693357,-0.0512486172528587));
#4005=CARTESIAN_POINT('',(-0.00671144883266344,0.000655083190539634,-0.0512861172528587));
#4006=CARTESIAN_POINT('',(-0.00667422651918721,6.44709381160888E-5,-0.0513236172528587));
#4007=CARTESIAN_POINT('',(-0.00663700420571098,-0.000526141314307456,-0.0513611172528586));
#4008=CARTESIAN_POINT('',(-0.00712987826335799,-0.000853682909577276,-0.0513986172528587));
#4009=CARTESIAN_POINT('',(-0.007622752321005,-0.00118122450484709,-0.0514361172528586));
#4010=CARTESIAN_POINT('',(-0.00815284869212826,-0.00091815384769337,-0.0514736172528587));
#4011=CARTESIAN_POINT('',(-0.00868294506325151,-0.000655083190539645,-0.0515111172528587));
#4012=CARTESIAN_POINT('',(-0.00872016737672775,-6.44709381161002E-5,-0.0515486172528587));
#4013=CARTESIAN_POINT('',(-0.00875738969020397,0.000526141314307446,-0.0515861172528587));
#4014=CARTESIAN_POINT('',(-0.00826451563255697,0.000853682909577255,-0.0516236172528587));
#4015=CARTESIAN_POINT('',(-0.00777164157490995,0.00118122450484708,-0.0516611172528586));
#4016=CARTESIAN_POINT('',(-0.0072415452037867,0.000918153847693354,-0.0516986172528587));
#4017=CARTESIAN_POINT('',(-0.00671144883266344,0.000655083190539627,-0.0517361172528587));
#4018=CARTESIAN_POINT('',(-0.00667422651918721,6.44709381160818E-5,-0.0517736172528587));
#4019=CARTESIAN_POINT('',(-0.00691731387917861,4.91507786060447E-5,-0.0448267422528586));
#4020=CARTESIAN_POINT('',(-0.00688893666391952,-0.000401114921089869,-0.0448642422528587));
#4021=CARTESIAN_POINT('',(-0.00726468959067942,-0.000650823160240852,-0.0449017422528586));
#4022=CARTESIAN_POINT('',(-0.00764044251743931,-0.000900531399391835,-0.0449392422528587));
#4023=CARTESIAN_POINT('',(-0.00804457265945829,-0.000699973938846904,-0.0449767422528587));
#4024=CARTESIAN_POINT('',(-0.00844870280147727,-0.000499416478301973,-0.0450142422528586));
#4025=CARTESIAN_POINT('',(-0.00847708001673635,-4.91507786060588E-5,-0.0450517422528587));
#4026=CARTESIAN_POINT('',(-0.00850545723199543,0.000401114921089855,-0.0450892422528587));
#4027=CARTESIAN_POINT('',(-0.00812970430523554,0.000650823160240838,-0.0451267422528587));
#4028=CARTESIAN_POINT('',(-0.00775395137847565,0.00090053139939182,-0.0451642422528587));
#4029=CARTESIAN_POINT('',(-0.00734982123645667,0.00069997393884689,-0.0452017422528587));
#4030=CARTESIAN_POINT('',(-0.00694569109443769,0.000499416478301959,-0.0452392422528586));
#4031=CARTESIAN_POINT('',(-0.00691731387917861,4.91507786060447E-5,-0.0452767422528587));
#4032=CARTESIAN_POINT('',(-0.00688893666391952,-0.000401114921089869,-0.0453142422528587));
#4033=CARTESIAN_POINT('',(-0.00726468959067942,-0.000650823160240852,-0.0453517422528587));
#4034=CARTESIAN_POINT('',(-0.00764044251743931,-0.000900531399391835,-0.0453892422528587));
#4035=CARTESIAN_POINT('',(-0.00804457265945829,-0.000699973938846904,-0.0454267422528587));
#4036=CARTESIAN_POINT('',(-0.00844870280147727,-0.000499416478301973,-0.0454642422528586));
#4037=CARTESIAN_POINT('',(-0.00847708001673635,-4.91507786060589E-5,-0.0455017422528587));
#4038=CARTESIAN_POINT('',(-0.00850545723199543,0.000401114921089855,-0.0455392422528587));
#4039=CARTESIAN_POINT('',(-0.00812970430523554,0.000650823160240838,-0.0455767422528587));
#4040=CARTESIAN_POINT('',(-0.00775395137847565,0.00090053139939182,-0.0456142422528587));
#4041=CARTESIAN_POINT('',(-0.00734982123645667,0.00069997393884689,-0.0456517422528587));
#4042=CARTESIAN_POINT('',(-0.00694569109443769,0.000499416478301959,-0.0456892422528586));
#4043=CARTESIAN_POINT('',(-0.00691731387917861,4.91507786060446E-5,-0.0457267422528587));
#4044=CARTESIAN_POINT('',(-0.00688893666391952,-0.000401114921089869,-0.0457642422528587));
#4045=CARTESIAN_POINT('',(-0.00726468959067942,-0.000650823160240852,-0.0458017422528587));
#4046=CARTESIAN_POINT('',(-0.00764044251743931,-0.000900531399391835,-0.0458392422528587));
#4047=CARTESIAN_POINT('',(-0.00804457265945829,-0.000699973938846904,-0.0458767422528587));
#4048=CARTESIAN_POINT('',(-0.00844870280147727,-0.000499416478301973,-0.0459142422528586));
#4049=CARTESIAN_POINT('',(-0.00847708001673635,-4.91507786060589E-5,-0.0459517422528587));
#4050=CARTESIAN_POINT('',(-0.00850545723199543,0.000401114921089855,-0.0459892422528587));
#4051=CARTESIAN_POINT('',(-0.00812970430523554,0.000650823160240838,-0.0460267422528587));
#4052=CARTESIAN_POINT('',(-0.00775395137847565,0.00090053139939182,-0.0460642422528587));
#4053=CARTESIAN_POINT('',(-0.00734982123645667,0.00069997393884689,-0.0461017422528587));
#4054=CARTESIAN_POINT('',(-0.00694569109443769,0.000499416478301959,-0.0461392422528586));
#4055=CARTESIAN_POINT('',(-0.00691731387917861,4.91507786060446E-5,-0.0461767422528587));
#4056=CARTESIAN_POINT('',(-0.00688893666391952,-0.000401114921089869,-0.0462142422528587));
#4057=CARTESIAN_POINT('',(-0.00726468959067942,-0.000650823160240852,-0.0462517422528587));
#4058=CARTESIAN_POINT('',(-0.00764044251743931,-0.000900531399391835,-0.0462892422528586));
#4059=CARTESIAN_POINT('',(-0.00804457265945829,-0.000699973938846904,-0.0463267422528587));
#4060=CARTESIAN_POINT('',(-0.00844870280147727,-0.000499416478301973,-0.0463642422528586));
#4061=CARTESIAN_POINT('',(-0.00847708001673635,-4.91507786060589E-5,-0.0464017422528587));
#4062=CARTESIAN_POINT('',(-0.00850545723199543,0.000401114921089855,-0.0464392422528587));
#4063=CARTESIAN_POINT('',(-0.00812970430523554,0.000650823160240838,-0.0464767422528587));
#4064=CARTESIAN_POINT('',(-0.00775395137847565,0.00090053139939182,-0.0465142422528587));
#4065=CARTESIAN_POINT('',(-0.00734982123645667,0.00069997393884689,-0.0465517422528587));
#4066=CARTESIAN_POINT('',(-0.00694569109443769,0.000499416478301959,-0.0465892422528586));
#4067=CARTESIAN_POINT('',(-0.00691731387917861,4.91507786060446E-5,-0.0466267422528587));
#4068=CARTESIAN_POINT('',(-0.00688893666391952,-0.000401114921089869,-0.0466642422528587));
#4069=CARTESIAN_POINT('',(-0.00726468959067942,-0.000650823160240852,-0.0467017422528587));
#4070=CARTESIAN_POINT('',(-0.00764044251743931,-0.000900531399391835,-0.0467392422528586));
#4071=CARTESIAN_POINT('',(-0.00804457265945829,-0.000699973938846904,-0.0467767422528587));
#4072=CARTESIAN_POINT('',(-0.00844870280147727,-0.000499416478301973,-0.0468142422528586));
#4073=CARTESIAN_POINT('',(-0.00847708001673635,-4.9150778606059E-5,-0.0468517422528587));
#4074=CARTESIAN_POINT('',(-0.00850545723199543,0.000401114921089855,-0.0468892422528587));
#4075=CARTESIAN_POINT('',(-0.00812970430523554,0.000650823160240838,-0.0469267422528587));
#4076=CARTESIAN_POINT('',(-0.00775395137847565,0.00090053139939182,-0.0469642422528586));
#4077=CARTESIAN_POINT('',(-0.00734982123645667,0.00069997393884689,-0.0470017422528587));
#4078=CARTESIAN_POINT('',(-0.00694569109443769,0.000499416478301959,-0.0470392422528586));
#4079=CARTESIAN_POINT('',(-0.00691731387917861,4.91507786060446E-5,-0.0470767422528587));
#4080=CARTESIAN_POINT('',(-0.00688893666391952,-0.000401114921089869,-0.0471142422528587));
#4081=CARTESIAN_POINT('',(-0.00726468959067942,-0.000650823160240852,-0.0471517422528587));
#4082=CARTESIAN_POINT('',(-0.00764044251743931,-0.000900531399391835,-0.0471892422528586));
#4083=CARTESIAN_POINT('',(-0.00804457265945829,-0.000699973938846904,-0.0472267422528587));
#4084=CARTESIAN_POINT('',(-0.00844870280147727,-0.000499416478301973,-0.0472642422528586));
#4085=CARTESIAN_POINT('',(-0.00847708001673635,-4.9150778606059E-5,-0.0473017422528587));
#4086=CARTESIAN_POINT('',(-0.00850545723199543,0.000401114921089855,-0.0473392422528587));
#4087=CARTESIAN_POINT('',(-0.00812970430523554,0.000650823160240838,-0.0473767422528587));
#4088=CARTESIAN_POINT('',(-0.00775395137847565,0.00090053139939182,-0.0474142422528586));
#4089=CARTESIAN_POINT('',(-0.00734982123645667,0.00069997393884689,-0.0474517422528587));
#4090=CARTESIAN_POINT('',(-0.00694569109443769,0.000499416478301959,-0.0474892422528587));
#4091=CARTESIAN_POINT('',(-0.00691731387917861,4.91507786060445E-5,-0.0475267422528587));
#4092=CARTESIAN_POINT('',(-0.00688893666391952,-0.000401114921089869,-0.0475642422528587));
#4093=CARTESIAN_POINT('',(-0.00726468959067942,-0.000650823160240852,-0.0476017422528587));
#4094=CARTESIAN_POINT('',(-0.00764044251743931,-0.000900531399391835,-0.0476392422528586));
#4095=CARTESIAN_POINT('',(-0.00804457265945829,-0.000699973938846904,-0.0476767422528587));
#4096=CARTESIAN_POINT('',(-0.00844870280147727,-0.000499416478301973,-0.0477142422528586));
#4097=CARTESIAN_POINT('',(-0.00847708001673635,-4.9150778606059E-5,-0.0477517422528587));
#4098=CARTESIAN_POINT('',(-0.00850545723199543,0.000401114921089855,-0.0477892422528587));
#4099=CARTESIAN_POINT('',(-0.00812970430523554,0.000650823160240838,-0.0478267422528587));
#4100=CARTESIAN_POINT('',(-0.00775395137847565,0.00090053139939182,-0.0478642422528586));
#4101=CARTESIAN_POINT('',(-0.00734982123645667,0.00069997393884689,-0.0479017422528587));
#4102=CARTESIAN_POINT('',(-0.00694569109443769,0.000499416478301959,-0.0479392422528587));
#4103=CARTESIAN_POINT('',(-0.00691731387917861,4.91507786060445E-5,-0.0479767422528587));
#4104=CARTESIAN_POINT('',(-0.00688893666391952,-0.000401114921089869,-0.0480142422528587));
#4105=CARTESIAN_POINT('',(-0.00726468959067942,-0.000650823160240852,-0.0480517422528587));
#4106=CARTESIAN_POINT('',(-0.00764044251743931,-0.000900531399391835,-0.0480892422528586));
#4107=CARTESIAN_POINT('',(-0.00804457265945829,-0.000699973938846904,-0.0481267422528587));
#4108=CARTESIAN_POINT('',(-0.00844870280147727,-0.000499416478301973,-0.0481642422528587));
#4109=CARTESIAN_POINT('',(-0.00847708001673635,-4.9150778606059E-5,-0.0482017422528587));
#4110=CARTESIAN_POINT('',(-0.00850545723199543,0.000401114921089855,-0.0482392422528587));
#4111=CARTESIAN_POINT('',(-0.00812970430523554,0.000650823160240838,-0.0482767422528587));
#4112=CARTESIAN_POINT('',(-0.00775395137847565,0.00090053139939182,-0.0483142422528586));
#4113=CARTESIAN_POINT('',(-0.00734982123645667,0.00069997393884689,-0.0483517422528587));
#4114=CARTESIAN_POINT('',(-0.00694569109443769,0.000499416478301959,-0.0483892422528587));
#4115=CARTESIAN_POINT('',(-0.00691731387917861,4.91507786060445E-5,-0.0484267422528587));
#4116=CARTESIAN_POINT('',(-0.00688893666391952,-0.000401114921089869,-0.0484642422528587));
#4117=CARTESIAN_POINT('',(-0.00726468959067942,-0.000650823160240852,-0.0485017422528587));
#4118=CARTESIAN_POINT('',(-0.00764044251743931,-0.000900531399391835,-0.0485392422528586));
#4119=CARTESIAN_POINT('',(-0.00804457265945829,-0.000699973938846904,-0.0485767422528587));
#4120=CARTESIAN_POINT('',(-0.00844870280147727,-0.000499416478301973,-0.0486142422528586));
#4121=CARTESIAN_POINT('',(-0.00847708001673635,-4.91507786060591E-5,-0.0486517422528587));
#4122=CARTESIAN_POINT('',(-0.00850545723199543,0.000401114921089854,-0.0486892422528587));
#4123=CARTESIAN_POINT('',(-0.00812970430523554,0.000650823160240838,-0.0487267422528587));
#4124=CARTESIAN_POINT('',(-0.00775395137847565,0.00090053139939182,-0.0487642422528586));
#4125=CARTESIAN_POINT('',(-0.00734982123645667,0.00069997393884689,-0.0488017422528587));
#4126=CARTESIAN_POINT('',(-0.00694569109443769,0.000499416478301959,-0.0488392422528587));
#4127=CARTESIAN_POINT('',(-0.00691731387917861,4.91507786060444E-5,-0.0488767422528587));
#4128=CARTESIAN_POINT('',(-0.00688893666391952,-0.000401114921089869,-0.0489142422528587));
#4129=CARTESIAN_POINT('',(-0.00726468959067942,-0.000650823160240852,-0.0489517422528587));
#4130=CARTESIAN_POINT('',(-0.00764044251743931,-0.000900531399391835,-0.0489892422528586));
#4131=CARTESIAN_POINT('',(-0.00804457265945829,-0.000699973938846904,-0.0490267422528587));
#4132=CARTESIAN_POINT('',(-0.00844870280147727,-0.000499416478301973,-0.0490642422528587));
#4133=CARTESIAN_POINT('',(-0.00847708001673635,-4.91507786060591E-5,-0.0491017422528587));
#4134=CARTESIAN_POINT('',(-0.00850545723199543,0.000401114921089854,-0.0491392422528586));
#4135=CARTESIAN_POINT('',(-0.00812970430523554,0.000650823160240838,-0.0491767422528587));
#4136=CARTESIAN_POINT('',(-0.00775395137847565,0.00090053139939182,-0.0492142422528586));
#4137=CARTESIAN_POINT('',(-0.00734982123645667,0.00069997393884689,-0.0492517422528587));
#4138=CARTESIAN_POINT('',(-0.00694569109443769,0.000499416478301959,-0.0492892422528587));
#4139=CARTESIAN_POINT('',(-0.00691731387917861,4.91507786060444E-5,-0.0493267422528587));
#4140=CARTESIAN_POINT('',(-0.00688893666391952,-0.000401114921089869,-0.0493642422528586));
#4141=CARTESIAN_POINT('',(-0.00726468959067942,-0.000650823160240852,-0.0494017422528587));
#4142=CARTESIAN_POINT('',(-0.00764044251743931,-0.000900531399391835,-0.0494392422528586));
#4143=CARTESIAN_POINT('',(-0.00804457265945829,-0.000699973938846904,-0.0494767422528587));
#4144=CARTESIAN_POINT('',(-0.00844870280147727,-0.000499416478301973,-0.0495142422528587));
#4145=CARTESIAN_POINT('',(-0.00847708001673635,-4.91507786060591E-5,-0.0495517422528587));
#4146=CARTESIAN_POINT('',(-0.00850545723199543,0.000401114921089854,-0.0495892422528587));
#4147=CARTESIAN_POINT('',(-0.00812970430523554,0.000650823160240838,-0.0496267422528587));
#4148=CARTESIAN_POINT('',(-0.00775395137847565,0.00090053139939182,-0.0496642422528586));
#4149=CARTESIAN_POINT('',(-0.00734982123645667,0.00069997393884689,-0.0497017422528587));
#4150=CARTESIAN_POINT('',(-0.00694569109443769,0.000499416478301958,-0.0497392422528587));
#4151=CARTESIAN_POINT('',(-0.00691731387917861,4.91507786060444E-5,-0.0497767422528587));
#4152=CARTESIAN_POINT('',(-0.00688893666391952,-0.000401114921089869,-0.0498142422528586));
#4153=CARTESIAN_POINT('',(-0.00726468959067942,-0.000650823160240852,-0.0498517422528587));
#4154=CARTESIAN_POINT('',(-0.00764044251743931,-0.000900531399391835,-0.0498892422528586));
#4155=CARTESIAN_POINT('',(-0.00804457265945829,-0.000699973938846904,-0.0499267422528587));
#4156=CARTESIAN_POINT('',(-0.00844870280147727,-0.000499416478301973,-0.0499642422528587));
#4157=CARTESIAN_POINT('',(-0.00847708001673635,-4.91507786060592E-5,-0.0500017422528587));
#4158=CARTESIAN_POINT('',(-0.00850545723199543,0.000401114921089854,-0.0500392422528586));
#4159=CARTESIAN_POINT('',(-0.00812970430523554,0.000650823160240838,-0.0500767422528587));
#4160=CARTESIAN_POINT('',(-0.00775395137847565,0.00090053139939182,-0.0501142422528586));
#4161=CARTESIAN_POINT('',(-0.00734982123645667,0.00069997393884689,-0.0501517422528587));
#4162=CARTESIAN_POINT('',(-0.00694569109443769,0.000499416478301958,-0.0501892422528587));
#4163=CARTESIAN_POINT('',(-0.00691731387917861,4.91507786060444E-5,-0.0502267422528587));
#4164=CARTESIAN_POINT('',(-0.00688893666391952,-0.000401114921089869,-0.0502642422528586));
#4165=CARTESIAN_POINT('',(-0.00726468959067942,-0.000650823160240852,-0.0503017422528587));
#4166=CARTESIAN_POINT('',(-0.00764044251743931,-0.000900531399391835,-0.0503392422528586));
#4167=CARTESIAN_POINT('',(-0.00804457265945829,-0.000699973938846904,-0.0503767422528587));
#4168=CARTESIAN_POINT('',(-0.00844870280147727,-0.000499416478301973,-0.0504142422528587));
#4169=CARTESIAN_POINT('',(-0.00847708001673635,-4.91507786060592E-5,-0.0504517422528587));
#4170=CARTESIAN_POINT('',(-0.00850545723199543,0.000401114921089854,-0.0504892422528586));
#4171=CARTESIAN_POINT('',(-0.00812970430523554,0.000650823160240838,-0.0505267422528587));
#4172=CARTESIAN_POINT('',(-0.00775395137847565,0.00090053139939182,-0.0505642422528587));
#4173=CARTESIAN_POINT('',(-0.00734982123645667,0.00069997393884689,-0.0506017422528587));
#4174=CARTESIAN_POINT('',(-0.00694569109443769,0.000499416478301958,-0.0506392422528587));
#4175=CARTESIAN_POINT('',(-0.00691731387917861,4.91507786060443E-5,-0.0506767422528587));
#4176=CARTESIAN_POINT('',(-0.00688893666391952,-0.000401114921089869,-0.0507142422528586));
#4177=CARTESIAN_POINT('',(-0.00726468959067942,-0.000650823160240852,-0.0507517422528587));
#4178=CARTESIAN_POINT('',(-0.00764044251743931,-0.000900531399391835,-0.0507892422528586));
#4179=CARTESIAN_POINT('',(-0.00804457265945829,-0.000699973938846904,-0.0508267422528587));
#4180=CARTESIAN_POINT('',(-0.00844870280147727,-0.000499416478301973,-0.0508642422528587));
#4181=CARTESIAN_POINT('',(-0.00847708001673635,-4.91507786060592E-5,-0.0509017422528587));
#4182=CARTESIAN_POINT('',(-0.00850545723199543,0.000401114921089854,-0.0509392422528586));
#4183=CARTESIAN_POINT('',(-0.00812970430523554,0.000650823160240838,-0.0509767422528587));
#4184=CARTESIAN_POINT('',(-0.00775395137847565,0.00090053139939182,-0.0510142422528587));
#4185=CARTESIAN_POINT('',(-0.00734982123645667,0.00069997393884689,-0.0510517422528587));
#4186=CARTESIAN_POINT('',(-0.00694569109443769,0.000499416478301958,-0.0510892422528587));
#4187=CARTESIAN_POINT('',(-0.00691731387917861,4.91507786060443E-5,-0.0511267422528587));
#4188=CARTESIAN_POINT('',(-0.00688893666391952,-0.000401114921089869,-0.0511642422528586));
#4189=CARTESIAN_POINT('',(-0.00726468959067942,-0.000650823160240853,-0.0512017422528587));
#4190=CARTESIAN_POINT('',(-0.00764044251743931,-0.000900531399391835,-0.0512392422528587));
#4191=CARTESIAN_POINT('',(-0.00804457265945829,-0.000699973938846904,-0.0512767422528587));
#4192=CARTESIAN_POINT('',(-0.00844870280147727,-0.000499416478301973,-0.0513142422528587));
#4193=CARTESIAN_POINT('',(-0.00847708001673635,-4.91507786060592E-5,-0.0513517422528587));
#4194=CARTESIAN_POINT('',(-0.00850545723199543,0.000401114921089854,-0.0513892422528586));
#4195=CARTESIAN_POINT('',(-0.00812970430523554,0.000650823160240837,-0.0514267422528587));
#4196=CARTESIAN_POINT('',(-0.00807728112817906,0.000685661210196569,-0.0514319740661052));
#4197=CARTESIAN_POINT('',(-0.00801995766091407,0.000711659273934708,-0.0514376219016115));
#4198=CARTESIAN_POINT('',(-0.00667422651918721,6.44709381160782E-5,-0.0449673672528586));
#4199=CARTESIAN_POINT('',(-0.00663700420571098,-0.000526141314307464,-0.0450048672528587));
#4200=CARTESIAN_POINT('',(-0.007129878263358,-0.000853682909577278,-0.0450423672528587));
#4201=CARTESIAN_POINT('',(-0.00762275232100502,-0.00118122450484709,-0.0450798672528586));
#4202=CARTESIAN_POINT('',(-0.00815284869212827,-0.000918153847693364,-0.0451173672528587));
#4203=CARTESIAN_POINT('',(-0.00868294506325152,-0.000655083190539635,-0.0451548672528587));
#4204=CARTESIAN_POINT('',(-0.00872016737672775,-6.44709381160924E-5,-0.0451923672528587));
#4205=CARTESIAN_POINT('',(-0.00875738969020397,0.00052614131430745,-0.0452298672528587));
#4206=CARTESIAN_POINT('',(-0.00826451563255696,0.000853682909577264,-0.0452673672528587));
#4207=CARTESIAN_POINT('',(-0.00777164157490994,0.00118122450484708,-0.0453048672528586));
#4208=CARTESIAN_POINT('',(-0.00724154520378669,0.00091815384769335,-0.0453423672528587));
#4209=CARTESIAN_POINT('',(-0.00671144883266343,0.000655083190539621,-0.0453798672528586));
#4210=CARTESIAN_POINT('',(-0.00667422651918721,6.44709381160781E-5,-0.0454173672528587));
#4211=CARTESIAN_POINT('',(-0.00663700420571098,-0.000526141314307464,-0.0454548672528587));
#4212=CARTESIAN_POINT('',(-0.007129878263358,-0.000853682909577278,-0.0454923672528587));
#4213=CARTESIAN_POINT('',(-0.00762275232100502,-0.00118122450484709,-0.0455298672528586));
#4214=CARTESIAN_POINT('',(-0.00815284869212827,-0.000918153847693364,-0.0455673672528587));
#4215=CARTESIAN_POINT('',(-0.00868294506325152,-0.000655083190539635,-0.0456048672528587));
#4216=CARTESIAN_POINT('',(-0.00872016737672775,-6.44709381160924E-5,-0.0456423672528587));
#4217=CARTESIAN_POINT('',(-0.00875738969020397,0.00052614131430745,-0.0456798672528587));
#4218=CARTESIAN_POINT('',(-0.00826451563255696,0.000853682909577264,-0.0457173672528587));
#4219=CARTESIAN_POINT('',(-0.00777164157490994,0.00118122450484708,-0.0457548672528586));
#4220=CARTESIAN_POINT('',(-0.00724154520378669,0.00091815384769335,-0.0457923672528587));
#4221=CARTESIAN_POINT('',(-0.00671144883266343,0.000655083190539621,-0.0458298672528586));
#4222=CARTESIAN_POINT('',(-0.00667422651918721,6.44709381160781E-5,-0.0458673672528587));
#4223=CARTESIAN_POINT('',(-0.00663700420571098,-0.000526141314307464,-0.0459048672528587));
#4224=CARTESIAN_POINT('',(-0.007129878263358,-0.000853682909577279,-0.0459423672528587));
#4225=CARTESIAN_POINT('',(-0.00762275232100502,-0.00118122450484709,-0.0459798672528586));
#4226=CARTESIAN_POINT('',(-0.00815284869212827,-0.000918153847693364,-0.0460173672528587));
#4227=CARTESIAN_POINT('',(-0.00868294506325152,-0.000655083190539635,-0.0460548672528587));
#4228=CARTESIAN_POINT('',(-0.00872016737672775,-6.44709381160924E-5,-0.0460923672528587));
#4229=CARTESIAN_POINT('',(-0.00875738969020397,0.00052614131430745,-0.0461298672528587));
#4230=CARTESIAN_POINT('',(-0.00826451563255696,0.000853682909577264,-0.0461673672528587));
#4231=CARTESIAN_POINT('',(-0.00777164157490994,0.00118122450484708,-0.0462048672528586));
#4232=CARTESIAN_POINT('',(-0.00724154520378669,0.00091815384769335,-0.0462423672528587));
#4233=CARTESIAN_POINT('',(-0.00671144883266343,0.000655083190539621,-0.0462798672528587));
#4234=CARTESIAN_POINT('',(-0.00667422651918721,6.44709381160781E-5,-0.0463173672528587));
#4235=CARTESIAN_POINT('',(-0.00663700420571098,-0.000526141314307464,-0.0463548672528587));
#4236=CARTESIAN_POINT('',(-0.007129878263358,-0.000853682909577279,-0.0463923672528587));
#4237=CARTESIAN_POINT('',(-0.00762275232100502,-0.00118122450484709,-0.0464298672528586));
#4238=CARTESIAN_POINT('',(-0.00815284869212827,-0.000918153847693364,-0.0464673672528587));
#4239=CARTESIAN_POINT('',(-0.00868294506325152,-0.000655083190539635,-0.0465048672528587));
#4240=CARTESIAN_POINT('',(-0.00872016737672775,-6.44709381160925E-5,-0.0465423672528587));
#4241=CARTESIAN_POINT('',(-0.00875738969020397,0.00052614131430745,-0.0465798672528587));
#4242=CARTESIAN_POINT('',(-0.00826451563255696,0.000853682909577264,-0.0466173672528587));
#4243=CARTESIAN_POINT('',(-0.00777164157490994,0.00118122450484708,-0.0466548672528586));
#4244=CARTESIAN_POINT('',(-0.00724154520378669,0.00091815384769335,-0.0466923672528587));
#4245=CARTESIAN_POINT('',(-0.00671144883266343,0.000655083190539621,-0.0467298672528587));
#4246=CARTESIAN_POINT('',(-0.00667422651918721,6.44709381160781E-5,-0.0467673672528587));
#4247=CARTESIAN_POINT('',(-0.00663700420571098,-0.000526141314307464,-0.0468048672528587));
#4248=CARTESIAN_POINT('',(-0.007129878263358,-0.000853682909577279,-0.0468423672528587));
#4249=CARTESIAN_POINT('',(-0.00762275232100502,-0.00118122450484709,-0.0468798672528586));
#4250=CARTESIAN_POINT('',(-0.00815284869212827,-0.000918153847693364,-0.0469173672528587));
#4251=CARTESIAN_POINT('',(-0.00868294506325152,-0.000655083190539635,-0.0469548672528587));
#4252=CARTESIAN_POINT('',(-0.00872016737672775,-6.44709381160925E-5,-0.0469923672528587));
#4253=CARTESIAN_POINT('',(-0.00875738969020397,0.00052614131430745,-0.0470298672528587));
#4254=CARTESIAN_POINT('',(-0.00826451563255696,0.000853682909577264,-0.0470673672528587));
#4255=CARTESIAN_POINT('',(-0.00777164157490994,0.00118122450484708,-0.0471048672528586));
#4256=CARTESIAN_POINT('',(-0.00724154520378669,0.00091815384769335,-0.0471423672528587));
#4257=CARTESIAN_POINT('',(-0.00671144883266343,0.000655083190539621,-0.0471798672528587));
#4258=CARTESIAN_POINT('',(-0.00667422651918721,6.4470938116078E-5,-0.0472173672528587));
#4259=CARTESIAN_POINT('',(-0.00663700420571098,-0.000526141314307464,-0.0472548672528586));
#4260=CARTESIAN_POINT('',(-0.007129878263358,-0.000853682909577279,-0.0472923672528587));
#4261=CARTESIAN_POINT('',(-0.00762275232100502,-0.00118122450484709,-0.0473298672528586));
#4262=CARTESIAN_POINT('',(-0.00815284869212827,-0.000918153847693364,-0.0473673672528587));
#4263=CARTESIAN_POINT('',(-0.00868294506325152,-0.000655083190539635,-0.0474048672528587));
#4264=CARTESIAN_POINT('',(-0.00872016737672775,-6.44709381160925E-5,-0.0474423672528587));
#4265=CARTESIAN_POINT('',(-0.00875738969020397,0.00052614131430745,-0.0474798672528586));
#4266=CARTESIAN_POINT('',(-0.00826451563255696,0.000853682909577264,-0.0475173672528587));
#4267=CARTESIAN_POINT('',(-0.00777164157490994,0.00118122450484708,-0.0475548672528586));
#4268=CARTESIAN_POINT('',(-0.00724154520378669,0.00091815384769335,-0.0475923672528587));
#4269=CARTESIAN_POINT('',(-0.00671144883266343,0.000655083190539621,-0.0476298672528587));
#4270=CARTESIAN_POINT('',(-0.00667422651918721,6.4470938116078E-5,-0.0476673672528587));
#4271=CARTESIAN_POINT('',(-0.00663700420571098,-0.000526141314307464,-0.0477048672528586));
#4272=CARTESIAN_POINT('',(-0.007129878263358,-0.000853682909577279,-0.0477423672528587));
#4273=CARTESIAN_POINT('',(-0.00762275232100502,-0.00118122450484709,-0.0477798672528587));
#4274=CARTESIAN_POINT('',(-0.00815284869212827,-0.000918153847693364,-0.0478173672528587));
#4275=CARTESIAN_POINT('',(-0.00868294506325152,-0.000655083190539635,-0.0478548672528587));
#4276=CARTESIAN_POINT('',(-0.00872016737672775,-6.44709381160925E-5,-0.0478923672528587));
#4277=CARTESIAN_POINT('',(-0.00875738969020397,0.00052614131430745,-0.0479298672528586));
#4278=CARTESIAN_POINT('',(-0.00826451563255696,0.000853682909577264,-0.0479673672528587));
#4279=CARTESIAN_POINT('',(-0.00777164157490994,0.00118122450484708,-0.0480048672528587));
#4280=CARTESIAN_POINT('',(-0.00724154520378669,0.00091815384769335,-0.0480423672528587));
#4281=CARTESIAN_POINT('',(-0.00671144883266343,0.000655083190539621,-0.0480798672528587));
#4282=CARTESIAN_POINT('',(-0.00667422651918721,6.4470938116078E-5,-0.0481173672528587));
#4283=CARTESIAN_POINT('',(-0.00663700420571098,-0.000526141314307464,-0.0481548672528586));
#4284=CARTESIAN_POINT('',(-0.007129878263358,-0.000853682909577279,-0.0481923672528587));
#4285=CARTESIAN_POINT('',(-0.00762275232100502,-0.00118122450484709,-0.0482298672528586));
#4286=CARTESIAN_POINT('',(-0.00815284869212827,-0.000918153847693364,-0.0482673672528587));
#4287=CARTESIAN_POINT('',(-0.00868294506325152,-0.000655083190539635,-0.0483048672528587));
#4288=CARTESIAN_POINT('',(-0.00872016737672775,-6.44709381160926E-5,-0.0483423672528587));
#4289=CARTESIAN_POINT('',(-0.00875738969020397,0.00052614131430745,-0.0483798672528586));
#4290=CARTESIAN_POINT('',(-0.00826451563255696,0.000853682909577264,-0.0484173672528587));
#4291=CARTESIAN_POINT('',(-0.00777164157490994,0.00118122450484708,-0.0484548672528586));
#4292=CARTESIAN_POINT('',(-0.00724154520378669,0.00091815384769335,-0.0484923672528587));
#4293=CARTESIAN_POINT('',(-0.00671144883266343,0.000655083190539621,-0.0485298672528587));
#4294=CARTESIAN_POINT('',(-0.00667422651918721,6.4470938116078E-5,-0.0485673672528587));
#4295=CARTESIAN_POINT('',(-0.00663700420571098,-0.000526141314307464,-0.0486048672528586));
#4296=CARTESIAN_POINT('',(-0.007129878263358,-0.000853682909577279,-0.0486423672528587));
#4297=CARTESIAN_POINT('',(-0.00762275232100502,-0.00118122450484709,-0.0486798672528587));
#4298=CARTESIAN_POINT('',(-0.00815284869212827,-0.000918153847693364,-0.0487173672528587));
#4299=CARTESIAN_POINT('',(-0.00868294506325152,-0.000655083190539635,-0.0487548672528587));
#4300=CARTESIAN_POINT('',(-0.00872016737672775,-6.44709381160926E-5,-0.0487923672528587));
#4301=CARTESIAN_POINT('',(-0.00875738969020397,0.00052614131430745,-0.0488298672528586));
#4302=CARTESIAN_POINT('',(-0.00826451563255696,0.000853682909577264,-0.0488673672528587));
#4303=CARTESIAN_POINT('',(-0.00777164157490994,0.00118122450484708,-0.0489048672528586));
#4304=CARTESIAN_POINT('',(-0.00724154520378669,0.00091815384769335,-0.0489423672528587));
#4305=CARTESIAN_POINT('',(-0.00671144883266343,0.000655083190539621,-0.0489798672528587));
#4306=CARTESIAN_POINT('',(-0.00667422651918721,6.44709381160779E-5,-0.0490173672528587));
#4307=CARTESIAN_POINT('',(-0.00663700420571098,-0.000526141314307464,-0.0490548672528586));
#4308=CARTESIAN_POINT('',(-0.007129878263358,-0.000853682909577279,-0.0490923672528587));
#4309=CARTESIAN_POINT('',(-0.00762275232100502,-0.00118122450484709,-0.0491298672528587));
#4310=CARTESIAN_POINT('',(-0.00815284869212827,-0.000918153847693364,-0.0491673672528587));
#4311=CARTESIAN_POINT('',(-0.00868294506325152,-0.000655083190539635,-0.0492048672528587));
#4312=CARTESIAN_POINT('',(-0.00872016737672775,-6.44709381160926E-5,-0.0492423672528587));
#4313=CARTESIAN_POINT('',(-0.00875738969020397,0.00052614131430745,-0.0492798672528586));
#4314=CARTESIAN_POINT('',(-0.00826451563255696,0.000853682909577264,-0.0493173672528587));
#4315=CARTESIAN_POINT('',(-0.00777164157490994,0.00118122450484708,-0.0493548672528587));
#4316=CARTESIAN_POINT('',(-0.00724154520378669,0.00091815384769335,-0.0493923672528587));
#4317=CARTESIAN_POINT('',(-0.00671144883266343,0.000655083190539621,-0.0494298672528587));
#4318=CARTESIAN_POINT('',(-0.00667422651918721,6.44709381160779E-5,-0.0494673672528587));
#4319=CARTESIAN_POINT('',(-0.00663700420571098,-0.000526141314307464,-0.0495048672528586));
#4320=CARTESIAN_POINT('',(-0.007129878263358,-0.000853682909577279,-0.0495423672528587));
#4321=CARTESIAN_POINT('',(-0.00762275232100502,-0.00118122450484709,-0.0495798672528587));
#4322=CARTESIAN_POINT('',(-0.00815284869212827,-0.000918153847693364,-0.0496173672528587));
#4323=CARTESIAN_POINT('',(-0.00868294506325152,-0.000655083190539635,-0.0496548672528586));
#4324=CARTESIAN_POINT('',(-0.00872016737672775,-6.44709381160927E-5,-0.0496923672528587));
#4325=CARTESIAN_POINT('',(-0.00875738969020397,0.00052614131430745,-0.0497298672528586));
#4326=CARTESIAN_POINT('',(-0.00826451563255696,0.000853682909577264,-0.0497673672528587));
#4327=CARTESIAN_POINT('',(-0.00777164157490994,0.00118122450484708,-0.0498048672528587));
#4328=CARTESIAN_POINT('',(-0.00724154520378669,0.00091815384769335,-0.0498423672528587));
#4329=CARTESIAN_POINT('',(-0.00671144883266343,0.000655083190539621,-0.0498798672528587));
#4330=CARTESIAN_POINT('',(-0.00667422651918721,6.44709381160779E-5,-0.0499173672528587));
#4331=CARTESIAN_POINT('',(-0.00663700420571098,-0.000526141314307464,-0.0499548672528586));
#4332=CARTESIAN_POINT('',(-0.007129878263358,-0.000853682909577279,-0.0499923672528587));
#4333=CARTESIAN_POINT('',(-0.00762275232100502,-0.00118122450484709,-0.0500298672528587));
#4334=CARTESIAN_POINT('',(-0.00815284869212827,-0.000918153847693364,-0.0500673672528587));
#4335=CARTESIAN_POINT('',(-0.00868294506325152,-0.000655083190539635,-0.0501048672528586));
#4336=CARTESIAN_POINT('',(-0.00872016737672775,-6.44709381160927E-5,-0.0501423672528587));
#4337=CARTESIAN_POINT('',(-0.00875738969020397,0.00052614131430745,-0.0501798672528586));
#4338=CARTESIAN_POINT('',(-0.00826451563255696,0.000853682909577264,-0.0502173672528587));
#4339=CARTESIAN_POINT('',(-0.00777164157490994,0.00118122450484708,-0.0502548672528587));
#4340=CARTESIAN_POINT('',(-0.00724154520378669,0.00091815384769335,-0.0502923672528587));
#4341=CARTESIAN_POINT('',(-0.00671144883266343,0.000655083190539621,-0.0503298672528586));
#4342=CARTESIAN_POINT('',(-0.00667422651918721,6.44709381160779E-5,-0.0503673672528587));
#4343=CARTESIAN_POINT('',(-0.00663700420571098,-0.000526141314307464,-0.0504048672528586));
#4344=CARTESIAN_POINT('',(-0.007129878263358,-0.000853682909577279,-0.0504423672528587));
#4345=CARTESIAN_POINT('',(-0.00762275232100502,-0.00118122450484709,-0.0504798672528587));
#4346=CARTESIAN_POINT('',(-0.00815284869212827,-0.000918153847693364,-0.0505173672528587));
#4347=CARTESIAN_POINT('',(-0.00868294506325152,-0.000655083190539635,-0.0505548672528586));
#4348=CARTESIAN_POINT('',(-0.00872016737672775,-6.44709381160927E-5,-0.0505923672528587));
#4349=CARTESIAN_POINT('',(-0.00875738969020397,0.00052614131430745,-0.0506298672528586));
#4350=CARTESIAN_POINT('',(-0.00826451563255696,0.000853682909577264,-0.0506673672528587));
#4351=CARTESIAN_POINT('',(-0.00777164157490994,0.00118122450484708,-0.0507048672528587));
#4352=CARTESIAN_POINT('',(-0.00724154520378669,0.00091815384769335,-0.0507423672528587));
#4353=CARTESIAN_POINT('',(-0.00671144883266343,0.000655083190539621,-0.0507798672528586));
#4354=CARTESIAN_POINT('',(-0.00667422651918721,6.44709381160778E-5,-0.0508173672528587));
#4355=CARTESIAN_POINT('',(-0.00663700420571098,-0.000526141314307465,-0.0508548672528586));
#4356=CARTESIAN_POINT('',(-0.007129878263358,-0.000853682909577279,-0.0508923672528587));
#4357=CARTESIAN_POINT('',(-0.00762275232100502,-0.00118122450484709,-0.0509298672528587));
#4358=CARTESIAN_POINT('',(-0.00815284869212827,-0.000918153847693364,-0.0509673672528587));
#4359=CARTESIAN_POINT('',(-0.00868294506325152,-0.000655083190539635,-0.0510048672528586));
#4360=CARTESIAN_POINT('',(-0.00872016737672775,-6.44709381160927E-5,-0.0510423672528587));
#4361=CARTESIAN_POINT('',(-0.00875738969020397,0.00052614131430745,-0.0510798672528587));
#4362=CARTESIAN_POINT('',(-0.00826451563255696,0.000853682909577264,-0.0511173672528587));
#4363=CARTESIAN_POINT('',(-0.00777164157490994,0.00118122450484708,-0.0511548672528587));
#4364=CARTESIAN_POINT('',(-0.00724154520378669,0.00091815384769335,-0.0511923672528587));
#4365=CARTESIAN_POINT('',(-0.00671144883266343,0.000655083190539621,-0.0512298672528586));
#4366=CARTESIAN_POINT('',(-0.00667422651918721,6.44709381160778E-5,-0.0512673672528587));
#4367=CARTESIAN_POINT('',(-0.00663700420571098,-0.000526141314307465,-0.0513048672528586));
#4368=CARTESIAN_POINT('',(-0.007129878263358,-0.000853682909577279,-0.0513423672528587));
#4369=CARTESIAN_POINT('',(-0.00762275232100502,-0.00118122450484709,-0.0513798672528587));
#4370=CARTESIAN_POINT('',(-0.00815284869212827,-0.000918153847693364,-0.0514173672528587));
#4371=CARTESIAN_POINT('',(-0.00868294506325152,-0.000655083190539635,-0.0514548672528586));
#4372=CARTESIAN_POINT('',(-0.00872016737672775,-6.44709381160928E-5,-0.0514923672528587));
#4373=CARTESIAN_POINT('',(-0.00875738969020397,0.00052614131430745,-0.0515298672528586));
#4374=CARTESIAN_POINT('',(-0.00826451563255696,0.000853682909577264,-0.0515673672528587));
#4375=CARTESIAN_POINT('',(-0.0081957522985934,0.000899379881761231,-0.0515725990661051));
#4376=CARTESIAN_POINT('',(-0.00812056126773991,0.000933481468876134,-0.0515782469016115));
#4377=CARTESIAN_POINT('',(-0.00834010640809674,0.000444185576160435,-0.0514));
#4378=CARTESIAN_POINT('',(-0.0085497801405254,0.000226934195782139,-0.0514));
#4379=CARTESIAN_POINT('',(-0.00866846196057379,-0.000443945543276246,-0.0514));
#4380=CARTESIAN_POINT('',(-0.00819468379413261,-0.000905015812457973,-0.0514));
#4381=CARTESIAN_POINT('',(-0.00790969499739474,-0.00100273106014792,-0.0514));
#4382=CARTESIAN_POINT('',(-0.00834010640810245,0.000444185576152157,-0.051399999999999));
#4383=CARTESIAN_POINT('',(-0.00691731387917861,4.91507786060447E-5,-0.0448267422528586));
#4384=CARTESIAN_POINT('',(-0.00688893666391952,-0.000401114921089869,-0.0448642422528587));
#4385=CARTESIAN_POINT('',(-0.00726468959067942,-0.000650823160240852,-0.0449017422528586));
#4386=CARTESIAN_POINT('',(-0.00764044251743931,-0.000900531399391835,-0.0449392422528587));
#4387=CARTESIAN_POINT('',(-0.00804457265945829,-0.000699973938846904,-0.0449767422528587));
#4388=CARTESIAN_POINT('',(-0.00844870280147727,-0.000499416478301973,-0.0450142422528586));
#4389=CARTESIAN_POINT('',(-0.00847708001673635,-4.91507786060588E-5,-0.0450517422528587));
#4390=CARTESIAN_POINT('',(-0.00850545723199543,0.000401114921089855,-0.0450892422528587));
#4391=CARTESIAN_POINT('',(-0.00812970430523554,0.000650823160240838,-0.0451267422528587));
#4392=CARTESIAN_POINT('',(-0.00775395137847565,0.00090053139939182,-0.0451642422528587));
#4393=CARTESIAN_POINT('',(-0.00734982123645667,0.00069997393884689,-0.0452017422528587));
#4394=CARTESIAN_POINT('',(-0.00694569109443769,0.000499416478301959,-0.0452392422528586));
#4395=CARTESIAN_POINT('',(-0.00691731387917861,4.91507786060448E-5,-0.0452767422528587));
#4396=CARTESIAN_POINT('',(-0.00688893666391952,-0.000401114921089868,-0.0453142422528587));
#4397=CARTESIAN_POINT('',(-0.00726468959067942,-0.000650823160240852,-0.0453517422528587));
#4398=CARTESIAN_POINT('',(-0.00764044251743931,-0.000900531399391834,-0.0453892422528587));
#4399=CARTESIAN_POINT('',(-0.00804457265945829,-0.000699973938846904,-0.0454267422528587));
#4400=CARTESIAN_POINT('',(-0.00844870280147727,-0.000499416478301974,-0.0454642422528586));
#4401=CARTESIAN_POINT('',(-0.00847708001673635,-4.91507786060591E-5,-0.0455017422528587));
#4402=CARTESIAN_POINT('',(-0.00850545723199543,0.000401114921089854,-0.0455392422528587));
#4403=CARTESIAN_POINT('',(-0.00812970430523554,0.000650823160240837,-0.0455767422528587));
#4404=CARTESIAN_POINT('',(-0.00775395137847565,0.00090053139939182,-0.0456142422528587));
#4405=CARTESIAN_POINT('',(-0.00734982123645667,0.00069997393884689,-0.0456517422528587));
#4406=CARTESIAN_POINT('',(-0.00694569109443769,0.000499416478301959,-0.0456892422528586));
#4407=CARTESIAN_POINT('',(-0.00691731387917861,4.9150778606045E-5,-0.0457267422528587));
#4408=CARTESIAN_POINT('',(-0.00688893666391952,-0.000401114921089868,-0.0457642422528587));
#4409=CARTESIAN_POINT('',(-0.00726468959067942,-0.000650823160240852,-0.0458017422528587));
#4410=CARTESIAN_POINT('',(-0.00764044251743931,-0.000900531399391834,-0.0458392422528587));
#4411=CARTESIAN_POINT('',(-0.00804457265945829,-0.000699973938846904,-0.0458767422528587));
#4412=CARTESIAN_POINT('',(-0.00844870280147727,-0.000499416478301974,-0.0459142422528586));
#4413=CARTESIAN_POINT('',(-0.00847708001673635,-4.91507786060607E-5,-0.0459517422528587));
#4414=CARTESIAN_POINT('',(-0.00850545723199543,0.000401114921089854,-0.0459892422528587));
#4415=CARTESIAN_POINT('',(-0.00812970430523554,0.000650823160240837,-0.0460267422528587));
#4416=CARTESIAN_POINT('',(-0.00775395137847565,0.00090053139939182,-0.0460642422528587));
#4417=CARTESIAN_POINT('',(-0.00734982123645667,0.000699973938846891,-0.0461017422528587));
#4418=CARTESIAN_POINT('',(-0.00694569109443769,0.000499416478301961,-0.0461392422528586));
#4419=CARTESIAN_POINT('',(-0.00691731387917861,4.91507786060452E-5,-0.0461767422528587));
#4420=CARTESIAN_POINT('',(-0.00688893666391952,-0.000401114921089868,-0.0462142422528587));
#4421=CARTESIAN_POINT('',(-0.00726468959067942,-0.000650823160240852,-0.0462517422528587));
#4422=CARTESIAN_POINT('',(-0.00764044251743931,-0.000900531399391835,-0.0462892422528586));
#4423=CARTESIAN_POINT('',(-0.00804457265945829,-0.000699973938846905,-0.0463267422528587));
#4424=CARTESIAN_POINT('',(-0.00844870280147727,-0.000499416478301976,-0.0463642422528586));
#4425=CARTESIAN_POINT('',(-0.00847708001673635,-4.91507786060595E-5,-0.0464017422528587));
#4426=CARTESIAN_POINT('',(-0.00850545723199543,0.000401114921089854,-0.0464392422528587));
#4427=CARTESIAN_POINT('',(-0.00812970430523554,0.000650823160240837,-0.0464767422528587));
#4428=CARTESIAN_POINT('',(-0.00775395137847565,0.00090053139939182,-0.0465142422528587));
#4429=CARTESIAN_POINT('',(-0.00734982123645667,0.000699973938846891,-0.0465517422528587));
#4430=CARTESIAN_POINT('',(-0.00694569109443769,0.000499416478301961,-0.0465892422528586));
#4431=CARTESIAN_POINT('',(-0.00691731387917861,4.91507786060453E-5,-0.0466267422528587));
#4432=CARTESIAN_POINT('',(-0.00688893666391952,-0.000401114921089868,-0.0466642422528587));
#4433=CARTESIAN_POINT('',(-0.00726468959067942,-0.000650823160240851,-0.0467017422528587));
#4434=CARTESIAN_POINT('',(-0.00764044251743931,-0.000900531399391835,-0.0467392422528586));
#4435=CARTESIAN_POINT('',(-0.00804457265945829,-0.000699973938846905,-0.0467767422528587));
#4436=CARTESIAN_POINT('',(-0.00844870280147727,-0.000499416478301976,-0.0468142422528586));
#4437=CARTESIAN_POINT('',(-0.00847708001673635,-4.91507786060625E-5,-0.0468517422528587));
#4438=CARTESIAN_POINT('',(-0.00850545723199543,0.000401114921089854,-0.0468892422528587));
#4439=CARTESIAN_POINT('',(-0.00812970430523554,0.000650823160240837,-0.0469267422528587));
#4440=CARTESIAN_POINT('',(-0.00775395137847565,0.00090053139939182,-0.0469642422528586));
#4441=CARTESIAN_POINT('',(-0.00734982123645667,0.000699973938846891,-0.0470017422528587));
#4442=CARTESIAN_POINT('',(-0.00694569109443769,0.000499416478301962,-0.0470392422528586));
#4443=CARTESIAN_POINT('',(-0.00691731387917861,4.91507786060483E-5,-0.0470767422528587));
#4444=CARTESIAN_POINT('',(-0.00688893666391952,-0.000401114921089868,-0.0471142422528587));
#4445=CARTESIAN_POINT('',(-0.00726468959067942,-0.000650823160240851,-0.0471517422528587));
#4446=CARTESIAN_POINT('',(-0.00764044251743931,-0.000900531399391834,-0.0471892422528586));
#4447=CARTESIAN_POINT('',(-0.00804457265945829,-0.000699973938846905,-0.0472267422528587));
#4448=CARTESIAN_POINT('',(-0.00844870280147727,-0.000499416478301973,-0.0472642422528586));
#4449=CARTESIAN_POINT('',(-0.00847708001673635,-4.91507786060627E-5,-0.0473017422528587));
#4450=CARTESIAN_POINT('',(-0.00850545723199543,0.000401114921089853,-0.0473392422528587));
#4451=CARTESIAN_POINT('',(-0.00812970430523555,0.000650823160240835,-0.0473767422528587));
#4452=CARTESIAN_POINT('',(-0.00775395137847565,0.00090053139939182,-0.0474142422528586));
#4453=CARTESIAN_POINT('',(-0.00734982123645667,0.000699973938846892,-0.0474517422528587));
#4454=CARTESIAN_POINT('',(-0.00694569109443769,0.000499416478301962,-0.0474892422528587));
#4455=CARTESIAN_POINT('',(-0.00691731387917861,4.91507786060457E-5,-0.0475267422528587));
#4456=CARTESIAN_POINT('',(-0.00688893666391952,-0.000401114921089865,-0.0475642422528587));
#4457=CARTESIAN_POINT('',(-0.00726468959067942,-0.000650823160240851,-0.0476017422528587));
#4458=CARTESIAN_POINT('',(-0.00764044251743931,-0.000900531399391834,-0.0476392422528586));
#4459=CARTESIAN_POINT('',(-0.00804457265945829,-0.000699973938846906,-0.0476767422528587));
#4460=CARTESIAN_POINT('',(-0.00844870280147727,-0.000499416478301973,-0.0477142422528586));
#4461=CARTESIAN_POINT('',(-0.00847708001673635,-4.91507786060629E-5,-0.0477517422528587));
#4462=CARTESIAN_POINT('',(-0.00850545723199543,0.000401114921089853,-0.0477892422528587));
#4463=CARTESIAN_POINT('',(-0.00812970430523555,0.000650823160240835,-0.0478267422528587));
#4464=CARTESIAN_POINT('',(-0.00775395137847565,0.00090053139939182,-0.0478642422528586));
#4465=CARTESIAN_POINT('',(-0.00734982123645667,0.000699973938846892,-0.0479017422528587));
#4466=CARTESIAN_POINT('',(-0.00694569109443769,0.000499416478301962,-0.0479392422528587));
#4467=CARTESIAN_POINT('',(-0.00691731387917861,4.91507786060458E-5,-0.0479767422528587));
#4468=CARTESIAN_POINT('',(-0.00688893666391952,-0.000401114921089865,-0.0480142422528587));
#4469=CARTESIAN_POINT('',(-0.00726468959067942,-0.000650823160240851,-0.0480517422528587));
#4470=CARTESIAN_POINT('',(-0.00764044251743931,-0.000900531399391834,-0.0480892422528586));
#4471=CARTESIAN_POINT('',(-0.00804457265945829,-0.000699973938846906,-0.0481267422528587));
#4472=CARTESIAN_POINT('',(-0.00844870280147727,-0.000499416478301979,-0.0481642422528587));
#4473=CARTESIAN_POINT('',(-0.00847708001673635,-4.91507786060631E-5,-0.0482017422528587));
#4474=CARTESIAN_POINT('',(-0.00850545723199543,0.000401114921089853,-0.0482392422528587));
#4475=CARTESIAN_POINT('',(-0.00812970430523555,0.000650823160240835,-0.0482767422528587));
#4476=CARTESIAN_POINT('',(-0.00775395137847565,0.00090053139939182,-0.0483142422528586));
#4477=CARTESIAN_POINT('',(-0.00734982123645667,0.000699973938846892,-0.0483517422528587));
#4478=CARTESIAN_POINT('',(-0.00694569109443769,0.000499416478301962,-0.0483892422528587));
#4479=CARTESIAN_POINT('',(-0.00691731387917861,4.9150778606046E-5,-0.0484267422528587));
#4480=CARTESIAN_POINT('',(-0.00688893666391952,-0.000401114921089864,-0.0484642422528587));
#4481=CARTESIAN_POINT('',(-0.00726468959067942,-0.000650823160240851,-0.0485017422528587));
#4482=CARTESIAN_POINT('',(-0.00764044251743931,-0.000900531399391834,-0.0485392422528586));
#4483=CARTESIAN_POINT('',(-0.00804457265945829,-0.000699973938846906,-0.0485767422528587));
#4484=CARTESIAN_POINT('',(-0.00844870280147727,-0.000499416478301979,-0.0486142422528586));
#4485=CARTESIAN_POINT('',(-0.00847708001673635,-4.91507786060634E-5,-0.0486517422528587));
#4486=CARTESIAN_POINT('',(-0.00850545723199543,0.000401114921089853,-0.0486892422528587));
#4487=CARTESIAN_POINT('',(-0.00812970430523555,0.000650823160240835,-0.0487267422528587));
#4488=CARTESIAN_POINT('',(-0.00775395137847565,0.00090053139939182,-0.0487642422528586));
#4489=CARTESIAN_POINT('',(-0.00734982123645667,0.000699973938846892,-0.0488017422528587));
#4490=CARTESIAN_POINT('',(-0.00694569109443769,0.000499416478301962,-0.0488392422528587));
#4491=CARTESIAN_POINT('',(-0.00691731387917861,4.91507786060517E-5,-0.0488767422528587));
#4492=CARTESIAN_POINT('',(-0.00688893666391952,-0.000401114921089864,-0.0489142422528587));
#4493=CARTESIAN_POINT('',(-0.00726468959067941,-0.000650823160240851,-0.0489517422528587));
#4494=CARTESIAN_POINT('',(-0.00764044251743931,-0.000900531399391834,-0.0489892422528586));
#4495=CARTESIAN_POINT('',(-0.00804457265945829,-0.000699973938846906,-0.0490267422528587));
#4496=CARTESIAN_POINT('',(-0.00844870280147727,-0.000499416478301979,-0.0490642422528587));
#4497=CARTESIAN_POINT('',(-0.00847708001673635,-4.91507786060636E-5,-0.0491017422528587));
#4498=CARTESIAN_POINT('',(-0.00850545723199544,0.000401114921089847,-0.0491392422528586));
#4499=CARTESIAN_POINT('',(-0.00812970430523555,0.000650823160240835,-0.0491767422528587));
#4500=CARTESIAN_POINT('',(-0.00775395137847565,0.00090053139939182,-0.0492142422528586));
#4501=CARTESIAN_POINT('',(-0.00734982123645667,0.000699973938846893,-0.0492517422528587));
#4502=CARTESIAN_POINT('',(-0.00694569109443769,0.000499416478301962,-0.0492892422528587));
#4503=CARTESIAN_POINT('',(-0.00691731387917861,4.91507786060519E-5,-0.0493267422528587));
#4504=CARTESIAN_POINT('',(-0.00688893666391952,-0.000401114921089864,-0.0493642422528586));
#4505=CARTESIAN_POINT('',(-0.00726468959067941,-0.000650823160240851,-0.0494017422528587));
#4506=CARTESIAN_POINT('',(-0.00764044251743931,-0.000900531399391834,-0.0494392422528586));
#4507=CARTESIAN_POINT('',(-0.00804457265945829,-0.000699973938846906,-0.0494767422528587));
#4508=CARTESIAN_POINT('',(-0.00844870280147727,-0.000499416478301974,-0.0495142422528587));
#4509=CARTESIAN_POINT('',(-0.00847708001673635,-4.91507786060693E-5,-0.0495517422528587));
#4510=CARTESIAN_POINT('',(-0.00850545723199544,0.000401114921089846,-0.0495892422528587));
#4511=CARTESIAN_POINT('',(-0.00812970430523555,0.000650823160240835,-0.0496267422528587));
#4512=CARTESIAN_POINT('',(-0.00775395137847565,0.00090053139939182,-0.0496642422528586));
#4513=CARTESIAN_POINT('',(-0.00734982123645667,0.00069997393884689,-0.0497017422528587));
#4514=CARTESIAN_POINT('',(-0.0069456910944377,0.000499416478301968,-0.0497392422528587));
#4515=CARTESIAN_POINT('',(-0.00691731387917861,4.9150778606052E-5,-0.0497767422528587));
#4516=CARTESIAN_POINT('',(-0.00688893666391952,-0.000401114921089864,-0.0498142422528586));
#4517=CARTESIAN_POINT('',(-0.00726468959067941,-0.000650823160240851,-0.0498517422528587));
#4518=CARTESIAN_POINT('',(-0.00764044251743931,-0.000900531399391835,-0.0498892422528586));
#4519=CARTESIAN_POINT('',(-0.00804457265945828,-0.000699973938846909,-0.0499267422528587));
#4520=CARTESIAN_POINT('',(-0.00844870280147727,-0.00049941647830198,-0.0499642422528587));
#4521=CARTESIAN_POINT('',(-0.00847708001673635,-4.9150778606064E-5,-0.0500017422528587));
#4522=CARTESIAN_POINT('',(-0.00850545723199543,0.000401114921089852,-0.0500392422528586));
#4523=CARTESIAN_POINT('',(-0.00812970430523555,0.000650823160240832,-0.0500767422528587));
#4524=CARTESIAN_POINT('',(-0.00775395137847566,0.00090053139939182,-0.0501142422528586));
#4525=CARTESIAN_POINT('',(-0.00734982123645667,0.000699973938846893,-0.0501517422528587));
#4526=CARTESIAN_POINT('',(-0.00694569109443769,0.000499416478301962,-0.0501892422528587));
#4527=CARTESIAN_POINT('',(-0.00691731387917861,4.91507786060466E-5,-0.0502267422528587));
#4528=CARTESIAN_POINT('',(-0.00688893666391951,-0.000401114921089858,-0.0502642422528586));
#4529=CARTESIAN_POINT('',(-0.00726468959067941,-0.000650823160240848,-0.0503017422528587));
#4530=CARTESIAN_POINT('',(-0.00764044251743931,-0.000900531399391835,-0.0503392422528586));
#4531=CARTESIAN_POINT('',(-0.00804457265945829,-0.000699973938846906,-0.0503767422528587));
#4532=CARTESIAN_POINT('',(-0.00844870280147727,-0.000499416478301975,-0.0504142422528587));
#4533=CARTESIAN_POINT('',(-0.00847708001673635,-4.91507786060698E-5,-0.0504517422528587));
#4534=CARTESIAN_POINT('',(-0.00850545723199544,0.000401114921089846,-0.0504892422528586));
#4535=CARTESIAN_POINT('',(-0.00812970430523555,0.000650823160240834,-0.0505267422528587));
#4536=CARTESIAN_POINT('',(-0.00775395137847565,0.00090053139939182,-0.0505642422528587));
#4537=CARTESIAN_POINT('',(-0.00734982123645667,0.00069997393884689,-0.0506017422528587));
#4538=CARTESIAN_POINT('',(-0.0069456910944377,0.000499416478301968,-0.0506392422528587));
#4539=CARTESIAN_POINT('',(-0.00691731387917861,4.91507786060524E-5,-0.0506767422528587));
#4540=CARTESIAN_POINT('',(-0.00688893666391952,-0.000401114921089864,-0.0507142422528586));
#4541=CARTESIAN_POINT('',(-0.00726468959067941,-0.000650823160240851,-0.0507517422528587));
#4542=CARTESIAN_POINT('',(-0.00764044251743929,-0.000900531399391834,-0.0507892422528586));
#4543=CARTESIAN_POINT('',(-0.00804457265945828,-0.000699973938846909,-0.0508267422528587));
#4544=CARTESIAN_POINT('',(-0.00844870280147727,-0.00049941647830198,-0.0508642422528587));
#4545=CARTESIAN_POINT('',(-0.00847708001673635,-4.91507786060644E-5,-0.0509017422528587));
#4546=CARTESIAN_POINT('',(-0.00850545723199543,0.000401114921089851,-0.0509392422528586));
#4547=CARTESIAN_POINT('',(-0.00812970430523555,0.000650823160240831,-0.0509767422528587));
#4548=CARTESIAN_POINT('',(-0.00775395137847566,0.00090053139939182,-0.0510142422528587));
#4549=CARTESIAN_POINT('',(-0.00734982123645667,0.000699973938846893,-0.0510517422528587));
#4550=CARTESIAN_POINT('',(-0.00694569109443769,0.000499416478301963,-0.0510892422528587));
#4551=CARTESIAN_POINT('',(-0.00691731387917861,4.9150778606047E-5,-0.0511267422528587));
#4552=CARTESIAN_POINT('',(-0.00688893666391951,-0.000401114921089858,-0.0511642422528586));
#4553=CARTESIAN_POINT('',(-0.00726468959067941,-0.000650823160240848,-0.0512017422528587));
#4554=CARTESIAN_POINT('',(-0.00764044251743931,-0.000900531399391834,-0.0512392422528587));
#4555=CARTESIAN_POINT('',(-0.00804457265945829,-0.000699973938846906,-0.0512767422528587));
#4556=CARTESIAN_POINT('',(-0.00844870280147727,-0.000499416478301975,-0.0513142422528587));
#4557=CARTESIAN_POINT('',(-0.00847708001673635,-4.91507786060702E-5,-0.0513517422528587));
#4558=CARTESIAN_POINT('',(-0.00850545723199544,0.000401114921089846,-0.0513892422528586));
#4559=CARTESIAN_POINT('',(-0.00812970430523555,0.000650823160240834,-0.0514267422528587));
#4560=CARTESIAN_POINT('',(-0.00775395137847565,0.00090053139939182,-0.0514642422528587));
#4561=CARTESIAN_POINT('',(-0.00734982123645668,0.000699973938846895,-0.0515017422528587));
#4562=CARTESIAN_POINT('',(-0.0069456910944377,0.000499416478301968,-0.0515392422528587));
#4563=CARTESIAN_POINT('',(-0.00691731387917861,4.91507786060527E-5,-0.0515767422528587));
#4564=CARTESIAN_POINT('',(-0.00688893666391952,-0.000401114921089863,-0.0516142422528586));
#4565=CARTESIAN_POINT('',(-0.00726468959067941,-0.000650823160240851,-0.0516517422528587));
#4566=CARTESIAN_POINT('',(-0.00764044251743929,-0.000900531399391834,-0.0516892422528587));
#4567=CARTESIAN_POINT('',(-0.00804457265945828,-0.000699973938846909,-0.0517267422528587));
#4568=CARTESIAN_POINT('',(-0.00844870280147727,-0.000499416478301981,-0.0517642422528587));
#4569=CARTESIAN_POINT('',(-0.00847708001673635,-4.91507786060649E-5,-0.0518017422528587));
#4570=CARTESIAN_POINT('',(-0.00850545723199543,0.000401114921089851,-0.0518392422528586));
#4571=CARTESIAN_POINT('',(-0.00812970430523555,0.000650823160240831,-0.0518767422528587));
#4572=CARTESIAN_POINT('',(-0.00775395137847566,0.000900531399391819,-0.0519142422528587));
#4573=CARTESIAN_POINT('',(-0.00734982123645667,0.000699973938846893,-0.0519517422528587));
#4574=CARTESIAN_POINT('',(-0.00694569109443769,0.000499416478301963,-0.0519892422528586));
#4575=CARTESIAN_POINT('',(-0.00691731387917861,4.91507786060473E-5,-0.0520267422528587));
#4576=CARTESIAN_POINT('',(-0.00769719694795748,-7.03686564783901E-18,-0.045));
#4577=CARTESIAN_POINT('',(-0.00769719694795748,-7.42875262356617E-18,-0.0514));
#4578=CARTESIAN_POINT('',(-0.0072433679339004,0.000636138841767661,-0.0514));
#4579=CARTESIAN_POINT('',(-0.00691731387917861,4.91507786060447E-5,-0.0447142422528586));
#4580=CARTESIAN_POINT('',(-0.00688893666391952,-0.000401114921089869,-0.0447517422528586));
#4581=CARTESIAN_POINT('',(-0.00726468959067942,-0.000650823160240852,-0.0447892422528587));
#4582=CARTESIAN_POINT('',(-0.00764044251743931,-0.000900531399391835,-0.0448267422528587));
#4583=CARTESIAN_POINT('',(-0.00804457265945829,-0.000699973938846904,-0.0448642422528586));
#4584=CARTESIAN_POINT('',(-0.00844870280147727,-0.000499416478301973,-0.0449017422528586));
#4585=CARTESIAN_POINT('',(-0.00847708001673635,-4.91507786060588E-5,-0.0449392422528586));
#4586=CARTESIAN_POINT('',(-0.00850545723199543,0.000401114921089855,-0.0449767422528587));
#4587=CARTESIAN_POINT('',(-0.00812970430523554,0.000650823160240838,-0.0450142422528587));
#4588=CARTESIAN_POINT('',(-0.00775395137847565,0.00090053139939182,-0.0450517422528587));
#4589=CARTESIAN_POINT('',(-0.00734982123645667,0.00069997393884689,-0.0450892422528587));
#4590=CARTESIAN_POINT('',(-0.00694569109443769,0.000499416478301959,-0.0451267422528586));
#4591=CARTESIAN_POINT('',(-0.00691731387917861,4.91507786060449E-5,-0.0451642422528587));
#4592=CARTESIAN_POINT('',(-0.00688893666391952,-0.000401114921089868,-0.0452017422528587));
#4593=CARTESIAN_POINT('',(-0.00726468959067942,-0.000650823160240852,-0.0452392422528587));
#4594=CARTESIAN_POINT('',(-0.00764044251743931,-0.000900531399391834,-0.0452767422528587));
#4595=CARTESIAN_POINT('',(-0.00804457265945829,-0.000699973938846904,-0.0453142422528587));
#4596=CARTESIAN_POINT('',(-0.00844870280147727,-0.000499416478301974,-0.0453517422528586));
#4597=CARTESIAN_POINT('',(-0.00847708001673635,-4.91507786060591E-5,-0.0453892422528587));
#4598=CARTESIAN_POINT('',(-0.00850545723199543,0.000401114921089854,-0.0454267422528586));
#4599=CARTESIAN_POINT('',(-0.00812970430523554,0.000650823160240837,-0.0454642422528587));
#4600=CARTESIAN_POINT('',(-0.00775395137847565,0.00090053139939182,-0.0455017422528587));
#4601=CARTESIAN_POINT('',(-0.00734982123645667,0.00069997393884689,-0.0455392422528587));
#4602=CARTESIAN_POINT('',(-0.00694569109443769,0.000499416478301959,-0.0455767422528586));
#4603=CARTESIAN_POINT('',(-0.00691731387917861,4.9150778606045E-5,-0.0456142422528587));
#4604=CARTESIAN_POINT('',(-0.00688893666391952,-0.000401114921089868,-0.0456517422528587));
#4605=CARTESIAN_POINT('',(-0.00726468959067942,-0.000650823160240852,-0.0456892422528587));
#4606=CARTESIAN_POINT('',(-0.00764044251743931,-0.000900531399391834,-0.0457267422528587));
#4607=CARTESIAN_POINT('',(-0.00804457265945829,-0.000699973938846904,-0.0457642422528587));
#4608=CARTESIAN_POINT('',(-0.00844870280147727,-0.000499416478301974,-0.0458017422528586));
#4609=CARTESIAN_POINT('',(-0.00847708001673635,-4.91507786060607E-5,-0.0458392422528587));
#4610=CARTESIAN_POINT('',(-0.00850545723199543,0.000401114921089854,-0.0458767422528587));
#4611=CARTESIAN_POINT('',(-0.00812970430523554,0.000650823160240837,-0.0459142422528587));
#4612=CARTESIAN_POINT('',(-0.00775395137847565,0.00090053139939182,-0.0459517422528587));
#4613=CARTESIAN_POINT('',(-0.00734982123645667,0.000699973938846891,-0.0459892422528587));
#4614=CARTESIAN_POINT('',(-0.00694569109443769,0.000499416478301961,-0.0460267422528586));
#4615=CARTESIAN_POINT('',(-0.00691731387917861,4.91507786060452E-5,-0.0460642422528587));
#4616=CARTESIAN_POINT('',(-0.00688893666391952,-0.000401114921089868,-0.0461017422528587));
#4617=CARTESIAN_POINT('',(-0.00726468959067942,-0.000650823160240852,-0.0461392422528587));
#4618=CARTESIAN_POINT('',(-0.00764044251743931,-0.000900531399391835,-0.0461767422528586));
#4619=CARTESIAN_POINT('',(-0.00804457265945829,-0.000699973938846905,-0.0462142422528587));
#4620=CARTESIAN_POINT('',(-0.00844870280147727,-0.000499416478301976,-0.0462517422528586));
#4621=CARTESIAN_POINT('',(-0.00847708001673635,-4.91507786060595E-5,-0.0462892422528587));
#4622=CARTESIAN_POINT('',(-0.00850545723199543,0.000401114921089854,-0.0463267422528587));
#4623=CARTESIAN_POINT('',(-0.00812970430523554,0.000650823160240837,-0.0463642422528587));
#4624=CARTESIAN_POINT('',(-0.00775395137847565,0.00090053139939182,-0.0464017422528586));
#4625=CARTESIAN_POINT('',(-0.00734982123645667,0.000699973938846891,-0.0464392422528587));
#4626=CARTESIAN_POINT('',(-0.00694569109443769,0.000499416478301961,-0.0464767422528586));
#4627=CARTESIAN_POINT('',(-0.00691731387917861,4.91507786060453E-5,-0.0465142422528587));
#4628=CARTESIAN_POINT('',(-0.00688893666391952,-0.000401114921089868,-0.0465517422528587));
#4629=CARTESIAN_POINT('',(-0.00726468959067942,-0.000650823160240851,-0.0465892422528587));
#4630=CARTESIAN_POINT('',(-0.00764044251743931,-0.000900531399391835,-0.0466267422528586));
#4631=CARTESIAN_POINT('',(-0.00804457265945829,-0.000699973938846905,-0.0466642422528587));
#4632=CARTESIAN_POINT('',(-0.00844870280147727,-0.000499416478301976,-0.0467017422528586));
#4633=CARTESIAN_POINT('',(-0.00847708001673635,-4.91507786060625E-5,-0.0467392422528587));
#4634=CARTESIAN_POINT('',(-0.00850545723199543,0.000401114921089854,-0.0467767422528587));
#4635=CARTESIAN_POINT('',(-0.00812970430523554,0.000650823160240837,-0.0468142422528587));
#4636=CARTESIAN_POINT('',(-0.00775395137847565,0.00090053139939182,-0.0468517422528586));
#4637=CARTESIAN_POINT('',(-0.00734982123645667,0.000699973938846891,-0.0468892422528587));
#4638=CARTESIAN_POINT('',(-0.00694569109443769,0.000499416478301962,-0.0469267422528587));
#4639=CARTESIAN_POINT('',(-0.00691731387917861,4.91507786060483E-5,-0.0469642422528587));
#4640=CARTESIAN_POINT('',(-0.00688893666391952,-0.000401114921089868,-0.0470017422528587));
#4641=CARTESIAN_POINT('',(-0.00726468959067942,-0.000650823160240851,-0.0470392422528587));
#4642=CARTESIAN_POINT('',(-0.00764044251743931,-0.000900531399391834,-0.0470767422528586));
#4643=CARTESIAN_POINT('',(-0.00804457265945829,-0.000699973938846905,-0.0471142422528587));
#4644=CARTESIAN_POINT('',(-0.00844870280147727,-0.000499416478301973,-0.0471517422528586));
#4645=CARTESIAN_POINT('',(-0.00847708001673635,-4.91507786060627E-5,-0.0471892422528587));
#4646=CARTESIAN_POINT('',(-0.00850545723199543,0.000401114921089853,-0.0472267422528587));
#4647=CARTESIAN_POINT('',(-0.00812970430523555,0.000650823160240835,-0.0472642422528587));
#4648=CARTESIAN_POINT('',(-0.00775395137847565,0.00090053139939182,-0.0473017422528586));
#4649=CARTESIAN_POINT('',(-0.00734982123645667,0.000699973938846892,-0.0473392422528587));
#4650=CARTESIAN_POINT('',(-0.00694569109443769,0.000499416478301962,-0.0473767422528586));
#4651=CARTESIAN_POINT('',(-0.00691731387917861,4.91507786060457E-5,-0.0474142422528587));
#4652=CARTESIAN_POINT('',(-0.00688893666391952,-0.000401114921089865,-0.0474517422528587));
#4653=CARTESIAN_POINT('',(-0.00726468959067942,-0.000650823160240851,-0.0474892422528587));
#4654=CARTESIAN_POINT('',(-0.00764044251743931,-0.000900531399391834,-0.0475267422528586));
#4655=CARTESIAN_POINT('',(-0.00804457265945829,-0.000699973938846905,-0.0475642422528587));
#4656=CARTESIAN_POINT('',(-0.00844870280147727,-0.000499416478301973,-0.0476017422528587));
#4657=CARTESIAN_POINT('',(-0.00847708001673635,-4.91507786060629E-5,-0.0476392422528587));
#4658=CARTESIAN_POINT('',(-0.00850545723199543,0.000401114921089853,-0.0476767422528587));
#4659=CARTESIAN_POINT('',(-0.00812970430523555,0.000650823160240835,-0.0477142422528587));
#4660=CARTESIAN_POINT('',(-0.00775395137847565,0.00090053139939182,-0.0477517422528586));
#4661=CARTESIAN_POINT('',(-0.00734982123645667,0.000699973938846892,-0.0477892422528587));
#4662=CARTESIAN_POINT('',(-0.00694569109443769,0.000499416478301962,-0.0478267422528586));
#4663=CARTESIAN_POINT('',(-0.00691731387917861,4.91507786060458E-5,-0.0478642422528587));
#4664=CARTESIAN_POINT('',(-0.00688893666391952,-0.000401114921089865,-0.0479017422528587));
#4665=CARTESIAN_POINT('',(-0.00726468959067942,-0.000650823160240851,-0.0479392422528587));
#4666=CARTESIAN_POINT('',(-0.00764044251743931,-0.000900531399391834,-0.0479767422528586));
#4667=CARTESIAN_POINT('',(-0.00804457265945829,-0.000699973938846906,-0.0480142422528587));
#4668=CARTESIAN_POINT('',(-0.00844870280147727,-0.000499416478301979,-0.0480517422528587));
#4669=CARTESIAN_POINT('',(-0.00847708001673635,-4.91507786060631E-5,-0.0480892422528587));
#4670=CARTESIAN_POINT('',(-0.00850545723199543,0.000401114921089853,-0.0481267422528587));
#4671=CARTESIAN_POINT('',(-0.00812970430523555,0.000650823160240835,-0.0481642422528587));
#4672=CARTESIAN_POINT('',(-0.00775395137847565,0.00090053139939182,-0.0482017422528586));
#4673=CARTESIAN_POINT('',(-0.00734982123645667,0.000699973938846892,-0.0482392422528587));
#4674=CARTESIAN_POINT('',(-0.00694569109443769,0.000499416478301962,-0.0482767422528587));
#4675=CARTESIAN_POINT('',(-0.00691731387917861,4.9150778606046E-5,-0.0483142422528587));
#4676=CARTESIAN_POINT('',(-0.00688893666391952,-0.000401114921089864,-0.0483517422528587));
#4677=CARTESIAN_POINT('',(-0.00726468959067942,-0.000650823160240851,-0.0483892422528587));
#4678=CARTESIAN_POINT('',(-0.00764044251743931,-0.000900531399391834,-0.0484267422528586));
#4679=CARTESIAN_POINT('',(-0.00804457265945829,-0.000699973938846906,-0.0484642422528587));
#4680=CARTESIAN_POINT('',(-0.00844870280147727,-0.000499416478301979,-0.0485017422528587));
#4681=CARTESIAN_POINT('',(-0.00847708001673635,-4.91507786060634E-5,-0.0485392422528587));
#4682=CARTESIAN_POINT('',(-0.00850545723199543,0.000401114921089853,-0.0485767422528587));
#4683=CARTESIAN_POINT('',(-0.00812970430523555,0.000650823160240835,-0.0486142422528587));
#4684=CARTESIAN_POINT('',(-0.00775395137847565,0.00090053139939182,-0.0486517422528586));
#4685=CARTESIAN_POINT('',(-0.00734982123645667,0.000699973938846892,-0.0486892422528587));
#4686=CARTESIAN_POINT('',(-0.00694569109443769,0.000499416478301962,-0.0487267422528587));
#4687=CARTESIAN_POINT('',(-0.00691731387917861,4.91507786060517E-5,-0.0487642422528587));
#4688=CARTESIAN_POINT('',(-0.00688893666391952,-0.000401114921089864,-0.0488017422528587));
#4689=CARTESIAN_POINT('',(-0.00726468959067942,-0.000650823160240851,-0.0488392422528587));
#4690=CARTESIAN_POINT('',(-0.00764044251743931,-0.000900531399391834,-0.0488767422528586));
#4691=CARTESIAN_POINT('',(-0.00804457265945829,-0.000699973938846906,-0.0489142422528587));
#4692=CARTESIAN_POINT('',(-0.00844870280147727,-0.000499416478301979,-0.0489517422528587));
#4693=CARTESIAN_POINT('',(-0.00847708001673635,-4.91507786060636E-5,-0.0489892422528587));
#4694=CARTESIAN_POINT('',(-0.00850545723199544,0.000401114921089847,-0.0490267422528587));
#4695=CARTESIAN_POINT('',(-0.00812970430523555,0.000650823160240835,-0.0490642422528587));
#4696=CARTESIAN_POINT('',(-0.00775395137847565,0.00090053139939182,-0.0491017422528586));
#4697=CARTESIAN_POINT('',(-0.00734982123645667,0.000699973938846893,-0.0491392422528587));
#4698=CARTESIAN_POINT('',(-0.00694569109443769,0.000499416478301962,-0.0491767422528587));
#4699=CARTESIAN_POINT('',(-0.00691731387917861,4.91507786060519E-5,-0.0492142422528587));
#4700=CARTESIAN_POINT('',(-0.00688893666391952,-0.000401114921089864,-0.0492517422528586));
#4701=CARTESIAN_POINT('',(-0.00726468959067941,-0.000650823160240851,-0.0492892422528587));
#4702=CARTESIAN_POINT('',(-0.00764044251743931,-0.000900531399391834,-0.0493267422528587));
#4703=CARTESIAN_POINT('',(-0.00804457265945829,-0.000699973938846906,-0.0493642422528587));
#4704=CARTESIAN_POINT('',(-0.00844870280147727,-0.000499416478301974,-0.0494017422528587));
#4705=CARTESIAN_POINT('',(-0.00847708001673635,-4.91507786060693E-5,-0.0494392422528587));
#4706=CARTESIAN_POINT('',(-0.00850545723199544,0.000401114921089846,-0.0494767422528586));
#4707=CARTESIAN_POINT('',(-0.00812970430523555,0.000650823160240835,-0.0495142422528587));
#4708=CARTESIAN_POINT('',(-0.00775395137847565,0.00090053139939182,-0.0495517422528586));
#4709=CARTESIAN_POINT('',(-0.00734982123645667,0.00069997393884689,-0.0495892422528587));
#4710=CARTESIAN_POINT('',(-0.0069456910944377,0.000499416478301968,-0.0496267422528587));
#4711=CARTESIAN_POINT('',(-0.00691731387917861,4.9150778606052E-5,-0.0496642422528587));
#4712=CARTESIAN_POINT('',(-0.00688893666391952,-0.000401114921089864,-0.0497017422528586));
#4713=CARTESIAN_POINT('',(-0.00726468959067941,-0.000650823160240851,-0.0497392422528587));
#4714=CARTESIAN_POINT('',(-0.00764044251743931,-0.000900531399391835,-0.0497767422528586));
#4715=CARTESIAN_POINT('',(-0.00804457265945828,-0.000699973938846909,-0.0498142422528587));
#4716=CARTESIAN_POINT('',(-0.00844870280147727,-0.00049941647830198,-0.0498517422528587));
#4717=CARTESIAN_POINT('',(-0.00847708001673635,-4.9150778606064E-5,-0.0498892422528587));
#4718=CARTESIAN_POINT('',(-0.00850545723199543,0.000401114921089852,-0.0499267422528586));
#4719=CARTESIAN_POINT('',(-0.00812970430523555,0.000650823160240832,-0.0499642422528587));
#4720=CARTESIAN_POINT('',(-0.00775395137847566,0.00090053139939182,-0.0500017422528586));
#4721=CARTESIAN_POINT('',(-0.00734982123645667,0.000699973938846893,-0.0500392422528587));
#4722=CARTESIAN_POINT('',(-0.00694569109443769,0.000499416478301962,-0.0500767422528587));
#4723=CARTESIAN_POINT('',(-0.00691731387917861,4.91507786060467E-5,-0.0501142422528587));
#4724=CARTESIAN_POINT('',(-0.00688893666391951,-0.000401114921089858,-0.0501517422528586));
#4725=CARTESIAN_POINT('',(-0.00726468959067941,-0.000650823160240848,-0.0501892422528587));
#4726=CARTESIAN_POINT('',(-0.00764044251743931,-0.000900531399391835,-0.0502267422528586));
#4727=CARTESIAN_POINT('',(-0.00804457265945829,-0.000699973938846906,-0.0502642422528587));
#4728=CARTESIAN_POINT('',(-0.00844870280147727,-0.000499416478301975,-0.0503017422528587));
#4729=CARTESIAN_POINT('',(-0.00847708001673635,-4.91507786060698E-5,-0.0503392422528587));
#4730=CARTESIAN_POINT('',(-0.00850545723199544,0.000401114921089846,-0.0503767422528586));
#4731=CARTESIAN_POINT('',(-0.00812970430523555,0.000650823160240834,-0.0504142422528587));
#4732=CARTESIAN_POINT('',(-0.00775395137847565,0.00090053139939182,-0.0504517422528586));
#4733=CARTESIAN_POINT('',(-0.00734982123645667,0.00069997393884689,-0.0504892422528587));
#4734=CARTESIAN_POINT('',(-0.0069456910944377,0.000499416478301968,-0.0505267422528587));
#4735=CARTESIAN_POINT('',(-0.00691731387917861,4.91507786060524E-5,-0.0505642422528587));
#4736=CARTESIAN_POINT('',(-0.00688893666391952,-0.000401114921089864,-0.0506017422528586));
#4737=CARTESIAN_POINT('',(-0.00726468959067941,-0.000650823160240851,-0.0506392422528587));
#4738=CARTESIAN_POINT('',(-0.00764044251743929,-0.000900531399391834,-0.0506767422528586));
#4739=CARTESIAN_POINT('',(-0.00804457265945828,-0.000699973938846909,-0.0507142422528587));
#4740=CARTESIAN_POINT('',(-0.00844870280147727,-0.00049941647830198,-0.0507517422528587));
#4741=CARTESIAN_POINT('',(-0.00847708001673635,-4.91507786060644E-5,-0.0507892422528587));
#4742=CARTESIAN_POINT('',(-0.00850545723199543,0.000401114921089851,-0.0508267422528586));
#4743=CARTESIAN_POINT('',(-0.00812970430523555,0.000650823160240831,-0.0508642422528587));
#4744=CARTESIAN_POINT('',(-0.00775395137847566,0.00090053139939182,-0.0509017422528587));
#4745=CARTESIAN_POINT('',(-0.00734982123645667,0.000699973938846893,-0.0509392422528587));
#4746=CARTESIAN_POINT('',(-0.00694569109443769,0.000499416478301963,-0.0509767422528587));
#4747=CARTESIAN_POINT('',(-0.00691731387917861,4.9150778606047E-5,-0.0510142422528587));
#4748=CARTESIAN_POINT('',(-0.00688893666391951,-0.000401114921089858,-0.0510517422528586));
#4749=CARTESIAN_POINT('',(-0.00726468959067941,-0.000650823160240847,-0.0510892422528587));
#4750=CARTESIAN_POINT('',(-0.00764044251743931,-0.000900531399391834,-0.0511267422528587));
#4751=CARTESIAN_POINT('',(-0.00804457265945829,-0.000699973938846906,-0.0511642422528587));
#4752=CARTESIAN_POINT('',(-0.00844870280147727,-0.000499416478301975,-0.0512017422528587));
#4753=CARTESIAN_POINT('',(-0.00847708001673635,-4.91507786060702E-5,-0.0512392422528587));
#4754=CARTESIAN_POINT('',(-0.00850545723199544,0.000401114921089846,-0.0512767422528586));
#4755=CARTESIAN_POINT('',(-0.00812970430523555,0.000650823160240834,-0.0513142422528587));
#4756=CARTESIAN_POINT('',(-0.00775395137847565,0.00090053139939182,-0.0513517422528586));
#4757=CARTESIAN_POINT('',(-0.00734982123645668,0.000699973938846895,-0.0513892422528587));
#4758=CARTESIAN_POINT('',(-0.0069456910944377,0.000499416478301968,-0.0514267422528587));
#4759=CARTESIAN_POINT('',(-0.00691731387917861,4.91507786060527E-5,-0.0514642422528587));
#4760=CARTESIAN_POINT('',(-0.00688893666391952,-0.000401114921089863,-0.0515017422528586));
#4761=CARTESIAN_POINT('',(-0.00726468959067941,-0.000650823160240851,-0.0515392422528587));
#4762=CARTESIAN_POINT('',(-0.00764044251743929,-0.000900531399391834,-0.0515767422528587));
#4763=CARTESIAN_POINT('',(-0.00804457265945828,-0.000699973938846909,-0.0516142422528587));
#4764=CARTESIAN_POINT('',(-0.00844870280147727,-0.000499416478301981,-0.0516517422528586));
#4765=CARTESIAN_POINT('',(-0.00847708001673635,-4.91507786060649E-5,-0.0516892422528587));
#4766=CARTESIAN_POINT('',(-0.00850545723199543,0.000401114921089851,-0.0517267422528586));
#4767=CARTESIAN_POINT('',(-0.00812970430523555,0.000650823160240831,-0.0517642422528587));
#4768=CARTESIAN_POINT('',(-0.00775395137847566,0.000900531399391819,-0.0518017422528587));
#4769=CARTESIAN_POINT('',(-0.00734982123645667,0.000699973938846893,-0.0518392422528587));
#4770=CARTESIAN_POINT('',(-0.00694569109443769,0.000499416478301963,-0.0518767422528587));
#4771=CARTESIAN_POINT('',(-0.00691731387917861,4.91507786060473E-5,-0.0519142422528587));
#4772=CARTESIAN_POINT('',(-0.0086977456425104,0.000222547320425202,-0.044818158722513));
#4773=CARTESIAN_POINT('',(-0.00860816055638742,0.000625312183199098,-0.0448474712538074));
#4774=CARTESIAN_POINT('',(-0.00826451563255696,0.000853682909577264,-0.0448736172528586));
#4775=CARTESIAN_POINT('',(-0.00777164157490994,0.00118122450484708,-0.0449111172528587));
#4776=CARTESIAN_POINT('',(-0.00724154520378669,0.00091815384769335,-0.0449486172528586));
#4777=CARTESIAN_POINT('',(-0.00671144883266343,0.000655083190539621,-0.0449861172528587));
#4778=CARTESIAN_POINT('',(-0.00667422651918721,6.44709381160782E-5,-0.0450236172528587));
#4779=CARTESIAN_POINT('',(-0.00663700420571098,-0.000526141314307464,-0.0450611172528586));
#4780=CARTESIAN_POINT('',(-0.007129878263358,-0.000853682909577278,-0.0450986172528587));
#4781=CARTESIAN_POINT('',(-0.00762275232100502,-0.00118122450484709,-0.0451361172528587));
#4782=CARTESIAN_POINT('',(-0.00815284869212827,-0.000918153847693364,-0.0451736172528587));
#4783=CARTESIAN_POINT('',(-0.00868294506325152,-0.000655083190539635,-0.0452111172528586));
#4784=CARTESIAN_POINT('',(-0.00872016737672775,-6.44709381160924E-5,-0.0452486172528587));
#4785=CARTESIAN_POINT('',(-0.00875738969020397,0.00052614131430745,-0.0452861172528586));
#4786=CARTESIAN_POINT('',(-0.00826451563255696,0.000853682909577264,-0.0453236172528587));
#4787=CARTESIAN_POINT('',(-0.00777164157490994,0.00118122450484708,-0.0453611172528587));
#4788=CARTESIAN_POINT('',(-0.00724154520378669,0.00091815384769335,-0.0453986172528587));
#4789=CARTESIAN_POINT('',(-0.00671144883266343,0.000655083190539621,-0.0454361172528587));
#4790=CARTESIAN_POINT('',(-0.00667422651918721,6.44709381160781E-5,-0.0454736172528587));
#4791=CARTESIAN_POINT('',(-0.00663700420571098,-0.000526141314307464,-0.0455111172528586));
#4792=CARTESIAN_POINT('',(-0.007129878263358,-0.000853682909577278,-0.0455486172528587));
#4793=CARTESIAN_POINT('',(-0.00762275232100502,-0.00118122450484709,-0.0455861172528587));
#4794=CARTESIAN_POINT('',(-0.00815284869212827,-0.000918153847693364,-0.0456236172528587));
#4795=CARTESIAN_POINT('',(-0.00868294506325152,-0.000655083190539635,-0.0456611172528586));
#4796=CARTESIAN_POINT('',(-0.00872016737672775,-6.44709381160924E-5,-0.0456986172528587));
#4797=CARTESIAN_POINT('',(-0.00875738969020397,0.00052614131430745,-0.0457361172528586));
#4798=CARTESIAN_POINT('',(-0.00826451563255696,0.000853682909577264,-0.0457736172528587));
#4799=CARTESIAN_POINT('',(-0.00777164157490994,0.00118122450484708,-0.0458111172528587));
#4800=CARTESIAN_POINT('',(-0.00724154520378669,0.00091815384769335,-0.0458486172528587));
#4801=CARTESIAN_POINT('',(-0.00671144883266343,0.000655083190539621,-0.0458861172528586));
#4802=CARTESIAN_POINT('',(-0.00667422651918721,6.44709381160781E-5,-0.0459236172528587));
#4803=CARTESIAN_POINT('',(-0.00663700420571098,-0.000526141314307464,-0.0459611172528586));
#4804=CARTESIAN_POINT('',(-0.007129878263358,-0.000853682909577279,-0.0459986172528587));
#4805=CARTESIAN_POINT('',(-0.00762275232100502,-0.00118122450484709,-0.0460361172528587));
#4806=CARTESIAN_POINT('',(-0.00815284869212827,-0.000918153847693364,-0.0460736172528587));
#4807=CARTESIAN_POINT('',(-0.00868294506325152,-0.000655083190539635,-0.0461111172528586));
#4808=CARTESIAN_POINT('',(-0.00872016737672775,-6.44709381160924E-5,-0.0461486172528587));
#4809=CARTESIAN_POINT('',(-0.00875738969020397,0.00052614131430745,-0.0461861172528586));
#4810=CARTESIAN_POINT('',(-0.00826451563255696,0.000853682909577264,-0.0462236172528587));
#4811=CARTESIAN_POINT('',(-0.00777164157490994,0.00118122450484708,-0.0462611172528587));
#4812=CARTESIAN_POINT('',(-0.00724154520378669,0.00091815384769335,-0.0462986172528587));
#4813=CARTESIAN_POINT('',(-0.00671144883266343,0.000655083190539621,-0.0463361172528586));
#4814=CARTESIAN_POINT('',(-0.00667422651918721,6.44709381160781E-5,-0.0463736172528587));
#4815=CARTESIAN_POINT('',(-0.00663700420571098,-0.000526141314307464,-0.0464111172528587));
#4816=CARTESIAN_POINT('',(-0.007129878263358,-0.000853682909577279,-0.0464486172528587));
#4817=CARTESIAN_POINT('',(-0.00762275232100502,-0.00118122450484709,-0.0464861172528587));
#4818=CARTESIAN_POINT('',(-0.00815284869212827,-0.000918153847693364,-0.0465236172528587));
#4819=CARTESIAN_POINT('',(-0.00868294506325152,-0.000655083190539635,-0.0465611172528586));
#4820=CARTESIAN_POINT('',(-0.00872016737672775,-6.44709381160925E-5,-0.0465986172528587));
#4821=CARTESIAN_POINT('',(-0.00875738969020397,0.00052614131430745,-0.0466361172528586));
#4822=CARTESIAN_POINT('',(-0.00826451563255696,0.000853682909577264,-0.0466736172528587));
#4823=CARTESIAN_POINT('',(-0.00777164157490994,0.00118122450484708,-0.0467111172528587));
#4824=CARTESIAN_POINT('',(-0.00724154520378669,0.00091815384769335,-0.0467486172528587));
#4825=CARTESIAN_POINT('',(-0.00671144883266343,0.000655083190539621,-0.0467861172528586));
#4826=CARTESIAN_POINT('',(-0.00667422651918721,6.44709381160781E-5,-0.0468236172528587));
#4827=CARTESIAN_POINT('',(-0.00663700420571098,-0.000526141314307464,-0.0468611172528587));
#4828=CARTESIAN_POINT('',(-0.007129878263358,-0.000853682909577279,-0.0468986172528587));
#4829=CARTESIAN_POINT('',(-0.00762275232100502,-0.00118122450484709,-0.0469361172528587));
#4830=CARTESIAN_POINT('',(-0.00815284869212827,-0.000918153847693364,-0.0469736172528587));
#4831=CARTESIAN_POINT('',(-0.00868294506325152,-0.000655083190539635,-0.0470111172528586));
#4832=CARTESIAN_POINT('',(-0.00872016737672775,-6.44709381160925E-5,-0.0470486172528587));
#4833=CARTESIAN_POINT('',(-0.00875738969020397,0.00052614131430745,-0.0470861172528587));
#4834=CARTESIAN_POINT('',(-0.00826451563255696,0.000853682909577264,-0.0471236172528587));
#4835=CARTESIAN_POINT('',(-0.00777164157490994,0.00118122450484708,-0.0471611172528587));
#4836=CARTESIAN_POINT('',(-0.00724154520378669,0.00091815384769335,-0.0471986172528587));
#4837=CARTESIAN_POINT('',(-0.00671144883266343,0.000655083190539621,-0.0472361172528586));
#4838=CARTESIAN_POINT('',(-0.00667422651918721,6.4470938116078E-5,-0.0472736172528587));
#4839=CARTESIAN_POINT('',(-0.00663700420571098,-0.000526141314307464,-0.0473111172528587));
#4840=CARTESIAN_POINT('',(-0.007129878263358,-0.000853682909577279,-0.0473486172528587));
#4841=CARTESIAN_POINT('',(-0.00762275232100502,-0.00118122450484709,-0.0473861172528587));
#4842=CARTESIAN_POINT('',(-0.00815284869212827,-0.000918153847693364,-0.0474236172528587));
#4843=CARTESIAN_POINT('',(-0.00868294506325152,-0.000655083190539635,-0.0474611172528586));
#4844=CARTESIAN_POINT('',(-0.00872016737672775,-6.44709381160925E-5,-0.0474986172528587));
#4845=CARTESIAN_POINT('',(-0.00875738969020397,0.00052614131430745,-0.0475361172528586));
#4846=CARTESIAN_POINT('',(-0.00826451563255696,0.000853682909577264,-0.0475736172528587));
#4847=CARTESIAN_POINT('',(-0.00777164157490994,0.00118122450484708,-0.0476111172528587));
#4848=CARTESIAN_POINT('',(-0.00724154520378669,0.00091815384769335,-0.0476486172528587));
#4849=CARTESIAN_POINT('',(-0.00671144883266343,0.000655083190539621,-0.0476861172528586));
#4850=CARTESIAN_POINT('',(-0.00667422651918721,6.4470938116078E-5,-0.0477236172528587));
#4851=CARTESIAN_POINT('',(-0.00663700420571098,-0.000526141314307464,-0.0477611172528587));
#4852=CARTESIAN_POINT('',(-0.007129878263358,-0.000853682909577279,-0.0477986172528587));
#4853=CARTESIAN_POINT('',(-0.00762275232100502,-0.00118122450484709,-0.0478361172528587));
#4854=CARTESIAN_POINT('',(-0.00815284869212827,-0.000918153847693364,-0.0478736172528587));
#4855=CARTESIAN_POINT('',(-0.00868294506325152,-0.000655083190539635,-0.0479111172528586));
#4856=CARTESIAN_POINT('',(-0.00872016737672775,-6.44709381160925E-5,-0.0479486172528587));
#4857=CARTESIAN_POINT('',(-0.00875738969020397,0.00052614131430745,-0.0479861172528587));
#4858=CARTESIAN_POINT('',(-0.00826451563255696,0.000853682909577264,-0.0480236172528587));
#4859=CARTESIAN_POINT('',(-0.00777164157490994,0.00118122450484708,-0.0480611172528587));
#4860=CARTESIAN_POINT('',(-0.00724154520378669,0.00091815384769335,-0.0480986172528587));
#4861=CARTESIAN_POINT('',(-0.00671144883266343,0.000655083190539621,-0.0481361172528586));
#4862=CARTESIAN_POINT('',(-0.00667422651918721,6.4470938116078E-5,-0.0481736172528587));
#4863=CARTESIAN_POINT('',(-0.00663700420571098,-0.000526141314307464,-0.0482111172528587));
#4864=CARTESIAN_POINT('',(-0.007129878263358,-0.000853682909577279,-0.0482486172528587));
#4865=CARTESIAN_POINT('',(-0.00762275232100502,-0.00118122450484709,-0.0482861172528586));
#4866=CARTESIAN_POINT('',(-0.00815284869212827,-0.000918153847693364,-0.0483236172528587));
#4867=CARTESIAN_POINT('',(-0.00868294506325152,-0.000655083190539635,-0.0483611172528586));
#4868=CARTESIAN_POINT('',(-0.00872016737672775,-6.44709381160926E-5,-0.0483986172528587));
#4869=CARTESIAN_POINT('',(-0.00875738969020397,0.00052614131430745,-0.0484361172528587));
#4870=CARTESIAN_POINT('',(-0.00826451563255696,0.000853682909577264,-0.0484736172528587));
#4871=CARTESIAN_POINT('',(-0.00777164157490994,0.00118122450484708,-0.0485111172528587));
#4872=CARTESIAN_POINT('',(-0.00724154520378669,0.00091815384769335,-0.0485486172528587));
#4873=CARTESIAN_POINT('',(-0.00671144883266343,0.000655083190539621,-0.0485861172528586));
#4874=CARTESIAN_POINT('',(-0.00667422651918721,6.4470938116078E-5,-0.0486236172528587));
#4875=CARTESIAN_POINT('',(-0.00663700420571098,-0.000526141314307464,-0.0486611172528587));
#4876=CARTESIAN_POINT('',(-0.007129878263358,-0.000853682909577279,-0.0486986172528587));
#4877=CARTESIAN_POINT('',(-0.00762275232100502,-0.00118122450484709,-0.0487361172528586));
#4878=CARTESIAN_POINT('',(-0.00815284869212827,-0.000918153847693364,-0.0487736172528587));
#4879=CARTESIAN_POINT('',(-0.00868294506325152,-0.000655083190539635,-0.0488111172528586));
#4880=CARTESIAN_POINT('',(-0.00872016737672775,-6.44709381160926E-5,-0.0488486172528587));
#4881=CARTESIAN_POINT('',(-0.00875738969020397,0.00052614131430745,-0.0488861172528587));
#4882=CARTESIAN_POINT('',(-0.00826451563255696,0.000853682909577264,-0.0489236172528587));
#4883=CARTESIAN_POINT('',(-0.00777164157490994,0.00118122450484708,-0.0489611172528586));
#4884=CARTESIAN_POINT('',(-0.00724154520378669,0.00091815384769335,-0.0489986172528587));
#4885=CARTESIAN_POINT('',(-0.00671144883266343,0.000655083190539621,-0.0490361172528586));
#4886=CARTESIAN_POINT('',(-0.00667422651918721,6.44709381160779E-5,-0.0490736172528587));
#4887=CARTESIAN_POINT('',(-0.00663700420571098,-0.000526141314307464,-0.0491111172528587));
#4888=CARTESIAN_POINT('',(-0.007129878263358,-0.000853682909577279,-0.0491486172528587));
#4889=CARTESIAN_POINT('',(-0.00762275232100502,-0.00118122450484709,-0.0491861172528586));
#4890=CARTESIAN_POINT('',(-0.00815284869212827,-0.000918153847693364,-0.0492236172528587));
#4891=CARTESIAN_POINT('',(-0.00868294506325152,-0.000655083190539635,-0.0492611172528586));
#4892=CARTESIAN_POINT('',(-0.00872016737672775,-6.44709381160926E-5,-0.0492986172528587));
#4893=CARTESIAN_POINT('',(-0.00875738969020397,0.00052614131430745,-0.0493361172528587));
#4894=CARTESIAN_POINT('',(-0.00826451563255696,0.000853682909577264,-0.0493736172528587));
#4895=CARTESIAN_POINT('',(-0.00777164157490994,0.00118122450484708,-0.0494111172528586));
#4896=CARTESIAN_POINT('',(-0.00724154520378669,0.00091815384769335,-0.0494486172528587));
#4897=CARTESIAN_POINT('',(-0.00671144883266343,0.000655083190539621,-0.0494861172528587));
#4898=CARTESIAN_POINT('',(-0.00667422651918721,6.44709381160779E-5,-0.0495236172528587));
#4899=CARTESIAN_POINT('',(-0.00663700420571098,-0.000526141314307464,-0.0495611172528587));
#4900=CARTESIAN_POINT('',(-0.007129878263358,-0.000853682909577279,-0.0495986172528587));
#4901=CARTESIAN_POINT('',(-0.00762275232100502,-0.00118122450484709,-0.0496361172528586));
#4902=CARTESIAN_POINT('',(-0.00815284869212827,-0.000918153847693364,-0.0496736172528587));
#4903=CARTESIAN_POINT('',(-0.00868294506325152,-0.000655083190539635,-0.0497111172528586));
#4904=CARTESIAN_POINT('',(-0.00872016737672775,-6.44709381160927E-5,-0.0497486172528587));
#4905=CARTESIAN_POINT('',(-0.00875738969020397,0.00052614131430745,-0.0497861172528587));
#4906=CARTESIAN_POINT('',(-0.00826451563255696,0.000853682909577264,-0.0498236172528587));
#4907=CARTESIAN_POINT('',(-0.00777164157490994,0.00118122450484708,-0.0498611172528586));
#4908=CARTESIAN_POINT('',(-0.00724154520378669,0.00091815384769335,-0.0498986172528587));
#4909=CARTESIAN_POINT('',(-0.00671144883266343,0.000655083190539621,-0.0499361172528587));
#4910=CARTESIAN_POINT('',(-0.00667422651918721,6.44709381160779E-5,-0.0499736172528587));
#4911=CARTESIAN_POINT('',(-0.00663700420571098,-0.000526141314307464,-0.0500111172528587));
#4912=CARTESIAN_POINT('',(-0.007129878263358,-0.000853682909577279,-0.0500486172528587));
#4913=CARTESIAN_POINT('',(-0.00762275232100502,-0.00118122450484709,-0.0500861172528586));
#4914=CARTESIAN_POINT('',(-0.00815284869212827,-0.000918153847693364,-0.0501236172528587));
#4915=CARTESIAN_POINT('',(-0.00868294506325152,-0.000655083190539635,-0.0501611172528586));
#4916=CARTESIAN_POINT('',(-0.00872016737672775,-6.44709381160927E-5,-0.0501986172528587));
#4917=CARTESIAN_POINT('',(-0.00875738969020397,0.00052614131430745,-0.0502361172528587));
#4918=CARTESIAN_POINT('',(-0.00826451563255696,0.000853682909577264,-0.0502736172528587));
#4919=CARTESIAN_POINT('',(-0.00777164157490994,0.00118122450484708,-0.0503111172528586));
#4920=CARTESIAN_POINT('',(-0.00724154520378669,0.00091815384769335,-0.0503486172528587));
#4921=CARTESIAN_POINT('',(-0.00671144883266343,0.000655083190539621,-0.0503861172528587));
#4922=CARTESIAN_POINT('',(-0.00667422651918721,6.44709381160778E-5,-0.0504236172528587));
#4923=CARTESIAN_POINT('',(-0.00663700420571098,-0.000526141314307464,-0.0504611172528587));
#4924=CARTESIAN_POINT('',(-0.007129878263358,-0.000853682909577279,-0.0504986172528587));
#4925=CARTESIAN_POINT('',(-0.00762275232100502,-0.00118122450484709,-0.0505361172528586));
#4926=CARTESIAN_POINT('',(-0.00815284869212827,-0.000918153847693364,-0.0505736172528587));
#4927=CARTESIAN_POINT('',(-0.00868294506325152,-0.000655083190539635,-0.0506111172528587));
#4928=CARTESIAN_POINT('',(-0.00872016737672775,-6.44709381160927E-5,-0.0506486172528587));
#4929=CARTESIAN_POINT('',(-0.00875738969020397,0.00052614131430745,-0.0506861172528587));
#4930=CARTESIAN_POINT('',(-0.00826451563255696,0.000853682909577264,-0.0507236172528587));
#4931=CARTESIAN_POINT('',(-0.00777164157490994,0.00118122450484708,-0.0507611172528586));
#4932=CARTESIAN_POINT('',(-0.00724154520378669,0.00091815384769335,-0.0507986172528587));
#4933=CARTESIAN_POINT('',(-0.00671144883266343,0.000655083190539621,-0.0508361172528587));
#4934=CARTESIAN_POINT('',(-0.00667422651918721,6.44709381160778E-5,-0.0508736172528587));
#4935=CARTESIAN_POINT('',(-0.00663700420571098,-0.000526141314307465,-0.0509111172528587));
#4936=CARTESIAN_POINT('',(-0.007129878263358,-0.000853682909577279,-0.0509486172528587));
#4937=CARTESIAN_POINT('',(-0.00762275232100502,-0.00118122450484709,-0.0509861172528586));
#4938=CARTESIAN_POINT('',(-0.00815284869212827,-0.000918153847693364,-0.0510236172528587));
#4939=CARTESIAN_POINT('',(-0.00868294506325152,-0.000655083190539635,-0.0510611172528587));
#4940=CARTESIAN_POINT('',(-0.00872016737672775,-6.44709381160927E-5,-0.0510986172528587));
#4941=CARTESIAN_POINT('',(-0.00875738969020397,0.00052614131430745,-0.0511361172528586));
#4942=CARTESIAN_POINT('',(-0.00826451563255696,0.000853682909577264,-0.0511736172528587));
#4943=CARTESIAN_POINT('',(-0.00777164157490994,0.00118122450484708,-0.0512111172528586));
#4944=CARTESIAN_POINT('',(-0.00724154520378669,0.00091815384769335,-0.0512486172528587));
#4945=CARTESIAN_POINT('',(-0.00671144883266343,0.000655083190539621,-0.0512861172528587));
#4946=CARTESIAN_POINT('',(-0.00667422651918721,6.44709381160778E-5,-0.0513236172528587));
#4947=CARTESIAN_POINT('',(-0.00663700420571098,-0.000526141314307465,-0.0513611172528586));
#4948=CARTESIAN_POINT('',(-0.007129878263358,-0.000853682909577279,-0.0513986172528587));
#4949=CARTESIAN_POINT('',(-0.00738055665269152,-0.00102027232175683,-0.0514176899539963));
#4950=CARTESIAN_POINT('',(-0.0076815059132535,-0.00102487989122137,-0.0514396882346703));
#4951=CARTESIAN_POINT('',(-0.00845998633504529,0.00016966364062973,-0.044958783722513));
#4952=CARTESIAN_POINT('',(-0.00839168925634439,0.000476719923335775,-0.0449880962538074));
#4953=CARTESIAN_POINT('',(-0.00812970430523554,0.000650823160240838,-0.0450142422528587));
#4954=CARTESIAN_POINT('',(-0.00775395137847565,0.00090053139939182,-0.0450517422528587));
#4955=CARTESIAN_POINT('',(-0.00734982123645667,0.00069997393884689,-0.0450892422528587));
#4956=CARTESIAN_POINT('',(-0.00694569109443769,0.000499416478301959,-0.0451267422528586));
#4957=CARTESIAN_POINT('',(-0.00691731387917861,4.91507786060447E-5,-0.0451642422528587));
#4958=CARTESIAN_POINT('',(-0.00688893666391952,-0.000401114921089869,-0.0452017422528587));
#4959=CARTESIAN_POINT('',(-0.00726468959067942,-0.000650823160240852,-0.0452392422528587));
#4960=CARTESIAN_POINT('',(-0.00764044251743931,-0.000900531399391835,-0.0452767422528587));
#4961=CARTESIAN_POINT('',(-0.00804457265945829,-0.000699973938846904,-0.0453142422528587));
#4962=CARTESIAN_POINT('',(-0.00844870280147727,-0.000499416478301973,-0.0453517422528586));
#4963=CARTESIAN_POINT('',(-0.00847708001673635,-4.91507786060589E-5,-0.0453892422528587));
#4964=CARTESIAN_POINT('',(-0.00850545723199543,0.000401114921089855,-0.0454267422528586));
#4965=CARTESIAN_POINT('',(-0.00812970430523554,0.000650823160240838,-0.0454642422528587));
#4966=CARTESIAN_POINT('',(-0.00775395137847565,0.00090053139939182,-0.0455017422528587));
#4967=CARTESIAN_POINT('',(-0.00734982123645667,0.00069997393884689,-0.0455392422528587));
#4968=CARTESIAN_POINT('',(-0.00694569109443769,0.000499416478301959,-0.0455767422528586));
#4969=CARTESIAN_POINT('',(-0.00691731387917861,4.91507786060446E-5,-0.0456142422528587));
#4970=CARTESIAN_POINT('',(-0.00688893666391952,-0.000401114921089869,-0.0456517422528587));
#4971=CARTESIAN_POINT('',(-0.00726468959067942,-0.000650823160240852,-0.0456892422528587));
#4972=CARTESIAN_POINT('',(-0.00764044251743931,-0.000900531399391835,-0.0457267422528587));
#4973=CARTESIAN_POINT('',(-0.00804457265945829,-0.000699973938846904,-0.0457642422528587));
#4974=CARTESIAN_POINT('',(-0.00844870280147727,-0.000499416478301973,-0.0458017422528586));
#4975=CARTESIAN_POINT('',(-0.00847708001673635,-4.91507786060589E-5,-0.0458392422528587));
#4976=CARTESIAN_POINT('',(-0.00850545723199543,0.000401114921089855,-0.0458767422528587));
#4977=CARTESIAN_POINT('',(-0.00812970430523554,0.000650823160240838,-0.0459142422528587));
#4978=CARTESIAN_POINT('',(-0.00775395137847565,0.00090053139939182,-0.0459517422528587));
#4979=CARTESIAN_POINT('',(-0.00734982123645667,0.00069997393884689,-0.0459892422528587));
#4980=CARTESIAN_POINT('',(-0.00694569109443769,0.000499416478301959,-0.0460267422528586));
#4981=CARTESIAN_POINT('',(-0.00691731387917861,4.91507786060446E-5,-0.0460642422528587));
#4982=CARTESIAN_POINT('',(-0.00688893666391952,-0.000401114921089869,-0.0461017422528587));
#4983=CARTESIAN_POINT('',(-0.00726468959067942,-0.000650823160240852,-0.0461392422528587));
#4984=CARTESIAN_POINT('',(-0.00764044251743931,-0.000900531399391835,-0.0461767422528586));
#4985=CARTESIAN_POINT('',(-0.00804457265945829,-0.000699973938846904,-0.0462142422528587));
#4986=CARTESIAN_POINT('',(-0.00844870280147727,-0.000499416478301973,-0.0462517422528586));
#4987=CARTESIAN_POINT('',(-0.00847708001673635,-4.91507786060589E-5,-0.0462892422528587));
#4988=CARTESIAN_POINT('',(-0.00850545723199543,0.000401114921089855,-0.0463267422528587));
#4989=CARTESIAN_POINT('',(-0.00812970430523554,0.000650823160240838,-0.0463642422528587));
#4990=CARTESIAN_POINT('',(-0.00775395137847565,0.00090053139939182,-0.0464017422528586));
#4991=CARTESIAN_POINT('',(-0.00734982123645667,0.00069997393884689,-0.0464392422528587));
#4992=CARTESIAN_POINT('',(-0.00694569109443769,0.000499416478301959,-0.0464767422528586));
#4993=CARTESIAN_POINT('',(-0.00691731387917861,4.91507786060446E-5,-0.0465142422528587));
#4994=CARTESIAN_POINT('',(-0.00688893666391952,-0.000401114921089869,-0.0465517422528587));
#4995=CARTESIAN_POINT('',(-0.00726468959067942,-0.000650823160240852,-0.0465892422528587));
#4996=CARTESIAN_POINT('',(-0.00764044251743931,-0.000900531399391835,-0.0466267422528586));
#4997=CARTESIAN_POINT('',(-0.00804457265945829,-0.000699973938846904,-0.0466642422528587));
#4998=CARTESIAN_POINT('',(-0.00844870280147727,-0.000499416478301973,-0.0467017422528586));
#4999=CARTESIAN_POINT('',(-0.00847708001673635,-4.9150778606059E-5,-0.0467392422528587));
#5000=CARTESIAN_POINT('',(-0.00850545723199543,0.000401114921089855,-0.0467767422528587));
#5001=CARTESIAN_POINT('',(-0.00812970430523554,0.000650823160240838,-0.0468142422528587));
#5002=CARTESIAN_POINT('',(-0.00775395137847565,0.00090053139939182,-0.0468517422528586));
#5003=CARTESIAN_POINT('',(-0.00734982123645667,0.00069997393884689,-0.0468892422528587));
#5004=CARTESIAN_POINT('',(-0.00694569109443769,0.000499416478301959,-0.0469267422528587));
#5005=CARTESIAN_POINT('',(-0.00691731387917861,4.91507786060446E-5,-0.0469642422528587));
#5006=CARTESIAN_POINT('',(-0.00688893666391952,-0.000401114921089869,-0.0470017422528587));
#5007=CARTESIAN_POINT('',(-0.00726468959067942,-0.000650823160240852,-0.0470392422528587));
#5008=CARTESIAN_POINT('',(-0.00764044251743931,-0.000900531399391835,-0.0470767422528586));
#5009=CARTESIAN_POINT('',(-0.00804457265945829,-0.000699973938846904,-0.0471142422528587));
#5010=CARTESIAN_POINT('',(-0.00844870280147727,-0.000499416478301973,-0.0471517422528586));
#5011=CARTESIAN_POINT('',(-0.00847708001673635,-4.9150778606059E-5,-0.0471892422528587));
#5012=CARTESIAN_POINT('',(-0.00850545723199543,0.000401114921089855,-0.0472267422528587));
#5013=CARTESIAN_POINT('',(-0.00812970430523554,0.000650823160240838,-0.0472642422528587));
#5014=CARTESIAN_POINT('',(-0.00775395137847565,0.00090053139939182,-0.0473017422528586));
#5015=CARTESIAN_POINT('',(-0.00734982123645667,0.00069997393884689,-0.0473392422528587));
#5016=CARTESIAN_POINT('',(-0.00694569109443769,0.000499416478301959,-0.0473767422528586));
#5017=CARTESIAN_POINT('',(-0.00691731387917861,4.91507786060445E-5,-0.0474142422528587));
#5018=CARTESIAN_POINT('',(-0.00688893666391952,-0.000401114921089869,-0.0474517422528587));
#5019=CARTESIAN_POINT('',(-0.00726468959067942,-0.000650823160240852,-0.0474892422528587));
#5020=CARTESIAN_POINT('',(-0.00764044251743931,-0.000900531399391835,-0.0475267422528586));
#5021=CARTESIAN_POINT('',(-0.00804457265945829,-0.000699973938846904,-0.0475642422528587));
#5022=CARTESIAN_POINT('',(-0.00844870280147727,-0.000499416478301973,-0.0476017422528587));
#5023=CARTESIAN_POINT('',(-0.00847708001673635,-4.9150778606059E-5,-0.0476392422528587));
#5024=CARTESIAN_POINT('',(-0.00850545723199543,0.000401114921089855,-0.0476767422528587));
#5025=CARTESIAN_POINT('',(-0.00812970430523554,0.000650823160240838,-0.0477142422528587));
#5026=CARTESIAN_POINT('',(-0.00775395137847565,0.00090053139939182,-0.0477517422528586));
#5027=CARTESIAN_POINT('',(-0.00734982123645667,0.00069997393884689,-0.0477892422528587));
#5028=CARTESIAN_POINT('',(-0.00694569109443769,0.000499416478301959,-0.0478267422528586));
#5029=CARTESIAN_POINT('',(-0.00691731387917861,4.91507786060445E-5,-0.0478642422528587));
#5030=CARTESIAN_POINT('',(-0.00688893666391952,-0.000401114921089869,-0.0479017422528587));
#5031=CARTESIAN_POINT('',(-0.00726468959067942,-0.000650823160240852,-0.0479392422528587));
#5032=CARTESIAN_POINT('',(-0.00764044251743931,-0.000900531399391835,-0.0479767422528586));
#5033=CARTESIAN_POINT('',(-0.00804457265945829,-0.000699973938846904,-0.0480142422528587));
#5034=CARTESIAN_POINT('',(-0.00844870280147727,-0.000499416478301973,-0.0480517422528587));
#5035=CARTESIAN_POINT('',(-0.00847708001673635,-4.9150778606059E-5,-0.0480892422528587));
#5036=CARTESIAN_POINT('',(-0.00850545723199543,0.000401114921089855,-0.0481267422528587));
#5037=CARTESIAN_POINT('',(-0.00812970430523554,0.000650823160240838,-0.0481642422528587));
#5038=CARTESIAN_POINT('',(-0.00775395137847565,0.00090053139939182,-0.0482017422528586));
#5039=CARTESIAN_POINT('',(-0.00734982123645667,0.00069997393884689,-0.0482392422528587));
#5040=CARTESIAN_POINT('',(-0.00694569109443769,0.000499416478301959,-0.0482767422528587));
#5041=CARTESIAN_POINT('',(-0.00691731387917861,4.91507786060445E-5,-0.0483142422528587));
#5042=CARTESIAN_POINT('',(-0.00688893666391952,-0.000401114921089869,-0.0483517422528587));
#5043=CARTESIAN_POINT('',(-0.00726468959067942,-0.000650823160240852,-0.0483892422528587));
#5044=CARTESIAN_POINT('',(-0.00764044251743931,-0.000900531399391835,-0.0484267422528586));
#5045=CARTESIAN_POINT('',(-0.00804457265945829,-0.000699973938846904,-0.0484642422528587));
#5046=CARTESIAN_POINT('',(-0.00844870280147727,-0.000499416478301973,-0.0485017422528587));
#5047=CARTESIAN_POINT('',(-0.00847708001673635,-4.91507786060591E-5,-0.0485392422528587));
#5048=CARTESIAN_POINT('',(-0.00850545723199543,0.000401114921089855,-0.0485767422528587));
#5049=CARTESIAN_POINT('',(-0.00812970430523554,0.000650823160240838,-0.0486142422528587));
#5050=CARTESIAN_POINT('',(-0.00775395137847565,0.00090053139939182,-0.0486517422528586));
#5051=CARTESIAN_POINT('',(-0.00734982123645667,0.00069997393884689,-0.0486892422528587));
#5052=CARTESIAN_POINT('',(-0.00694569109443769,0.000499416478301959,-0.0487267422528587));
#5053=CARTESIAN_POINT('',(-0.00691731387917861,4.91507786060445E-5,-0.0487642422528587));
#5054=CARTESIAN_POINT('',(-0.00688893666391952,-0.000401114921089869,-0.0488017422528587));
#5055=CARTESIAN_POINT('',(-0.00726468959067942,-0.000650823160240852,-0.0488392422528587));
#5056=CARTESIAN_POINT('',(-0.00764044251743931,-0.000900531399391835,-0.0488767422528586));
#5057=CARTESIAN_POINT('',(-0.00804457265945829,-0.000699973938846904,-0.0489142422528587));
#5058=CARTESIAN_POINT('',(-0.00844870280147727,-0.000499416478301973,-0.0489517422528587));
#5059=CARTESIAN_POINT('',(-0.00847708001673635,-4.91507786060591E-5,-0.0489892422528587));
#5060=CARTESIAN_POINT('',(-0.00850545723199543,0.000401114921089854,-0.0490267422528587));
#5061=CARTESIAN_POINT('',(-0.00812970430523554,0.000650823160240838,-0.0490642422528587));
#5062=CARTESIAN_POINT('',(-0.00775395137847565,0.00090053139939182,-0.0491017422528586));
#5063=CARTESIAN_POINT('',(-0.00734982123645667,0.00069997393884689,-0.0491392422528587));
#5064=CARTESIAN_POINT('',(-0.00694569109443769,0.000499416478301959,-0.0491767422528587));
#5065=CARTESIAN_POINT('',(-0.00691731387917861,4.91507786060444E-5,-0.0492142422528587));
#5066=CARTESIAN_POINT('',(-0.00688893666391952,-0.000401114921089869,-0.0492517422528586));
#5067=CARTESIAN_POINT('',(-0.00726468959067942,-0.000650823160240852,-0.0492892422528587));
#5068=CARTESIAN_POINT('',(-0.00764044251743931,-0.000900531399391835,-0.0493267422528587));
#5069=CARTESIAN_POINT('',(-0.00804457265945829,-0.000699973938846904,-0.0493642422528587));
#5070=CARTESIAN_POINT('',(-0.00844870280147727,-0.000499416478301973,-0.0494017422528587));
#5071=CARTESIAN_POINT('',(-0.00847708001673635,-4.91507786060591E-5,-0.0494392422528587));
#5072=CARTESIAN_POINT('',(-0.00850545723199543,0.000401114921089854,-0.0494767422528586));
#5073=CARTESIAN_POINT('',(-0.00812970430523554,0.000650823160240838,-0.0495142422528587));
#5074=CARTESIAN_POINT('',(-0.00775395137847565,0.00090053139939182,-0.0495517422528586));
#5075=CARTESIAN_POINT('',(-0.00734982123645667,0.00069997393884689,-0.0495892422528587));
#5076=CARTESIAN_POINT('',(-0.00694569109443769,0.000499416478301958,-0.0496267422528587));
#5077=CARTESIAN_POINT('',(-0.00691731387917861,4.91507786060444E-5,-0.0496642422528587));
#5078=CARTESIAN_POINT('',(-0.00688893666391952,-0.000401114921089869,-0.0497017422528586));
#5079=CARTESIAN_POINT('',(-0.00726468959067942,-0.000650823160240852,-0.0497392422528587));
#5080=CARTESIAN_POINT('',(-0.00764044251743931,-0.000900531399391835,-0.0497767422528586));
#5081=CARTESIAN_POINT('',(-0.00804457265945829,-0.000699973938846904,-0.0498142422528587));
#5082=CARTESIAN_POINT('',(-0.00844870280147727,-0.000499416478301973,-0.0498517422528587));
#5083=CARTESIAN_POINT('',(-0.00847708001673635,-4.91507786060591E-5,-0.0498892422528587));
#5084=CARTESIAN_POINT('',(-0.00850545723199543,0.000401114921089854,-0.0499267422528586));
#5085=CARTESIAN_POINT('',(-0.00812970430523554,0.000650823160240838,-0.0499642422528587));
#5086=CARTESIAN_POINT('',(-0.00775395137847565,0.00090053139939182,-0.0500017422528586));
#5087=CARTESIAN_POINT('',(-0.00734982123645667,0.00069997393884689,-0.0500392422528587));
#5088=CARTESIAN_POINT('',(-0.00694569109443769,0.000499416478301958,-0.0500767422528587));
#5089=CARTESIAN_POINT('',(-0.00691731387917861,4.91507786060444E-5,-0.0501142422528587));
#5090=CARTESIAN_POINT('',(-0.00688893666391952,-0.000401114921089869,-0.0501517422528586));
#5091=CARTESIAN_POINT('',(-0.00726468959067942,-0.000650823160240852,-0.0501892422528587));
#5092=CARTESIAN_POINT('',(-0.00764044251743931,-0.000900531399391835,-0.0502267422528586));
#5093=CARTESIAN_POINT('',(-0.00804457265945829,-0.000699973938846904,-0.0502642422528587));
#5094=CARTESIAN_POINT('',(-0.00844870280147727,-0.000499416478301973,-0.0503017422528587));
#5095=CARTESIAN_POINT('',(-0.00847708001673635,-4.91507786060592E-5,-0.0503392422528587));
#5096=CARTESIAN_POINT('',(-0.00850545723199543,0.000401114921089854,-0.0503767422528586));
#5097=CARTESIAN_POINT('',(-0.00812970430523554,0.000650823160240838,-0.0504142422528587));
#5098=CARTESIAN_POINT('',(-0.00775395137847565,0.00090053139939182,-0.0504517422528586));
#5099=CARTESIAN_POINT('',(-0.00734982123645667,0.00069997393884689,-0.0504892422528587));
#5100=CARTESIAN_POINT('',(-0.00694569109443769,0.000499416478301958,-0.0505267422528587));
#5101=CARTESIAN_POINT('',(-0.00691731387917861,4.91507786060443E-5,-0.0505642422528587));
#5102=CARTESIAN_POINT('',(-0.00688893666391952,-0.000401114921089869,-0.0506017422528586));
#5103=CARTESIAN_POINT('',(-0.00726468959067942,-0.000650823160240852,-0.0506392422528587));
#5104=CARTESIAN_POINT('',(-0.00764044251743931,-0.000900531399391835,-0.0506767422528586));
#5105=CARTESIAN_POINT('',(-0.00804457265945829,-0.000699973938846904,-0.0507142422528587));
#5106=CARTESIAN_POINT('',(-0.00844870280147727,-0.000499416478301973,-0.0507517422528587));
#5107=CARTESIAN_POINT('',(-0.00847708001673635,-4.91507786060592E-5,-0.0507892422528587));
#5108=CARTESIAN_POINT('',(-0.00850545723199543,0.000401114921089854,-0.0508267422528586));
#5109=CARTESIAN_POINT('',(-0.00812970430523554,0.000650823160240838,-0.0508642422528587));
#5110=CARTESIAN_POINT('',(-0.00775395137847565,0.00090053139939182,-0.0509017422528587));
#5111=CARTESIAN_POINT('',(-0.00734982123645667,0.00069997393884689,-0.0509392422528587));
#5112=CARTESIAN_POINT('',(-0.00694569109443769,0.000499416478301958,-0.0509767422528587));
#5113=CARTESIAN_POINT('',(-0.00691731387917861,4.91507786060443E-5,-0.0510142422528587));
#5114=CARTESIAN_POINT('',(-0.00688893666391952,-0.000401114921089869,-0.0510517422528586));
#5115=CARTESIAN_POINT('',(-0.00726468959067942,-0.000650823160240852,-0.0510892422528587));
#5116=CARTESIAN_POINT('',(-0.00764044251743931,-0.000900531399391835,-0.0511267422528587));
#5117=CARTESIAN_POINT('',(-0.00804457265945829,-0.000699973938846904,-0.0511642422528587));
#5118=CARTESIAN_POINT('',(-0.00844870280147727,-0.000499416478301973,-0.0512017422528587));
#5119=CARTESIAN_POINT('',(-0.00847708001673635,-4.91507786060592E-5,-0.0512392422528587));
#5120=CARTESIAN_POINT('',(-0.00850545723199543,0.000401114921089854,-0.0512767422528586));
#5121=CARTESIAN_POINT('',(-0.00812970430523554,0.000650823160240837,-0.0513142422528587));
#5122=CARTESIAN_POINT('',(-0.00775395137847565,0.00090053139939182,-0.0513517422528586));
#5123=CARTESIAN_POINT('',(-0.00734982123645667,0.00069997393884689,-0.0513892422528587));
#5124=CARTESIAN_POINT('',(-0.00694569109443769,0.000499416478301958,-0.0514267422528587));
#5125=CARTESIAN_POINT('',(-0.00691731387917861,4.91507786060443E-5,-0.0514642422528587));
#5126=CARTESIAN_POINT('',(-0.00688893666391952,-0.000401114921089869,-0.0515017422528586));
#5127=CARTESIAN_POINT('',(-0.00726468959067942,-0.000650823160240853,-0.0515392422528587));
#5128=CARTESIAN_POINT('',(-0.00745579954464454,-0.00077782611002586,-0.0515583149539963));
#5129=CARTESIAN_POINT('',(-0.00768523455691166,-0.000781338787726562,-0.0515803132346703));
#5130=CARTESIAN_POINT('',(-0.00714806880244951,-0.000865495973307206,-0.0514));
#5131=CARTESIAN_POINT('',(-0.00691394829814111,-0.000677716952245501,-0.0514));
#5132=CARTESIAN_POINT('',(-0.00663612541488714,-7.96252064430196E-5,-0.0514));
#5133=CARTESIAN_POINT('',(-0.00697458868514039,0.000501096046047192,-0.0514));
#5134=CARTESIAN_POINT('',(-0.00724336793390039,0.000636138841767655,-0.0514));
#5135=CARTESIAN_POINT('',(-0.00769719694795748,-7.42875262356617E-18,-0.0514));
#5136=CARTESIAN_POINT('',(0.0510826861208214,4.91507786060516E-5,-0.0448267422528586));
#5137=CARTESIAN_POINT('',(0.0511110633360804,-0.000401114921089862,-0.0448642422528587));
#5138=CARTESIAN_POINT('',(0.0507353104093206,-0.000650823160240845,-0.0449017422528586));
#5139=CARTESIAN_POINT('',(0.0503595574825607,-0.000900531399391828,-0.0449392422528587));
#5140=CARTESIAN_POINT('',(0.0499554273405417,-0.000699973938846897,-0.0449767422528587));
#5141=CARTESIAN_POINT('',(0.0495512971985227,-0.000499416478301966,-0.0450142422528586));
#5142=CARTESIAN_POINT('',(0.0495229199832637,-4.91507786060519E-5,-0.0450517422528587));
#5143=CARTESIAN_POINT('',(0.0494945427680046,0.000401114921089862,-0.0450892422528587));
#5144=CARTESIAN_POINT('',(0.0498702956947645,0.000650823160240845,-0.0451267422528587));
#5145=CARTESIAN_POINT('',(0.0502460486215243,0.000900531399391827,-0.0451642422528587));
#5146=CARTESIAN_POINT('',(0.0506501787635433,0.000699973938846897,-0.0452017422528587));
#5147=CARTESIAN_POINT('',(0.0510543089055623,0.000499416478301966,-0.0452392422528586));
#5148=CARTESIAN_POINT('',(0.0510826861208214,4.91507786060516E-5,-0.0452767422528587));
#5149=CARTESIAN_POINT('',(0.0511110633360804,-0.000401114921089862,-0.0453142422528587));
#5150=CARTESIAN_POINT('',(0.0507353104093206,-0.000650823160240845,-0.0453517422528587));
#5151=CARTESIAN_POINT('',(0.0503595574825607,-0.000900531399391828,-0.0453892422528587));
#5152=CARTESIAN_POINT('',(0.0499554273405417,-0.000699973938846897,-0.0454267422528587));
#5153=CARTESIAN_POINT('',(0.0495512971985227,-0.000499416478301966,-0.0454642422528586));
#5154=CARTESIAN_POINT('',(0.0495229199832637,-4.91507786060519E-5,-0.0455017422528587));
#5155=CARTESIAN_POINT('',(0.0494945427680046,0.000401114921089862,-0.0455392422528587));
#5156=CARTESIAN_POINT('',(0.0498702956947645,0.000650823160240845,-0.0455767422528587));
#5157=CARTESIAN_POINT('',(0.0502460486215243,0.000900531399391827,-0.0456142422528587));
#5158=CARTESIAN_POINT('',(0.0506501787635433,0.000699973938846897,-0.0456517422528587));
#5159=CARTESIAN_POINT('',(0.0510543089055623,0.000499416478301966,-0.0456892422528586));
#5160=CARTESIAN_POINT('',(0.0510826861208214,4.91507786060516E-5,-0.0457267422528587));
#5161=CARTESIAN_POINT('',(0.0511110633360804,-0.000401114921089862,-0.0457642422528587));
#5162=CARTESIAN_POINT('',(0.0507353104093206,-0.000650823160240845,-0.0458017422528587));
#5163=CARTESIAN_POINT('',(0.0503595574825607,-0.000900531399391828,-0.0458392422528587));
#5164=CARTESIAN_POINT('',(0.0499554273405417,-0.000699973938846897,-0.0458767422528587));
#5165=CARTESIAN_POINT('',(0.0495512971985227,-0.000499416478301966,-0.0459142422528586));
#5166=CARTESIAN_POINT('',(0.0495229199832637,-4.9150778606052E-5,-0.0459517422528587));
#5167=CARTESIAN_POINT('',(0.0494945427680046,0.000401114921089862,-0.0459892422528587));
#5168=CARTESIAN_POINT('',(0.0498702956947645,0.000650823160240845,-0.0460267422528587));
#5169=CARTESIAN_POINT('',(0.0502460486215243,0.000900531399391827,-0.0460642422528587));
#5170=CARTESIAN_POINT('',(0.0506501787635433,0.000699973938846897,-0.0461017422528587));
#5171=CARTESIAN_POINT('',(0.0510543089055623,0.000499416478301966,-0.0461392422528586));
#5172=CARTESIAN_POINT('',(0.0510826861208214,4.91507786060515E-5,-0.0461767422528587));
#5173=CARTESIAN_POINT('',(0.0511110633360804,-0.000401114921089862,-0.0462142422528587));
#5174=CARTESIAN_POINT('',(0.0507353104093206,-0.000650823160240845,-0.0462517422528587));
#5175=CARTESIAN_POINT('',(0.0503595574825607,-0.000900531399391828,-0.0462892422528586));
#5176=CARTESIAN_POINT('',(0.0499554273405417,-0.000699973938846897,-0.0463267422528587));
#5177=CARTESIAN_POINT('',(0.0495512971985227,-0.000499416478301966,-0.0463642422528586));
#5178=CARTESIAN_POINT('',(0.0495229199832637,-4.9150778606052E-5,-0.0464017422528587));
#5179=CARTESIAN_POINT('',(0.0494945427680046,0.000401114921089862,-0.0464392422528587));
#5180=CARTESIAN_POINT('',(0.0498702956947645,0.000650823160240845,-0.0464767422528587));
#5181=CARTESIAN_POINT('',(0.0502460486215243,0.000900531399391827,-0.0465142422528587));
#5182=CARTESIAN_POINT('',(0.0506501787635433,0.000699973938846897,-0.0465517422528587));
#5183=CARTESIAN_POINT('',(0.0510543089055623,0.000499416478301966,-0.0465892422528586));
#5184=CARTESIAN_POINT('',(0.0510826861208214,4.91507786060515E-5,-0.0466267422528587));
#5185=CARTESIAN_POINT('',(0.0511110633360804,-0.000401114921089862,-0.0466642422528587));
#5186=CARTESIAN_POINT('',(0.0507353104093206,-0.000650823160240845,-0.0467017422528587));
#5187=CARTESIAN_POINT('',(0.0503595574825607,-0.000900531399391828,-0.0467392422528586));
#5188=CARTESIAN_POINT('',(0.0499554273405417,-0.000699973938846897,-0.0467767422528587));
#5189=CARTESIAN_POINT('',(0.0495512971985227,-0.000499416478301966,-0.0468142422528586));
#5190=CARTESIAN_POINT('',(0.0495229199832637,-4.9150778606052E-5,-0.0468517422528587));
#5191=CARTESIAN_POINT('',(0.0494945427680046,0.000401114921089862,-0.0468892422528587));
#5192=CARTESIAN_POINT('',(0.0498702956947645,0.000650823160240845,-0.0469267422528587));
#5193=CARTESIAN_POINT('',(0.0502460486215243,0.000900531399391827,-0.0469642422528586));
#5194=CARTESIAN_POINT('',(0.0506501787635433,0.000699973938846897,-0.0470017422528587));
#5195=CARTESIAN_POINT('',(0.0510543089055623,0.000499416478301966,-0.0470392422528586));
#5196=CARTESIAN_POINT('',(0.0510826861208214,4.91507786060515E-5,-0.0470767422528587));
#5197=CARTESIAN_POINT('',(0.0511110633360804,-0.000401114921089862,-0.0471142422528587));
#5198=CARTESIAN_POINT('',(0.0507353104093206,-0.000650823160240845,-0.0471517422528587));
#5199=CARTESIAN_POINT('',(0.0503595574825607,-0.000900531399391828,-0.0471892422528586));
#5200=CARTESIAN_POINT('',(0.0499554273405417,-0.000699973938846897,-0.0472267422528587));
#5201=CARTESIAN_POINT('',(0.0495512971985227,-0.000499416478301966,-0.0472642422528586));
#5202=CARTESIAN_POINT('',(0.0495229199832637,-4.9150778606052E-5,-0.0473017422528587));
#5203=CARTESIAN_POINT('',(0.0494945427680046,0.000401114921089862,-0.0473392422528587));
#5204=CARTESIAN_POINT('',(0.0498702956947645,0.000650823160240845,-0.0473767422528587));
#5205=CARTESIAN_POINT('',(0.0502460486215243,0.000900531399391827,-0.0474142422528586));
#5206=CARTESIAN_POINT('',(0.0506501787635433,0.000699973938846897,-0.0474517422528587));
#5207=CARTESIAN_POINT('',(0.0510543089055623,0.000499416478301966,-0.0474892422528587));
#5208=CARTESIAN_POINT('',(0.0510826861208214,4.91507786060515E-5,-0.0475267422528587));
#5209=CARTESIAN_POINT('',(0.0511110633360804,-0.000401114921089862,-0.0475642422528587));
#5210=CARTESIAN_POINT('',(0.0507353104093206,-0.000650823160240845,-0.0476017422528587));
#5211=CARTESIAN_POINT('',(0.0503595574825607,-0.000900531399391828,-0.0476392422528586));
#5212=CARTESIAN_POINT('',(0.0499554273405417,-0.000699973938846897,-0.0476767422528587));
#5213=CARTESIAN_POINT('',(0.0495512971985227,-0.000499416478301966,-0.0477142422528586));
#5214=CARTESIAN_POINT('',(0.0495229199832637,-4.91507786060521E-5,-0.0477517422528587));
#5215=CARTESIAN_POINT('',(0.0494945427680046,0.000401114921089861,-0.0477892422528587));
#5216=CARTESIAN_POINT('',(0.0498702956947645,0.000650823160240845,-0.0478267422528587));
#5217=CARTESIAN_POINT('',(0.0502460486215243,0.000900531399391827,-0.0478642422528586));
#5218=CARTESIAN_POINT('',(0.0506501787635433,0.000699973938846897,-0.0479017422528587));
#5219=CARTESIAN_POINT('',(0.0510543089055623,0.000499416478301966,-0.0479392422528587));
#5220=CARTESIAN_POINT('',(0.0510826861208214,4.91507786060514E-5,-0.0479767422528587));
#5221=CARTESIAN_POINT('',(0.0511110633360804,-0.000401114921089862,-0.0480142422528587));
#5222=CARTESIAN_POINT('',(0.0507353104093206,-0.000650823160240845,-0.0480517422528587));
#5223=CARTESIAN_POINT('',(0.0503595574825607,-0.000900531399391828,-0.0480892422528586));
#5224=CARTESIAN_POINT('',(0.0499554273405417,-0.000699973938846897,-0.0481267422528587));
#5225=CARTESIAN_POINT('',(0.0495512971985227,-0.000499416478301966,-0.0481642422528587));
#5226=CARTESIAN_POINT('',(0.0495229199832637,-4.91507786060521E-5,-0.0482017422528587));
#5227=CARTESIAN_POINT('',(0.0494945427680046,0.000401114921089861,-0.0482392422528587));
#5228=CARTESIAN_POINT('',(0.0498702956947645,0.000650823160240845,-0.0482767422528587));
#5229=CARTESIAN_POINT('',(0.0502460486215243,0.000900531399391827,-0.0483142422528586));
#5230=CARTESIAN_POINT('',(0.0506501787635433,0.000699973938846897,-0.0483517422528587));
#5231=CARTESIAN_POINT('',(0.0510543089055623,0.000499416478301966,-0.0483892422528587));
#5232=CARTESIAN_POINT('',(0.0510826861208214,4.91507786060514E-5,-0.0484267422528587));
#5233=CARTESIAN_POINT('',(0.0511110633360804,-0.000401114921089862,-0.0484642422528587));
#5234=CARTESIAN_POINT('',(0.0507353104093206,-0.000650823160240845,-0.0485017422528587));
#5235=CARTESIAN_POINT('',(0.0503595574825607,-0.000900531399391828,-0.0485392422528586));
#5236=CARTESIAN_POINT('',(0.0499554273405417,-0.000699973938846897,-0.0485767422528587));
#5237=CARTESIAN_POINT('',(0.0495512971985227,-0.000499416478301966,-0.0486142422528586));
#5238=CARTESIAN_POINT('',(0.0495229199832637,-4.91507786060521E-5,-0.0486517422528587));
#5239=CARTESIAN_POINT('',(0.0494945427680046,0.000401114921089861,-0.0486892422528587));
#5240=CARTESIAN_POINT('',(0.0498702956947645,0.000650823160240845,-0.0487267422528587));
#5241=CARTESIAN_POINT('',(0.0502460486215243,0.000900531399391827,-0.0487642422528586));
#5242=CARTESIAN_POINT('',(0.0506501787635433,0.000699973938846897,-0.0488017422528587));
#5243=CARTESIAN_POINT('',(0.0510543089055623,0.000499416478301965,-0.0488392422528587));
#5244=CARTESIAN_POINT('',(0.0510826861208214,4.91507786060514E-5,-0.0488767422528587));
#5245=CARTESIAN_POINT('',(0.0511110633360804,-0.000401114921089862,-0.0489142422528587));
#5246=CARTESIAN_POINT('',(0.0507353104093206,-0.000650823160240845,-0.0489517422528587));
#5247=CARTESIAN_POINT('',(0.0503595574825607,-0.000900531399391828,-0.0489892422528586));
#5248=CARTESIAN_POINT('',(0.0499554273405417,-0.000699973938846897,-0.0490267422528587));
#5249=CARTESIAN_POINT('',(0.0495512971985227,-0.000499416478301966,-0.0490642422528587));
#5250=CARTESIAN_POINT('',(0.0495229199832637,-4.91507786060522E-5,-0.0491017422528587));
#5251=CARTESIAN_POINT('',(0.0494945427680046,0.000401114921089861,-0.0491392422528586));
#5252=CARTESIAN_POINT('',(0.0498702956947645,0.000650823160240845,-0.0491767422528587));
#5253=CARTESIAN_POINT('',(0.0502460486215243,0.000900531399391827,-0.0492142422528586));
#5254=CARTESIAN_POINT('',(0.0506501787635433,0.000699973938846897,-0.0492517422528587));
#5255=CARTESIAN_POINT('',(0.0510543089055623,0.000499416478301965,-0.0492892422528587));
#5256=CARTESIAN_POINT('',(0.0510826861208214,4.91507786060514E-5,-0.0493267422528587));
#5257=CARTESIAN_POINT('',(0.0511110633360804,-0.000401114921089862,-0.0493642422528586));
#5258=CARTESIAN_POINT('',(0.0507353104093206,-0.000650823160240845,-0.0494017422528587));
#5259=CARTESIAN_POINT('',(0.0503595574825607,-0.000900531399391828,-0.0494392422528586));
#5260=CARTESIAN_POINT('',(0.0499554273405417,-0.000699973938846897,-0.0494767422528587));
#5261=CARTESIAN_POINT('',(0.0495512971985227,-0.000499416478301966,-0.0495142422528587));
#5262=CARTESIAN_POINT('',(0.0495229199832637,-4.91507786060522E-5,-0.0495517422528587));
#5263=CARTESIAN_POINT('',(0.0494945427680046,0.000401114921089861,-0.0495892422528587));
#5264=CARTESIAN_POINT('',(0.0498702956947645,0.000650823160240845,-0.0496267422528587));
#5265=CARTESIAN_POINT('',(0.0502460486215243,0.000900531399391827,-0.0496642422528586));
#5266=CARTESIAN_POINT('',(0.0506501787635433,0.000699973938846897,-0.0497017422528587));
#5267=CARTESIAN_POINT('',(0.0510543089055623,0.000499416478301965,-0.0497392422528587));
#5268=CARTESIAN_POINT('',(0.0510826861208214,4.91507786060513E-5,-0.0497767422528587));
#5269=CARTESIAN_POINT('',(0.0511110633360804,-0.000401114921089862,-0.0498142422528586));
#5270=CARTESIAN_POINT('',(0.0507353104093206,-0.000650823160240846,-0.0498517422528587));
#5271=CARTESIAN_POINT('',(0.0503595574825607,-0.000900531399391828,-0.0498892422528586));
#5272=CARTESIAN_POINT('',(0.0499554273405417,-0.000699973938846897,-0.0499267422528587));
#5273=CARTESIAN_POINT('',(0.0495512971985227,-0.000499416478301966,-0.0499642422528587));
#5274=CARTESIAN_POINT('',(0.0495229199832637,-4.91507786060522E-5,-0.0500017422528587));
#5275=CARTESIAN_POINT('',(0.0494945427680046,0.000401114921089861,-0.0500392422528586));
#5276=CARTESIAN_POINT('',(0.0498702956947645,0.000650823160240845,-0.0500767422528587));
#5277=CARTESIAN_POINT('',(0.0502460486215243,0.000900531399391827,-0.0501142422528586));
#5278=CARTESIAN_POINT('',(0.0506501787635433,0.000699973938846897,-0.0501517422528587));
#5279=CARTESIAN_POINT('',(0.0510543089055623,0.000499416478301965,-0.0501892422528587));
#5280=CARTESIAN_POINT('',(0.0510826861208214,4.91507786060513E-5,-0.0502267422528587));
#5281=CARTESIAN_POINT('',(0.0511110633360804,-0.000401114921089862,-0.0502642422528586));
#5282=CARTESIAN_POINT('',(0.0507353104093206,-0.000650823160240846,-0.0503017422528587));
#5283=CARTESIAN_POINT('',(0.0503595574825607,-0.000900531399391828,-0.0503392422528586));
#5284=CARTESIAN_POINT('',(0.0499554273405417,-0.000699973938846897,-0.0503767422528587));
#5285=CARTESIAN_POINT('',(0.0495512971985227,-0.000499416478301966,-0.0504142422528587));
#5286=CARTESIAN_POINT('',(0.0495229199832637,-4.91507786060522E-5,-0.0504517422528587));
#5287=CARTESIAN_POINT('',(0.0494945427680046,0.000401114921089861,-0.0504892422528586));
#5288=CARTESIAN_POINT('',(0.0498702956947645,0.000650823160240845,-0.0505267422528587));
#5289=CARTESIAN_POINT('',(0.0502460486215243,0.000900531399391827,-0.0505642422528587));
#5290=CARTESIAN_POINT('',(0.0506501787635433,0.000699973938846897,-0.0506017422528587));
#5291=CARTESIAN_POINT('',(0.0510543089055623,0.000499416478301965,-0.0506392422528587));
#5292=CARTESIAN_POINT('',(0.0510826861208214,4.91507786060513E-5,-0.0506767422528587));
#5293=CARTESIAN_POINT('',(0.0511110633360804,-0.000401114921089862,-0.0507142422528586));
#5294=CARTESIAN_POINT('',(0.0507353104093206,-0.000650823160240846,-0.0507517422528587));
#5295=CARTESIAN_POINT('',(0.0503595574825607,-0.000900531399391828,-0.0507892422528586));
#5296=CARTESIAN_POINT('',(0.0499554273405417,-0.000699973938846897,-0.0508267422528587));
#5297=CARTESIAN_POINT('',(0.0495512971985227,-0.000499416478301966,-0.0508642422528587));
#5298=CARTESIAN_POINT('',(0.0495229199832637,-4.91507786060523E-5,-0.0509017422528587));
#5299=CARTESIAN_POINT('',(0.0494945427680046,0.000401114921089861,-0.0509392422528586));
#5300=CARTESIAN_POINT('',(0.0498702956947645,0.000650823160240845,-0.0509767422528587));
#5301=CARTESIAN_POINT('',(0.0502460486215243,0.000900531399391827,-0.0510142422528587));
#5302=CARTESIAN_POINT('',(0.0506501787635433,0.000699973938846897,-0.0510517422528587));
#5303=CARTESIAN_POINT('',(0.0510543089055623,0.000499416478301965,-0.0510892422528587));
#5304=CARTESIAN_POINT('',(0.0510826861208214,4.91507786060512E-5,-0.0511267422528587));
#5305=CARTESIAN_POINT('',(0.0511110633360804,-0.000401114921089862,-0.0511642422528586));
#5306=CARTESIAN_POINT('',(0.0507353104093206,-0.000650823160240846,-0.0512017422528587));
#5307=CARTESIAN_POINT('',(0.0503595574825607,-0.000900531399391828,-0.0512392422528587));
#5308=CARTESIAN_POINT('',(0.0499554273405417,-0.000699973938846898,-0.0512767422528587));
#5309=CARTESIAN_POINT('',(0.0495512971985227,-0.000499416478301966,-0.0513142422528587));
#5310=CARTESIAN_POINT('',(0.0495229199832637,-4.91507786060523E-5,-0.0513517422528587));
#5311=CARTESIAN_POINT('',(0.0494945427680046,0.000401114921089861,-0.0513892422528586));
#5312=CARTESIAN_POINT('',(0.0498702956947645,0.000650823160240844,-0.0514267422528587));
#5313=CARTESIAN_POINT('',(0.0499227188718209,0.000685661210196554,-0.0514319740661051));
#5314=CARTESIAN_POINT('',(0.0499800423390859,0.000711659273934683,-0.0514376219016115));
#5315=CARTESIAN_POINT('',(0.0513257734808128,6.44709381160851E-5,-0.0449673672528586));
#5316=CARTESIAN_POINT('',(0.051362995794289,-0.000526141314307457,-0.0450048672528587));
#5317=CARTESIAN_POINT('',(0.050870121736642,-0.000853682909577272,-0.0450423672528587));
#5318=CARTESIAN_POINT('',(0.050377247678995,-0.00118122450484708,-0.0450798672528586));
#5319=CARTESIAN_POINT('',(0.0498471513078717,-0.000918153847693357,-0.0451173672528587));
#5320=CARTESIAN_POINT('',(0.0493170549367485,-0.000655083190539628,-0.0451548672528587));
#5321=CARTESIAN_POINT('',(0.0492798326232723,-6.44709381160854E-5,-0.0451923672528587));
#5322=CARTESIAN_POINT('',(0.049242610309796,0.000526141314307457,-0.0452298672528587));
#5323=CARTESIAN_POINT('',(0.0497354843674431,0.000853682909577271,-0.0452673672528587));
#5324=CARTESIAN_POINT('',(0.0502283584250901,0.00118122450484708,-0.0453048672528586));
#5325=CARTESIAN_POINT('',(0.0507584547962133,0.000918153847693357,-0.0453423672528587));
#5326=CARTESIAN_POINT('',(0.0512885511673366,0.000655083190539628,-0.0453798672528586));
#5327=CARTESIAN_POINT('',(0.0513257734808128,6.44709381160851E-5,-0.0454173672528587));
#5328=CARTESIAN_POINT('',(0.051362995794289,-0.000526141314307457,-0.0454548672528587));
#5329=CARTESIAN_POINT('',(0.050870121736642,-0.000853682909577272,-0.0454923672528587));
#5330=CARTESIAN_POINT('',(0.050377247678995,-0.00118122450484708,-0.0455298672528586));
#5331=CARTESIAN_POINT('',(0.0498471513078717,-0.000918153847693357,-0.0455673672528587));
#5332=CARTESIAN_POINT('',(0.0493170549367485,-0.000655083190539628,-0.0456048672528587));
#5333=CARTESIAN_POINT('',(0.0492798326232723,-6.44709381160855E-5,-0.0456423672528587));
#5334=CARTESIAN_POINT('',(0.049242610309796,0.000526141314307457,-0.0456798672528587));
#5335=CARTESIAN_POINT('',(0.0497354843674431,0.000853682909577271,-0.0457173672528587));
#5336=CARTESIAN_POINT('',(0.0502283584250901,0.00118122450484708,-0.0457548672528586));
#5337=CARTESIAN_POINT('',(0.0507584547962133,0.000918153847693357,-0.0457923672528587));
#5338=CARTESIAN_POINT('',(0.0512885511673366,0.000655083190539628,-0.0458298672528586));
#5339=CARTESIAN_POINT('',(0.0513257734808128,6.44709381160851E-5,-0.0458673672528587));
#5340=CARTESIAN_POINT('',(0.051362995794289,-0.000526141314307457,-0.0459048672528587));
#5341=CARTESIAN_POINT('',(0.050870121736642,-0.000853682909577272,-0.0459423672528587));
#5342=CARTESIAN_POINT('',(0.050377247678995,-0.00118122450484708,-0.0459798672528586));
#5343=CARTESIAN_POINT('',(0.0498471513078717,-0.000918153847693357,-0.0460173672528587));
#5344=CARTESIAN_POINT('',(0.0493170549367485,-0.000655083190539628,-0.0460548672528587));
#5345=CARTESIAN_POINT('',(0.0492798326232723,-6.44709381160855E-5,-0.0460923672528587));
#5346=CARTESIAN_POINT('',(0.049242610309796,0.000526141314307457,-0.0461298672528587));
#5347=CARTESIAN_POINT('',(0.0497354843674431,0.000853682909577271,-0.0461673672528587));
#5348=CARTESIAN_POINT('',(0.0502283584250901,0.00118122450484708,-0.0462048672528586));
#5349=CARTESIAN_POINT('',(0.0507584547962133,0.000918153847693357,-0.0462423672528587));
#5350=CARTESIAN_POINT('',(0.0512885511673366,0.000655083190539628,-0.0462798672528587));
#5351=CARTESIAN_POINT('',(0.0513257734808128,6.4470938116085E-5,-0.0463173672528587));
#5352=CARTESIAN_POINT('',(0.051362995794289,-0.000526141314307457,-0.0463548672528587));
#5353=CARTESIAN_POINT('',(0.050870121736642,-0.000853682909577272,-0.0463923672528587));
#5354=CARTESIAN_POINT('',(0.050377247678995,-0.00118122450484708,-0.0464298672528586));
#5355=CARTESIAN_POINT('',(0.0498471513078717,-0.000918153847693357,-0.0464673672528587));
#5356=CARTESIAN_POINT('',(0.0493170549367485,-0.000655083190539628,-0.0465048672528587));
#5357=CARTESIAN_POINT('',(0.0492798326232723,-6.44709381160855E-5,-0.0465423672528587));
#5358=CARTESIAN_POINT('',(0.049242610309796,0.000526141314307457,-0.0465798672528587));
#5359=CARTESIAN_POINT('',(0.0497354843674431,0.000853682909577271,-0.0466173672528587));
#5360=CARTESIAN_POINT('',(0.0502283584250901,0.00118122450484708,-0.0466548672528586));
#5361=CARTESIAN_POINT('',(0.0507584547962133,0.000918153847693357,-0.0466923672528587));
#5362=CARTESIAN_POINT('',(0.0512885511673366,0.000655083190539628,-0.0467298672528587));
#5363=CARTESIAN_POINT('',(0.0513257734808128,6.4470938116085E-5,-0.0467673672528587));
#5364=CARTESIAN_POINT('',(0.051362995794289,-0.000526141314307457,-0.0468048672528587));
#5365=CARTESIAN_POINT('',(0.050870121736642,-0.000853682909577272,-0.0468423672528587));
#5366=CARTESIAN_POINT('',(0.050377247678995,-0.00118122450484708,-0.0468798672528586));
#5367=CARTESIAN_POINT('',(0.0498471513078717,-0.000918153847693357,-0.0469173672528587));
#5368=CARTESIAN_POINT('',(0.0493170549367485,-0.000655083190539628,-0.0469548672528587));
#5369=CARTESIAN_POINT('',(0.0492798326232723,-6.44709381160855E-5,-0.0469923672528587));
#5370=CARTESIAN_POINT('',(0.049242610309796,0.000526141314307457,-0.0470298672528587));
#5371=CARTESIAN_POINT('',(0.0497354843674431,0.000853682909577271,-0.0470673672528587));
#5372=CARTESIAN_POINT('',(0.0502283584250901,0.00118122450484708,-0.0471048672528586));
#5373=CARTESIAN_POINT('',(0.0507584547962133,0.000918153847693357,-0.0471423672528587));
#5374=CARTESIAN_POINT('',(0.0512885511673366,0.000655083190539628,-0.0471798672528587));
#5375=CARTESIAN_POINT('',(0.0513257734808128,6.4470938116085E-5,-0.0472173672528587));
#5376=CARTESIAN_POINT('',(0.051362995794289,-0.000526141314307457,-0.0472548672528586));
#5377=CARTESIAN_POINT('',(0.050870121736642,-0.000853682909577272,-0.0472923672528587));
#5378=CARTESIAN_POINT('',(0.050377247678995,-0.00118122450484708,-0.0473298672528586));
#5379=CARTESIAN_POINT('',(0.0498471513078717,-0.000918153847693357,-0.0473673672528587));
#5380=CARTESIAN_POINT('',(0.0493170549367485,-0.000655083190539628,-0.0474048672528587));
#5381=CARTESIAN_POINT('',(0.0492798326232723,-6.44709381160856E-5,-0.0474423672528587));
#5382=CARTESIAN_POINT('',(0.049242610309796,0.000526141314307457,-0.0474798672528586));
#5383=CARTESIAN_POINT('',(0.0497354843674431,0.000853682909577271,-0.0475173672528587));
#5384=CARTESIAN_POINT('',(0.0502283584250901,0.00118122450484708,-0.0475548672528586));
#5385=CARTESIAN_POINT('',(0.0507584547962133,0.000918153847693357,-0.0475923672528587));
#5386=CARTESIAN_POINT('',(0.0512885511673366,0.000655083190539628,-0.0476298672528587));
#5387=CARTESIAN_POINT('',(0.0513257734808128,6.4470938116085E-5,-0.0476673672528587));
#5388=CARTESIAN_POINT('',(0.051362995794289,-0.000526141314307457,-0.0477048672528586));
#5389=CARTESIAN_POINT('',(0.050870121736642,-0.000853682909577272,-0.0477423672528587));
#5390=CARTESIAN_POINT('',(0.050377247678995,-0.00118122450484708,-0.0477798672528587));
#5391=CARTESIAN_POINT('',(0.0498471513078717,-0.000918153847693357,-0.0478173672528587));
#5392=CARTESIAN_POINT('',(0.0493170549367485,-0.000655083190539628,-0.0478548672528587));
#5393=CARTESIAN_POINT('',(0.0492798326232723,-6.44709381160856E-5,-0.0478923672528587));
#5394=CARTESIAN_POINT('',(0.049242610309796,0.000526141314307457,-0.0479298672528586));
#5395=CARTESIAN_POINT('',(0.0497354843674431,0.000853682909577271,-0.0479673672528587));
#5396=CARTESIAN_POINT('',(0.0502283584250901,0.00118122450484708,-0.0480048672528587));
#5397=CARTESIAN_POINT('',(0.0507584547962133,0.000918153847693357,-0.0480423672528587));
#5398=CARTESIAN_POINT('',(0.0512885511673366,0.000655083190539628,-0.0480798672528587));
#5399=CARTESIAN_POINT('',(0.0513257734808128,6.44709381160849E-5,-0.0481173672528587));
#5400=CARTESIAN_POINT('',(0.051362995794289,-0.000526141314307457,-0.0481548672528586));
#5401=CARTESIAN_POINT('',(0.050870121736642,-0.000853682909577272,-0.0481923672528587));
#5402=CARTESIAN_POINT('',(0.050377247678995,-0.00118122450484708,-0.0482298672528586));
#5403=CARTESIAN_POINT('',(0.0498471513078717,-0.000918153847693357,-0.0482673672528587));
#5404=CARTESIAN_POINT('',(0.0493170549367485,-0.000655083190539628,-0.0483048672528587));
#5405=CARTESIAN_POINT('',(0.0492798326232723,-6.44709381160856E-5,-0.0483423672528587));
#5406=CARTESIAN_POINT('',(0.049242610309796,0.000526141314307457,-0.0483798672528586));
#5407=CARTESIAN_POINT('',(0.0497354843674431,0.000853682909577271,-0.0484173672528587));
#5408=CARTESIAN_POINT('',(0.0502283584250901,0.00118122450484708,-0.0484548672528586));
#5409=CARTESIAN_POINT('',(0.0507584547962133,0.000918153847693357,-0.0484923672528587));
#5410=CARTESIAN_POINT('',(0.0512885511673366,0.000655083190539628,-0.0485298672528587));
#5411=CARTESIAN_POINT('',(0.0513257734808128,6.44709381160849E-5,-0.0485673672528587));
#5412=CARTESIAN_POINT('',(0.051362995794289,-0.000526141314307457,-0.0486048672528586));
#5413=CARTESIAN_POINT('',(0.050870121736642,-0.000853682909577272,-0.0486423672528587));
#5414=CARTESIAN_POINT('',(0.050377247678995,-0.00118122450484708,-0.0486798672528587));
#5415=CARTESIAN_POINT('',(0.0498471513078717,-0.000918153847693357,-0.0487173672528587));
#5416=CARTESIAN_POINT('',(0.0493170549367485,-0.000655083190539628,-0.0487548672528587));
#5417=CARTESIAN_POINT('',(0.0492798326232723,-6.44709381160857E-5,-0.0487923672528587));
#5418=CARTESIAN_POINT('',(0.049242610309796,0.000526141314307457,-0.0488298672528586));
#5419=CARTESIAN_POINT('',(0.0497354843674431,0.000853682909577271,-0.0488673672528587));
#5420=CARTESIAN_POINT('',(0.0502283584250901,0.00118122450484708,-0.0489048672528586));
#5421=CARTESIAN_POINT('',(0.0507584547962133,0.000918153847693357,-0.0489423672528587));
#5422=CARTESIAN_POINT('',(0.0512885511673366,0.000655083190539628,-0.0489798672528587));
#5423=CARTESIAN_POINT('',(0.0513257734808128,6.44709381160849E-5,-0.0490173672528587));
#5424=CARTESIAN_POINT('',(0.051362995794289,-0.000526141314307457,-0.0490548672528586));
#5425=CARTESIAN_POINT('',(0.050870121736642,-0.000853682909577272,-0.0490923672528587));
#5426=CARTESIAN_POINT('',(0.050377247678995,-0.00118122450484708,-0.0491298672528587));
#5427=CARTESIAN_POINT('',(0.0498471513078717,-0.000918153847693357,-0.0491673672528587));
#5428=CARTESIAN_POINT('',(0.0493170549367485,-0.000655083190539628,-0.0492048672528587));
#5429=CARTESIAN_POINT('',(0.0492798326232723,-6.44709381160857E-5,-0.0492423672528587));
#5430=CARTESIAN_POINT('',(0.049242610309796,0.000526141314307457,-0.0492798672528586));
#5431=CARTESIAN_POINT('',(0.0497354843674431,0.000853682909577271,-0.0493173672528587));
#5432=CARTESIAN_POINT('',(0.0502283584250901,0.00118122450484708,-0.0493548672528587));
#5433=CARTESIAN_POINT('',(0.0507584547962133,0.000918153847693357,-0.0493923672528587));
#5434=CARTESIAN_POINT('',(0.0512885511673366,0.000655083190539628,-0.0494298672528587));
#5435=CARTESIAN_POINT('',(0.0513257734808128,6.44709381160848E-5,-0.0494673672528587));
#5436=CARTESIAN_POINT('',(0.051362995794289,-0.000526141314307457,-0.0495048672528586));
#5437=CARTESIAN_POINT('',(0.050870121736642,-0.000853682909577272,-0.0495423672528587));
#5438=CARTESIAN_POINT('',(0.050377247678995,-0.00118122450484708,-0.0495798672528587));
#5439=CARTESIAN_POINT('',(0.0498471513078717,-0.000918153847693357,-0.0496173672528587));
#5440=CARTESIAN_POINT('',(0.0493170549367485,-0.000655083190539628,-0.0496548672528586));
#5441=CARTESIAN_POINT('',(0.0492798326232723,-6.44709381160857E-5,-0.0496923672528587));
#5442=CARTESIAN_POINT('',(0.049242610309796,0.000526141314307457,-0.0497298672528586));
#5443=CARTESIAN_POINT('',(0.0497354843674431,0.000853682909577271,-0.0497673672528587));
#5444=CARTESIAN_POINT('',(0.0502283584250901,0.00118122450484708,-0.0498048672528587));
#5445=CARTESIAN_POINT('',(0.0507584547962133,0.000918153847693357,-0.0498423672528587));
#5446=CARTESIAN_POINT('',(0.0512885511673366,0.000655083190539628,-0.0498798672528587));
#5447=CARTESIAN_POINT('',(0.0513257734808128,6.44709381160848E-5,-0.0499173672528587));
#5448=CARTESIAN_POINT('',(0.051362995794289,-0.000526141314307458,-0.0499548672528586));
#5449=CARTESIAN_POINT('',(0.050870121736642,-0.000853682909577272,-0.0499923672528587));
#5450=CARTESIAN_POINT('',(0.050377247678995,-0.00118122450484708,-0.0500298672528587));
#5451=CARTESIAN_POINT('',(0.0498471513078717,-0.000918153847693357,-0.0500673672528587));
#5452=CARTESIAN_POINT('',(0.0493170549367485,-0.000655083190539628,-0.0501048672528586));
#5453=CARTESIAN_POINT('',(0.0492798326232723,-6.44709381160857E-5,-0.0501423672528587));
#5454=CARTESIAN_POINT('',(0.049242610309796,0.000526141314307457,-0.0501798672528586));
#5455=CARTESIAN_POINT('',(0.0497354843674431,0.000853682909577271,-0.0502173672528587));
#5456=CARTESIAN_POINT('',(0.0502283584250901,0.00118122450484708,-0.0502548672528587));
#5457=CARTESIAN_POINT('',(0.0507584547962133,0.000918153847693357,-0.0502923672528587));
#5458=CARTESIAN_POINT('',(0.0512885511673366,0.000655083190539628,-0.0503298672528586));
#5459=CARTESIAN_POINT('',(0.0513257734808128,6.44709381160848E-5,-0.0503673672528587));
#5460=CARTESIAN_POINT('',(0.051362995794289,-0.000526141314307458,-0.0504048672528586));
#5461=CARTESIAN_POINT('',(0.050870121736642,-0.000853682909577272,-0.0504423672528587));
#5462=CARTESIAN_POINT('',(0.050377247678995,-0.00118122450484708,-0.0504798672528587));
#5463=CARTESIAN_POINT('',(0.0498471513078717,-0.000918153847693357,-0.0505173672528587));
#5464=CARTESIAN_POINT('',(0.0493170549367485,-0.000655083190539628,-0.0505548672528586));
#5465=CARTESIAN_POINT('',(0.0492798326232723,-6.44709381160858E-5,-0.0505923672528587));
#5466=CARTESIAN_POINT('',(0.049242610309796,0.000526141314307456,-0.0506298672528586));
#5467=CARTESIAN_POINT('',(0.0497354843674431,0.000853682909577271,-0.0506673672528587));
#5468=CARTESIAN_POINT('',(0.0502283584250901,0.00118122450484708,-0.0507048672528587));
#5469=CARTESIAN_POINT('',(0.0507584547962133,0.000918153847693357,-0.0507423672528587));
#5470=CARTESIAN_POINT('',(0.0512885511673366,0.000655083190539628,-0.0507798672528586));
#5471=CARTESIAN_POINT('',(0.0513257734808128,6.44709381160848E-5,-0.0508173672528587));
#5472=CARTESIAN_POINT('',(0.051362995794289,-0.000526141314307458,-0.0508548672528586));
#5473=CARTESIAN_POINT('',(0.050870121736642,-0.000853682909577272,-0.0508923672528587));
#5474=CARTESIAN_POINT('',(0.050377247678995,-0.00118122450484708,-0.0509298672528587));
#5475=CARTESIAN_POINT('',(0.0498471513078717,-0.000918153847693357,-0.0509673672528587));
#5476=CARTESIAN_POINT('',(0.0493170549367485,-0.000655083190539628,-0.0510048672528586));
#5477=CARTESIAN_POINT('',(0.0492798326232723,-6.44709381160858E-5,-0.0510423672528587));
#5478=CARTESIAN_POINT('',(0.049242610309796,0.000526141314307456,-0.0510798672528587));
#5479=CARTESIAN_POINT('',(0.0497354843674431,0.000853682909577271,-0.0511173672528587));
#5480=CARTESIAN_POINT('',(0.0502283584250901,0.00118122450484708,-0.0511548672528587));
#5481=CARTESIAN_POINT('',(0.0507584547962133,0.000918153847693357,-0.0511923672528587));
#5482=CARTESIAN_POINT('',(0.0512885511673366,0.000655083190539628,-0.0512298672528586));
#5483=CARTESIAN_POINT('',(0.0513257734808128,6.44709381160847E-5,-0.0512673672528587));
#5484=CARTESIAN_POINT('',(0.051362995794289,-0.000526141314307458,-0.0513048672528586));
#5485=CARTESIAN_POINT('',(0.050870121736642,-0.000853682909577272,-0.0513423672528587));
#5486=CARTESIAN_POINT('',(0.050377247678995,-0.00118122450484708,-0.0513798672528587));
#5487=CARTESIAN_POINT('',(0.0498471513078717,-0.000918153847693357,-0.0514173672528587));
#5488=CARTESIAN_POINT('',(0.0493170549367485,-0.000655083190539628,-0.0514548672528586));
#5489=CARTESIAN_POINT('',(0.0492798326232723,-6.44709381160858E-5,-0.0514923672528587));
#5490=CARTESIAN_POINT('',(0.049242610309796,0.000526141314307456,-0.0515298672528586));
#5491=CARTESIAN_POINT('',(0.0497354843674431,0.000853682909577271,-0.0515673672528587));
#5492=CARTESIAN_POINT('',(0.0498042477014066,0.000899379881761209,-0.0515725990661051));
#5493=CARTESIAN_POINT('',(0.04987943873226,0.000933481468876099,-0.0515782469016115));
#5494=CARTESIAN_POINT('',(0.0496598935919032,0.000444185576160376,-0.0514));
#5495=CARTESIAN_POINT('',(0.0494502198594746,0.000226934195782041,-0.0514));
#5496=CARTESIAN_POINT('',(0.0493315380394263,-0.000443945543276439,-0.0514));
#5497=CARTESIAN_POINT('',(0.0498053162058675,-0.000905015812458016,-0.0514));
#5498=CARTESIAN_POINT('',(0.0500903050026054,-0.00100273106014793,-0.0514));
#5499=CARTESIAN_POINT('',(0.0496598935918975,0.000444185576152098,-0.051399999999999));
#5500=CARTESIAN_POINT('',(0.0510826861208214,4.91507786060516E-5,-0.0448267422528586));
#5501=CARTESIAN_POINT('',(0.0511110633360804,-0.000401114921089862,-0.0448642422528587));
#5502=CARTESIAN_POINT('',(0.0507353104093206,-0.000650823160240845,-0.0449017422528586));
#5503=CARTESIAN_POINT('',(0.0503595574825607,-0.000900531399391828,-0.0449392422528587));
#5504=CARTESIAN_POINT('',(0.0499554273405417,-0.000699973938846897,-0.0449767422528587));
#5505=CARTESIAN_POINT('',(0.0495512971985227,-0.000499416478301966,-0.0450142422528586));
#5506=CARTESIAN_POINT('',(0.0495229199832637,-4.91507786060519E-5,-0.0450517422528587));
#5507=CARTESIAN_POINT('',(0.0494945427680046,0.000401114921089862,-0.0450892422528587));
#5508=CARTESIAN_POINT('',(0.0498702956947645,0.000650823160240845,-0.0451267422528587));
#5509=CARTESIAN_POINT('',(0.0502460486215243,0.000900531399391827,-0.0451642422528587));
#5510=CARTESIAN_POINT('',(0.0506501787635433,0.000699973938846897,-0.0452017422528587));
#5511=CARTESIAN_POINT('',(0.0510543089055623,0.000499416478301966,-0.0452392422528586));
#5512=CARTESIAN_POINT('',(0.0510826861208214,4.91507786060518E-5,-0.0452767422528587));
#5513=CARTESIAN_POINT('',(0.0511110633360804,-0.000401114921089861,-0.0453142422528587));
#5514=CARTESIAN_POINT('',(0.0507353104093206,-0.000650823160240845,-0.0453517422528587));
#5515=CARTESIAN_POINT('',(0.0503595574825607,-0.000900531399391827,-0.0453892422528587));
#5516=CARTESIAN_POINT('',(0.0499554273405417,-0.000699973938846897,-0.0454267422528587));
#5517=CARTESIAN_POINT('',(0.0495512971985227,-0.000499416478301967,-0.0454642422528586));
#5518=CARTESIAN_POINT('',(0.0495229199832637,-4.91507786060521E-5,-0.0455017422528587));
#5519=CARTESIAN_POINT('',(0.0494945427680046,0.000401114921089861,-0.0455392422528587));
#5520=CARTESIAN_POINT('',(0.0498702956947645,0.000650823160240844,-0.0455767422528587));
#5521=CARTESIAN_POINT('',(0.0502460486215243,0.000900531399391827,-0.0456142422528587));
#5522=CARTESIAN_POINT('',(0.0506501787635433,0.000699973938846897,-0.0456517422528587));
#5523=CARTESIAN_POINT('',(0.0510543089055623,0.000499416478301966,-0.0456892422528586));
#5524=CARTESIAN_POINT('',(0.0510826861208214,4.91507786060519E-5,-0.0457267422528587));
#5525=CARTESIAN_POINT('',(0.0511110633360804,-0.000401114921089861,-0.0457642422528587));
#5526=CARTESIAN_POINT('',(0.0507353104093206,-0.000650823160240845,-0.0458017422528587));
#5527=CARTESIAN_POINT('',(0.0503595574825607,-0.000900531399391827,-0.0458392422528587));
#5528=CARTESIAN_POINT('',(0.0499554273405417,-0.000699973938846897,-0.0458767422528587));
#5529=CARTESIAN_POINT('',(0.0495512971985227,-0.000499416478301967,-0.0459142422528586));
#5530=CARTESIAN_POINT('',(0.0495229199832637,-4.91507786060537E-5,-0.0459517422528587));
#5531=CARTESIAN_POINT('',(0.0494945427680046,0.000401114921089861,-0.0459892422528587));
#5532=CARTESIAN_POINT('',(0.0498702956947645,0.000650823160240844,-0.0460267422528587));
#5533=CARTESIAN_POINT('',(0.0502460486215243,0.000900531399391827,-0.0460642422528587));
#5534=CARTESIAN_POINT('',(0.0506501787635433,0.000699973938846898,-0.0461017422528587));
#5535=CARTESIAN_POINT('',(0.0510543089055623,0.000499416478301968,-0.0461392422528586));
#5536=CARTESIAN_POINT('',(0.0510826861208214,4.91507786060521E-5,-0.0461767422528587));
#5537=CARTESIAN_POINT('',(0.0511110633360804,-0.000401114921089861,-0.0462142422528587));
#5538=CARTESIAN_POINT('',(0.0507353104093206,-0.000650823160240845,-0.0462517422528587));
#5539=CARTESIAN_POINT('',(0.0503595574825607,-0.000900531399391828,-0.0462892422528586));
#5540=CARTESIAN_POINT('',(0.0499554273405417,-0.000699973938846898,-0.0463267422528587));
#5541=CARTESIAN_POINT('',(0.0495512971985227,-0.000499416478301969,-0.0463642422528586));
#5542=CARTESIAN_POINT('',(0.0495229199832637,-4.91507786060526E-5,-0.0464017422528587));
#5543=CARTESIAN_POINT('',(0.0494945427680046,0.000401114921089861,-0.0464392422528587));
#5544=CARTESIAN_POINT('',(0.0498702956947645,0.000650823160240844,-0.0464767422528587));
#5545=CARTESIAN_POINT('',(0.0502460486215243,0.000900531399391827,-0.0465142422528587));
#5546=CARTESIAN_POINT('',(0.0506501787635433,0.000699973938846898,-0.0465517422528587));
#5547=CARTESIAN_POINT('',(0.0510543089055623,0.000499416478301968,-0.0465892422528586));
#5548=CARTESIAN_POINT('',(0.0510826861208214,4.91507786060523E-5,-0.0466267422528587));
#5549=CARTESIAN_POINT('',(0.0511110633360804,-0.000401114921089861,-0.0466642422528587));
#5550=CARTESIAN_POINT('',(0.0507353104093206,-0.000650823160240845,-0.0467017422528587));
#5551=CARTESIAN_POINT('',(0.0503595574825607,-0.000900531399391828,-0.0467392422528586));
#5552=CARTESIAN_POINT('',(0.0499554273405417,-0.000699973938846898,-0.0467767422528587));
#5553=CARTESIAN_POINT('',(0.0495512971985227,-0.000499416478301969,-0.0468142422528586));
#5554=CARTESIAN_POINT('',(0.0495229199832637,-4.91507786060556E-5,-0.0468517422528587));
#5555=CARTESIAN_POINT('',(0.0494945427680046,0.000401114921089861,-0.0468892422528587));
#5556=CARTESIAN_POINT('',(0.0498702956947645,0.000650823160240844,-0.0469267422528587));
#5557=CARTESIAN_POINT('',(0.0502460486215243,0.000900531399391827,-0.0469642422528586));
#5558=CARTESIAN_POINT('',(0.0506501787635433,0.000699973938846898,-0.0470017422528587));
#5559=CARTESIAN_POINT('',(0.0510543089055623,0.000499416478301968,-0.0470392422528586));
#5560=CARTESIAN_POINT('',(0.0510826861208214,4.91507786060552E-5,-0.0470767422528587));
#5561=CARTESIAN_POINT('',(0.0511110633360804,-0.000401114921089861,-0.0471142422528587));
#5562=CARTESIAN_POINT('',(0.0507353104093206,-0.000650823160240844,-0.0471517422528587));
#5563=CARTESIAN_POINT('',(0.0503595574825607,-0.000900531399391827,-0.0471892422528586));
#5564=CARTESIAN_POINT('',(0.0499554273405417,-0.000699973938846898,-0.0472267422528587));
#5565=CARTESIAN_POINT('',(0.0495512971985227,-0.000499416478301966,-0.0472642422528586));
#5566=CARTESIAN_POINT('',(0.0495229199832637,-4.91507786060558E-5,-0.0473017422528587));
#5567=CARTESIAN_POINT('',(0.0494945427680046,0.00040111492108986,-0.0473392422528587));
#5568=CARTESIAN_POINT('',(0.0498702956947645,0.000650823160240842,-0.0473767422528587));
#5569=CARTESIAN_POINT('',(0.0502460486215243,0.000900531399391827,-0.0474142422528586));
#5570=CARTESIAN_POINT('',(0.0506501787635433,0.000699973938846899,-0.0474517422528587));
#5571=CARTESIAN_POINT('',(0.0510543089055623,0.000499416478301969,-0.0474892422528587));
#5572=CARTESIAN_POINT('',(0.0510826861208214,4.91507786060526E-5,-0.0475267422528587));
#5573=CARTESIAN_POINT('',(0.0511110633360804,-0.000401114921089858,-0.0475642422528587));
#5574=CARTESIAN_POINT('',(0.0507353104093206,-0.000650823160240844,-0.0476017422528587));
#5575=CARTESIAN_POINT('',(0.0503595574825607,-0.000900531399391827,-0.0476392422528586));
#5576=CARTESIAN_POINT('',(0.0499554273405417,-0.000699973938846899,-0.0476767422528587));
#5577=CARTESIAN_POINT('',(0.0495512971985227,-0.000499416478301966,-0.0477142422528586));
#5578=CARTESIAN_POINT('',(0.0495229199832637,-4.9150778606056E-5,-0.0477517422528587));
#5579=CARTESIAN_POINT('',(0.0494945427680046,0.00040111492108986,-0.0477892422528587));
#5580=CARTESIAN_POINT('',(0.0498702956947645,0.000650823160240842,-0.0478267422528587));
#5581=CARTESIAN_POINT('',(0.0502460486215243,0.000900531399391827,-0.0478642422528586));
#5582=CARTESIAN_POINT('',(0.0506501787635433,0.000699973938846899,-0.0479017422528587));
#5583=CARTESIAN_POINT('',(0.0510543089055623,0.000499416478301969,-0.0479392422528587));
#5584=CARTESIAN_POINT('',(0.0510826861208214,4.91507786060528E-5,-0.0479767422528587));
#5585=CARTESIAN_POINT('',(0.0511110633360804,-0.000401114921089858,-0.0480142422528587));
#5586=CARTESIAN_POINT('',(0.0507353104093206,-0.000650823160240844,-0.0480517422528587));
#5587=CARTESIAN_POINT('',(0.0503595574825607,-0.000900531399391827,-0.0480892422528586));
#5588=CARTESIAN_POINT('',(0.0499554273405417,-0.000699973938846899,-0.0481267422528587));
#5589=CARTESIAN_POINT('',(0.0495512971985227,-0.000499416478301972,-0.0481642422528587));
#5590=CARTESIAN_POINT('',(0.0495229199832637,-4.91507786060562E-5,-0.0482017422528587));
#5591=CARTESIAN_POINT('',(0.0494945427680046,0.00040111492108986,-0.0482392422528587));
#5592=CARTESIAN_POINT('',(0.0498702956947645,0.000650823160240842,-0.0482767422528587));
#5593=CARTESIAN_POINT('',(0.0502460486215243,0.000900531399391827,-0.0483142422528586));
#5594=CARTESIAN_POINT('',(0.0506501787635433,0.000699973938846899,-0.0483517422528587));
#5595=CARTESIAN_POINT('',(0.0510543089055623,0.000499416478301969,-0.0483892422528587));
#5596=CARTESIAN_POINT('',(0.0510826861208214,4.91507786060529E-5,-0.0484267422528587));
#5597=CARTESIAN_POINT('',(0.0511110633360805,-0.000401114921089858,-0.0484642422528587));
#5598=CARTESIAN_POINT('',(0.0507353104093206,-0.000650823160240844,-0.0485017422528587));
#5599=CARTESIAN_POINT('',(0.0503595574825607,-0.000900531399391827,-0.0485392422528586));
#5600=CARTESIAN_POINT('',(0.0499554273405417,-0.000699973938846899,-0.0485767422528587));
#5601=CARTESIAN_POINT('',(0.0495512971985227,-0.000499416478301972,-0.0486142422528586));
#5602=CARTESIAN_POINT('',(0.0495229199832637,-4.91507786060564E-5,-0.0486517422528587));
#5603=CARTESIAN_POINT('',(0.0494945427680046,0.00040111492108986,-0.0486892422528587));
#5604=CARTESIAN_POINT('',(0.0498702956947645,0.000650823160240842,-0.0487267422528587));
#5605=CARTESIAN_POINT('',(0.0502460486215243,0.000900531399391827,-0.0487642422528586));
#5606=CARTESIAN_POINT('',(0.0506501787635433,0.000699973938846899,-0.0488017422528587));
#5607=CARTESIAN_POINT('',(0.0510543089055623,0.000499416478301969,-0.0488392422528587));
#5608=CARTESIAN_POINT('',(0.0510826861208214,4.91507786060586E-5,-0.0488767422528587));
#5609=CARTESIAN_POINT('',(0.0511110633360805,-0.000401114921089857,-0.0489142422528587));
#5610=CARTESIAN_POINT('',(0.0507353104093206,-0.000650823160240844,-0.0489517422528587));
#5611=CARTESIAN_POINT('',(0.0503595574825607,-0.000900531399391827,-0.0489892422528586));
#5612=CARTESIAN_POINT('',(0.0499554273405417,-0.000699973938846899,-0.0490267422528587));
#5613=CARTESIAN_POINT('',(0.0495512971985227,-0.000499416478301973,-0.0490642422528587));
#5614=CARTESIAN_POINT('',(0.0495229199832637,-4.91507786060566E-5,-0.0491017422528587));
#5615=CARTESIAN_POINT('',(0.0494945427680045,0.000401114921089854,-0.0491392422528586));
#5616=CARTESIAN_POINT('',(0.0498702956947645,0.000650823160240842,-0.0491767422528587));
#5617=CARTESIAN_POINT('',(0.0502460486215243,0.000900531399391827,-0.0492142422528586));
#5618=CARTESIAN_POINT('',(0.0506501787635433,0.000699973938846899,-0.0492517422528587));
#5619=CARTESIAN_POINT('',(0.0510543089055623,0.000499416478301969,-0.0492892422528587));
#5620=CARTESIAN_POINT('',(0.0510826861208214,4.91507786060588E-5,-0.0493267422528587));
#5621=CARTESIAN_POINT('',(0.0511110633360805,-0.000401114921089857,-0.0493642422528586));
#5622=CARTESIAN_POINT('',(0.0507353104093206,-0.000650823160240844,-0.0494017422528587));
#5623=CARTESIAN_POINT('',(0.0503595574825607,-0.000900531399391827,-0.0494392422528586));
#5624=CARTESIAN_POINT('',(0.0499554273405417,-0.000699973938846899,-0.0494767422528587));
#5625=CARTESIAN_POINT('',(0.0495512971985227,-0.000499416478301968,-0.0495142422528587));
#5626=CARTESIAN_POINT('',(0.0495229199832637,-4.91507786060624E-5,-0.0495517422528587));
#5627=CARTESIAN_POINT('',(0.0494945427680045,0.000401114921089853,-0.0495892422528587));
#5628=CARTESIAN_POINT('',(0.0498702956947645,0.000650823160240842,-0.0496267422528587));
#5629=CARTESIAN_POINT('',(0.0502460486215243,0.000900531399391827,-0.0496642422528586));
#5630=CARTESIAN_POINT('',(0.0506501787635433,0.000699973938846897,-0.0497017422528587));
#5631=CARTESIAN_POINT('',(0.0510543089055623,0.000499416478301975,-0.0497392422528587));
#5632=CARTESIAN_POINT('',(0.0510826861208214,4.9150778606059E-5,-0.0497767422528587));
#5633=CARTESIAN_POINT('',(0.0511110633360805,-0.000401114921089857,-0.0498142422528586));
#5634=CARTESIAN_POINT('',(0.0507353104093206,-0.000650823160240844,-0.0498517422528587));
#5635=CARTESIAN_POINT('',(0.0503595574825607,-0.000900531399391828,-0.0498892422528586));
#5636=CARTESIAN_POINT('',(0.0499554273405417,-0.000699973938846902,-0.0499267422528587));
#5637=CARTESIAN_POINT('',(0.0495512971985227,-0.000499416478301973,-0.0499642422528587));
#5638=CARTESIAN_POINT('',(0.0495229199832637,-4.91507786060571E-5,-0.0500017422528587));
#5639=CARTESIAN_POINT('',(0.0494945427680046,0.000401114921089859,-0.0500392422528586));
#5640=CARTESIAN_POINT('',(0.0498702956947645,0.000650823160240838,-0.0500767422528587));
#5641=CARTESIAN_POINT('',(0.0502460486215243,0.000900531399391826,-0.0501142422528586));
#5642=CARTESIAN_POINT('',(0.0506501787635433,0.000699973938846899,-0.0501517422528587));
#5643=CARTESIAN_POINT('',(0.0510543089055623,0.000499416478301969,-0.0501892422528587));
#5644=CARTESIAN_POINT('',(0.0510826861208214,4.91507786060536E-5,-0.0502267422528587));
#5645=CARTESIAN_POINT('',(0.0511110633360805,-0.000401114921089851,-0.0502642422528586));
#5646=CARTESIAN_POINT('',(0.0507353104093206,-0.000650823160240841,-0.0503017422528587));
#5647=CARTESIAN_POINT('',(0.0503595574825607,-0.000900531399391828,-0.0503392422528586));
#5648=CARTESIAN_POINT('',(0.0499554273405417,-0.000699973938846899,-0.0503767422528587));
#5649=CARTESIAN_POINT('',(0.0495512971985227,-0.000499416478301968,-0.0504142422528587));
#5650=CARTESIAN_POINT('',(0.0495229199832637,-4.91507786060628E-5,-0.0504517422528587));
#5651=CARTESIAN_POINT('',(0.0494945427680045,0.000401114921089853,-0.0504892422528586));
#5652=CARTESIAN_POINT('',(0.0498702956947645,0.000650823160240841,-0.0505267422528587));
#5653=CARTESIAN_POINT('',(0.0502460486215243,0.000900531399391827,-0.0505642422528587));
#5654=CARTESIAN_POINT('',(0.0506501787635433,0.000699973938846897,-0.0506017422528587));
#5655=CARTESIAN_POINT('',(0.0510543089055623,0.000499416478301975,-0.0506392422528587));
#5656=CARTESIAN_POINT('',(0.0510826861208214,4.91507786060593E-5,-0.0506767422528587));
#5657=CARTESIAN_POINT('',(0.0511110633360805,-0.000401114921089857,-0.0507142422528586));
#5658=CARTESIAN_POINT('',(0.0507353104093206,-0.000650823160240844,-0.0507517422528587));
#5659=CARTESIAN_POINT('',(0.0503595574825607,-0.000900531399391827,-0.0507892422528586));
#5660=CARTESIAN_POINT('',(0.0499554273405417,-0.000699973938846902,-0.0508267422528587));
#5661=CARTESIAN_POINT('',(0.0495512971985227,-0.000499416478301973,-0.0508642422528587));
#5662=CARTESIAN_POINT('',(0.0495229199832637,-4.91507786060575E-5,-0.0509017422528587));
#5663=CARTESIAN_POINT('',(0.0494945427680046,0.000401114921089858,-0.0509392422528586));
#5664=CARTESIAN_POINT('',(0.0498702956947645,0.000650823160240838,-0.0509767422528587));
#5665=CARTESIAN_POINT('',(0.0502460486215243,0.000900531399391826,-0.0510142422528587));
#5666=CARTESIAN_POINT('',(0.0506501787635433,0.0006999739388469,-0.0510517422528587));
#5667=CARTESIAN_POINT('',(0.0510543089055623,0.00049941647830197,-0.0510892422528587));
#5668=CARTESIAN_POINT('',(0.0510826861208214,4.91507786060539E-5,-0.0511267422528587));
#5669=CARTESIAN_POINT('',(0.0511110633360805,-0.000401114921089851,-0.0511642422528586));
#5670=CARTESIAN_POINT('',(0.0507353104093206,-0.000650823160240841,-0.0512017422528587));
#5671=CARTESIAN_POINT('',(0.0503595574825607,-0.000900531399391827,-0.0512392422528587));
#5672=CARTESIAN_POINT('',(0.0499554273405417,-0.000699973938846899,-0.0512767422528587));
#5673=CARTESIAN_POINT('',(0.0495512971985227,-0.000499416478301968,-0.0513142422528587));
#5674=CARTESIAN_POINT('',(0.0495229199832637,-4.91507786060633E-5,-0.0513517422528587));
#5675=CARTESIAN_POINT('',(0.0494945427680045,0.000401114921089853,-0.0513892422528586));
#5676=CARTESIAN_POINT('',(0.0498702956947645,0.000650823160240841,-0.0514267422528587));
#5677=CARTESIAN_POINT('',(0.0502460486215243,0.000900531399391827,-0.0514642422528587));
#5678=CARTESIAN_POINT('',(0.0506501787635433,0.000699973938846902,-0.0515017422528587));
#5679=CARTESIAN_POINT('',(0.0510543089055623,0.000499416478301975,-0.0515392422528587));
#5680=CARTESIAN_POINT('',(0.0510826861208214,4.91507786060596E-5,-0.0515767422528587));
#5681=CARTESIAN_POINT('',(0.0511110633360805,-0.000401114921089856,-0.0516142422528586));
#5682=CARTESIAN_POINT('',(0.0507353104093206,-0.000650823160240844,-0.0516517422528587));
#5683=CARTESIAN_POINT('',(0.0503595574825607,-0.000900531399391827,-0.0516892422528587));
#5684=CARTESIAN_POINT('',(0.0499554273405417,-0.000699973938846902,-0.0517267422528587));
#5685=CARTESIAN_POINT('',(0.0495512971985227,-0.000499416478301974,-0.0517642422528587));
#5686=CARTESIAN_POINT('',(0.0495229199832637,-4.9150778606058E-5,-0.0518017422528587));
#5687=CARTESIAN_POINT('',(0.0494945427680046,0.000401114921089858,-0.0518392422528586));
#5688=CARTESIAN_POINT('',(0.0498702956947645,0.000650823160240838,-0.0518767422528587));
#5689=CARTESIAN_POINT('',(0.0502460486215243,0.000900531399391826,-0.0519142422528587));
#5690=CARTESIAN_POINT('',(0.0506501787635433,0.0006999739388469,-0.0519517422528587));
#5691=CARTESIAN_POINT('',(0.0510543089055623,0.00049941647830197,-0.0519892422528586));
#5692=CARTESIAN_POINT('',(0.0510826861208214,4.91507786060542E-5,-0.0520267422528587));
#5693=CARTESIAN_POINT('',(0.0503028030520425,-9.79717439317872E-20,-0.045));
#5694=CARTESIAN_POINT('',(0.0503028030520425,-4.89858719658941E-19,-0.0514));
#5695=CARTESIAN_POINT('',(0.0507566320660996,0.000636138841767713,-0.0514));
#5696=CARTESIAN_POINT('',(0.0510826861208214,4.91507786060516E-5,-0.0447142422528586));
#5697=CARTESIAN_POINT('',(0.0511110633360804,-0.000401114921089862,-0.0447517422528586));
#5698=CARTESIAN_POINT('',(0.0507353104093206,-0.000650823160240845,-0.0447892422528587));
#5699=CARTESIAN_POINT('',(0.0503595574825607,-0.000900531399391828,-0.0448267422528587));
#5700=CARTESIAN_POINT('',(0.0499554273405417,-0.000699973938846897,-0.0448642422528586));
#5701=CARTESIAN_POINT('',(0.0495512971985227,-0.000499416478301966,-0.0449017422528586));
#5702=CARTESIAN_POINT('',(0.0495229199832637,-4.91507786060519E-5,-0.0449392422528586));
#5703=CARTESIAN_POINT('',(0.0494945427680046,0.000401114921089862,-0.0449767422528587));
#5704=CARTESIAN_POINT('',(0.0498702956947645,0.000650823160240845,-0.0450142422528587));
#5705=CARTESIAN_POINT('',(0.0502460486215243,0.000900531399391827,-0.0450517422528587));
#5706=CARTESIAN_POINT('',(0.0506501787635433,0.000699973938846897,-0.0450892422528587));
#5707=CARTESIAN_POINT('',(0.0510543089055623,0.000499416478301966,-0.0451267422528586));
#5708=CARTESIAN_POINT('',(0.0510826861208214,4.91507786060518E-5,-0.0451642422528587));
#5709=CARTESIAN_POINT('',(0.0511110633360804,-0.000401114921089861,-0.0452017422528587));
#5710=CARTESIAN_POINT('',(0.0507353104093206,-0.000650823160240845,-0.0452392422528587));
#5711=CARTESIAN_POINT('',(0.0503595574825607,-0.000900531399391827,-0.0452767422528587));
#5712=CARTESIAN_POINT('',(0.0499554273405417,-0.000699973938846897,-0.0453142422528587));
#5713=CARTESIAN_POINT('',(0.0495512971985227,-0.000499416478301967,-0.0453517422528586));
#5714=CARTESIAN_POINT('',(0.0495229199832637,-4.91507786060521E-5,-0.0453892422528587));
#5715=CARTESIAN_POINT('',(0.0494945427680046,0.000401114921089861,-0.0454267422528586));
#5716=CARTESIAN_POINT('',(0.0498702956947645,0.000650823160240844,-0.0454642422528587));
#5717=CARTESIAN_POINT('',(0.0502460486215243,0.000900531399391827,-0.0455017422528587));
#5718=CARTESIAN_POINT('',(0.0506501787635433,0.000699973938846897,-0.0455392422528587));
#5719=CARTESIAN_POINT('',(0.0510543089055623,0.000499416478301966,-0.0455767422528586));
#5720=CARTESIAN_POINT('',(0.0510826861208214,4.9150778606052E-5,-0.0456142422528587));
#5721=CARTESIAN_POINT('',(0.0511110633360804,-0.000401114921089861,-0.0456517422528587));
#5722=CARTESIAN_POINT('',(0.0507353104093206,-0.000650823160240845,-0.0456892422528587));
#5723=CARTESIAN_POINT('',(0.0503595574825607,-0.000900531399391827,-0.0457267422528587));
#5724=CARTESIAN_POINT('',(0.0499554273405417,-0.000699973938846897,-0.0457642422528587));
#5725=CARTESIAN_POINT('',(0.0495512971985227,-0.000499416478301967,-0.0458017422528586));
#5726=CARTESIAN_POINT('',(0.0495229199832637,-4.91507786060537E-5,-0.0458392422528587));
#5727=CARTESIAN_POINT('',(0.0494945427680046,0.000401114921089861,-0.0458767422528587));
#5728=CARTESIAN_POINT('',(0.0498702956947645,0.000650823160240844,-0.0459142422528587));
#5729=CARTESIAN_POINT('',(0.0502460486215243,0.000900531399391827,-0.0459517422528587));
#5730=CARTESIAN_POINT('',(0.0506501787635433,0.000699973938846898,-0.0459892422528587));
#5731=CARTESIAN_POINT('',(0.0510543089055623,0.000499416478301968,-0.0460267422528586));
#5732=CARTESIAN_POINT('',(0.0510826861208214,4.91507786060521E-5,-0.0460642422528587));
#5733=CARTESIAN_POINT('',(0.0511110633360804,-0.000401114921089861,-0.0461017422528587));
#5734=CARTESIAN_POINT('',(0.0507353104093206,-0.000650823160240845,-0.0461392422528587));
#5735=CARTESIAN_POINT('',(0.0503595574825607,-0.000900531399391828,-0.0461767422528586));
#5736=CARTESIAN_POINT('',(0.0499554273405417,-0.000699973938846898,-0.0462142422528587));
#5737=CARTESIAN_POINT('',(0.0495512971985227,-0.000499416478301969,-0.0462517422528586));
#5738=CARTESIAN_POINT('',(0.0495229199832637,-4.91507786060526E-5,-0.0462892422528587));
#5739=CARTESIAN_POINT('',(0.0494945427680046,0.000401114921089861,-0.0463267422528587));
#5740=CARTESIAN_POINT('',(0.0498702956947645,0.000650823160240844,-0.0463642422528587));
#5741=CARTESIAN_POINT('',(0.0502460486215243,0.000900531399391827,-0.0464017422528586));
#5742=CARTESIAN_POINT('',(0.0506501787635433,0.000699973938846898,-0.0464392422528587));
#5743=CARTESIAN_POINT('',(0.0510543089055623,0.000499416478301968,-0.0464767422528586));
#5744=CARTESIAN_POINT('',(0.0510826861208214,4.91507786060523E-5,-0.0465142422528587));
#5745=CARTESIAN_POINT('',(0.0511110633360804,-0.000401114921089861,-0.0465517422528587));
#5746=CARTESIAN_POINT('',(0.0507353104093206,-0.000650823160240845,-0.0465892422528587));
#5747=CARTESIAN_POINT('',(0.0503595574825607,-0.000900531399391828,-0.0466267422528586));
#5748=CARTESIAN_POINT('',(0.0499554273405417,-0.000699973938846898,-0.0466642422528587));
#5749=CARTESIAN_POINT('',(0.0495512971985227,-0.000499416478301969,-0.0467017422528586));
#5750=CARTESIAN_POINT('',(0.0495229199832637,-4.91507786060555E-5,-0.0467392422528587));
#5751=CARTESIAN_POINT('',(0.0494945427680046,0.000401114921089861,-0.0467767422528587));
#5752=CARTESIAN_POINT('',(0.0498702956947645,0.000650823160240844,-0.0468142422528587));
#5753=CARTESIAN_POINT('',(0.0502460486215243,0.000900531399391827,-0.0468517422528586));
#5754=CARTESIAN_POINT('',(0.0506501787635433,0.000699973938846898,-0.0468892422528587));
#5755=CARTESIAN_POINT('',(0.0510543089055623,0.000499416478301968,-0.0469267422528587));
#5756=CARTESIAN_POINT('',(0.0510826861208214,4.91507786060552E-5,-0.0469642422528587));
#5757=CARTESIAN_POINT('',(0.0511110633360804,-0.000401114921089861,-0.0470017422528587));
#5758=CARTESIAN_POINT('',(0.0507353104093206,-0.000650823160240844,-0.0470392422528587));
#5759=CARTESIAN_POINT('',(0.0503595574825607,-0.000900531399391827,-0.0470767422528586));
#5760=CARTESIAN_POINT('',(0.0499554273405417,-0.000699973938846898,-0.0471142422528587));
#5761=CARTESIAN_POINT('',(0.0495512971985227,-0.000499416478301966,-0.0471517422528586));
#5762=CARTESIAN_POINT('',(0.0495229199832637,-4.91507786060558E-5,-0.0471892422528587));
#5763=CARTESIAN_POINT('',(0.0494945427680046,0.00040111492108986,-0.0472267422528587));
#5764=CARTESIAN_POINT('',(0.0498702956947645,0.000650823160240842,-0.0472642422528587));
#5765=CARTESIAN_POINT('',(0.0502460486215243,0.000900531399391827,-0.0473017422528586));
#5766=CARTESIAN_POINT('',(0.0506501787635433,0.000699973938846899,-0.0473392422528587));
#5767=CARTESIAN_POINT('',(0.0510543089055623,0.000499416478301969,-0.0473767422528586));
#5768=CARTESIAN_POINT('',(0.0510826861208214,4.91507786060526E-5,-0.0474142422528587));
#5769=CARTESIAN_POINT('',(0.0511110633360804,-0.000401114921089858,-0.0474517422528587));
#5770=CARTESIAN_POINT('',(0.0507353104093206,-0.000650823160240844,-0.0474892422528587));
#5771=CARTESIAN_POINT('',(0.0503595574825607,-0.000900531399391827,-0.0475267422528586));
#5772=CARTESIAN_POINT('',(0.0499554273405417,-0.000699973938846898,-0.0475642422528587));
#5773=CARTESIAN_POINT('',(0.0495512971985227,-0.000499416478301966,-0.0476017422528587));
#5774=CARTESIAN_POINT('',(0.0495229199832637,-4.9150778606056E-5,-0.0476392422528587));
#5775=CARTESIAN_POINT('',(0.0494945427680046,0.00040111492108986,-0.0476767422528587));
#5776=CARTESIAN_POINT('',(0.0498702956947645,0.000650823160240842,-0.0477142422528587));
#5777=CARTESIAN_POINT('',(0.0502460486215243,0.000900531399391827,-0.0477517422528586));
#5778=CARTESIAN_POINT('',(0.0506501787635433,0.000699973938846899,-0.0477892422528587));
#5779=CARTESIAN_POINT('',(0.0510543089055623,0.000499416478301969,-0.0478267422528586));
#5780=CARTESIAN_POINT('',(0.0510826861208214,4.91507786060528E-5,-0.0478642422528587));
#5781=CARTESIAN_POINT('',(0.0511110633360804,-0.000401114921089858,-0.0479017422528587));
#5782=CARTESIAN_POINT('',(0.0507353104093206,-0.000650823160240844,-0.0479392422528587));
#5783=CARTESIAN_POINT('',(0.0503595574825607,-0.000900531399391827,-0.0479767422528586));
#5784=CARTESIAN_POINT('',(0.0499554273405417,-0.000699973938846899,-0.0480142422528587));
#5785=CARTESIAN_POINT('',(0.0495512971985227,-0.000499416478301972,-0.0480517422528587));
#5786=CARTESIAN_POINT('',(0.0495229199832637,-4.91507786060562E-5,-0.0480892422528587));
#5787=CARTESIAN_POINT('',(0.0494945427680046,0.00040111492108986,-0.0481267422528587));
#5788=CARTESIAN_POINT('',(0.0498702956947645,0.000650823160240842,-0.0481642422528587));
#5789=CARTESIAN_POINT('',(0.0502460486215243,0.000900531399391827,-0.0482017422528586));
#5790=CARTESIAN_POINT('',(0.0506501787635433,0.000699973938846899,-0.0482392422528587));
#5791=CARTESIAN_POINT('',(0.0510543089055623,0.000499416478301969,-0.0482767422528587));
#5792=CARTESIAN_POINT('',(0.0510826861208214,4.91507786060529E-5,-0.0483142422528587));
#5793=CARTESIAN_POINT('',(0.0511110633360805,-0.000401114921089858,-0.0483517422528587));
#5794=CARTESIAN_POINT('',(0.0507353104093206,-0.000650823160240844,-0.0483892422528587));
#5795=CARTESIAN_POINT('',(0.0503595574825607,-0.000900531399391827,-0.0484267422528586));
#5796=CARTESIAN_POINT('',(0.0499554273405417,-0.000699973938846899,-0.0484642422528587));
#5797=CARTESIAN_POINT('',(0.0495512971985227,-0.000499416478301972,-0.0485017422528587));
#5798=CARTESIAN_POINT('',(0.0495229199832637,-4.91507786060564E-5,-0.0485392422528587));
#5799=CARTESIAN_POINT('',(0.0494945427680046,0.00040111492108986,-0.0485767422528587));
#5800=CARTESIAN_POINT('',(0.0498702956947645,0.000650823160240842,-0.0486142422528587));
#5801=CARTESIAN_POINT('',(0.0502460486215243,0.000900531399391827,-0.0486517422528586));
#5802=CARTESIAN_POINT('',(0.0506501787635433,0.000699973938846899,-0.0486892422528587));
#5803=CARTESIAN_POINT('',(0.0510543089055623,0.000499416478301969,-0.0487267422528587));
#5804=CARTESIAN_POINT('',(0.0510826861208214,4.91507786060586E-5,-0.0487642422528587));
#5805=CARTESIAN_POINT('',(0.0511110633360805,-0.000401114921089857,-0.0488017422528587));
#5806=CARTESIAN_POINT('',(0.0507353104093206,-0.000650823160240844,-0.0488392422528587));
#5807=CARTESIAN_POINT('',(0.0503595574825607,-0.000900531399391827,-0.0488767422528586));
#5808=CARTESIAN_POINT('',(0.0499554273405417,-0.000699973938846899,-0.0489142422528587));
#5809=CARTESIAN_POINT('',(0.0495512971985227,-0.000499416478301973,-0.0489517422528587));
#5810=CARTESIAN_POINT('',(0.0495229199832637,-4.91507786060566E-5,-0.0489892422528587));
#5811=CARTESIAN_POINT('',(0.0494945427680045,0.000401114921089854,-0.0490267422528587));
#5812=CARTESIAN_POINT('',(0.0498702956947645,0.000650823160240842,-0.0490642422528587));
#5813=CARTESIAN_POINT('',(0.0502460486215243,0.000900531399391827,-0.0491017422528586));
#5814=CARTESIAN_POINT('',(0.0506501787635433,0.000699973938846899,-0.0491392422528587));
#5815=CARTESIAN_POINT('',(0.0510543089055623,0.000499416478301969,-0.0491767422528587));
#5816=CARTESIAN_POINT('',(0.0510826861208214,4.91507786060588E-5,-0.0492142422528587));
#5817=CARTESIAN_POINT('',(0.0511110633360805,-0.000401114921089857,-0.0492517422528586));
#5818=CARTESIAN_POINT('',(0.0507353104093206,-0.000650823160240844,-0.0492892422528587));
#5819=CARTESIAN_POINT('',(0.0503595574825607,-0.000900531399391827,-0.0493267422528587));
#5820=CARTESIAN_POINT('',(0.0499554273405417,-0.000699973938846899,-0.0493642422528587));
#5821=CARTESIAN_POINT('',(0.0495512971985227,-0.000499416478301968,-0.0494017422528587));
#5822=CARTESIAN_POINT('',(0.0495229199832637,-4.91507786060624E-5,-0.0494392422528587));
#5823=CARTESIAN_POINT('',(0.0494945427680045,0.000401114921089853,-0.0494767422528586));
#5824=CARTESIAN_POINT('',(0.0498702956947645,0.000650823160240842,-0.0495142422528587));
#5825=CARTESIAN_POINT('',(0.0502460486215243,0.000900531399391827,-0.0495517422528586));
#5826=CARTESIAN_POINT('',(0.0506501787635433,0.000699973938846897,-0.0495892422528587));
#5827=CARTESIAN_POINT('',(0.0510543089055623,0.000499416478301975,-0.0496267422528587));
#5828=CARTESIAN_POINT('',(0.0510826861208214,4.9150778606059E-5,-0.0496642422528587));
#5829=CARTESIAN_POINT('',(0.0511110633360805,-0.000401114921089857,-0.0497017422528586));
#5830=CARTESIAN_POINT('',(0.0507353104093206,-0.000650823160240844,-0.0497392422528587));
#5831=CARTESIAN_POINT('',(0.0503595574825607,-0.000900531399391828,-0.0497767422528586));
#5832=CARTESIAN_POINT('',(0.0499554273405417,-0.000699973938846902,-0.0498142422528587));
#5833=CARTESIAN_POINT('',(0.0495512971985227,-0.000499416478301973,-0.0498517422528587));
#5834=CARTESIAN_POINT('',(0.0495229199832637,-4.91507786060571E-5,-0.0498892422528587));
#5835=CARTESIAN_POINT('',(0.0494945427680046,0.000401114921089859,-0.0499267422528586));
#5836=CARTESIAN_POINT('',(0.0498702956947645,0.000650823160240838,-0.0499642422528587));
#5837=CARTESIAN_POINT('',(0.0502460486215243,0.000900531399391827,-0.0500017422528586));
#5838=CARTESIAN_POINT('',(0.0506501787635433,0.000699973938846899,-0.0500392422528587));
#5839=CARTESIAN_POINT('',(0.0510543089055623,0.000499416478301969,-0.0500767422528587));
#5840=CARTESIAN_POINT('',(0.0510826861208214,4.91507786060536E-5,-0.0501142422528587));
#5841=CARTESIAN_POINT('',(0.0511110633360805,-0.000401114921089851,-0.0501517422528586));
#5842=CARTESIAN_POINT('',(0.0507353104093206,-0.000650823160240841,-0.0501892422528587));
#5843=CARTESIAN_POINT('',(0.0503595574825607,-0.000900531399391828,-0.0502267422528586));
#5844=CARTESIAN_POINT('',(0.0499554273405417,-0.000699973938846899,-0.0502642422528587));
#5845=CARTESIAN_POINT('',(0.0495512971985227,-0.000499416478301968,-0.0503017422528587));
#5846=CARTESIAN_POINT('',(0.0495229199832637,-4.91507786060628E-5,-0.0503392422528587));
#5847=CARTESIAN_POINT('',(0.0494945427680045,0.000401114921089853,-0.0503767422528586));
#5848=CARTESIAN_POINT('',(0.0498702956947645,0.000650823160240841,-0.0504142422528587));
#5849=CARTESIAN_POINT('',(0.0502460486215243,0.000900531399391827,-0.0504517422528586));
#5850=CARTESIAN_POINT('',(0.0506501787635433,0.000699973938846897,-0.0504892422528587));
#5851=CARTESIAN_POINT('',(0.0510543089055623,0.000499416478301975,-0.0505267422528587));
#5852=CARTESIAN_POINT('',(0.0510826861208214,4.91507786060593E-5,-0.0505642422528587));
#5853=CARTESIAN_POINT('',(0.0511110633360805,-0.000401114921089857,-0.0506017422528586));
#5854=CARTESIAN_POINT('',(0.0507353104093206,-0.000650823160240844,-0.0506392422528587));
#5855=CARTESIAN_POINT('',(0.0503595574825607,-0.000900531399391827,-0.0506767422528586));
#5856=CARTESIAN_POINT('',(0.0499554273405417,-0.000699973938846902,-0.0507142422528587));
#5857=CARTESIAN_POINT('',(0.0495512971985227,-0.000499416478301973,-0.0507517422528587));
#5858=CARTESIAN_POINT('',(0.0495229199832637,-4.91507786060575E-5,-0.0507892422528587));
#5859=CARTESIAN_POINT('',(0.0494945427680046,0.000401114921089858,-0.0508267422528586));
#5860=CARTESIAN_POINT('',(0.0498702956947645,0.000650823160240838,-0.0508642422528587));
#5861=CARTESIAN_POINT('',(0.0502460486215243,0.000900531399391826,-0.0509017422528587));
#5862=CARTESIAN_POINT('',(0.0506501787635433,0.0006999739388469,-0.0509392422528587));
#5863=CARTESIAN_POINT('',(0.0510543089055623,0.00049941647830197,-0.0509767422528587));
#5864=CARTESIAN_POINT('',(0.0510826861208214,4.91507786060539E-5,-0.0510142422528587));
#5865=CARTESIAN_POINT('',(0.0511110633360805,-0.000401114921089851,-0.0510517422528586));
#5866=CARTESIAN_POINT('',(0.0507353104093206,-0.000650823160240841,-0.0510892422528587));
#5867=CARTESIAN_POINT('',(0.0503595574825607,-0.000900531399391827,-0.0511267422528587));
#5868=CARTESIAN_POINT('',(0.0499554273405417,-0.000699973938846899,-0.0511642422528587));
#5869=CARTESIAN_POINT('',(0.0495512971985227,-0.000499416478301968,-0.0512017422528587));
#5870=CARTESIAN_POINT('',(0.0495229199832637,-4.91507786060633E-5,-0.0512392422528587));
#5871=CARTESIAN_POINT('',(0.0494945427680045,0.000401114921089853,-0.0512767422528586));
#5872=CARTESIAN_POINT('',(0.0498702956947645,0.000650823160240841,-0.0513142422528587));
#5873=CARTESIAN_POINT('',(0.0502460486215243,0.000900531399391827,-0.0513517422528586));
#5874=CARTESIAN_POINT('',(0.0506501787635433,0.000699973938846902,-0.0513892422528587));
#5875=CARTESIAN_POINT('',(0.0510543089055623,0.000499416478301975,-0.0514267422528587));
#5876=CARTESIAN_POINT('',(0.0510826861208214,4.91507786060596E-5,-0.0514642422528587));
#5877=CARTESIAN_POINT('',(0.0511110633360805,-0.000401114921089856,-0.0515017422528586));
#5878=CARTESIAN_POINT('',(0.0507353104093206,-0.000650823160240844,-0.0515392422528587));
#5879=CARTESIAN_POINT('',(0.0503595574825607,-0.000900531399391827,-0.0515767422528587));
#5880=CARTESIAN_POINT('',(0.0499554273405417,-0.000699973938846902,-0.0516142422528587));
#5881=CARTESIAN_POINT('',(0.0495512971985227,-0.000499416478301974,-0.0516517422528586));
#5882=CARTESIAN_POINT('',(0.0495229199832637,-4.91507786060579E-5,-0.0516892422528587));
#5883=CARTESIAN_POINT('',(0.0494945427680046,0.000401114921089858,-0.0517267422528586));
#5884=CARTESIAN_POINT('',(0.0498702956947645,0.000650823160240838,-0.0517642422528587));
#5885=CARTESIAN_POINT('',(0.0502460486215243,0.000900531399391826,-0.0518017422528587));
#5886=CARTESIAN_POINT('',(0.0506501787635433,0.0006999739388469,-0.0518392422528587));
#5887=CARTESIAN_POINT('',(0.0510543089055623,0.00049941647830197,-0.0518767422528587));
#5888=CARTESIAN_POINT('',(0.0510826861208214,4.91507786060543E-5,-0.0519142422528587));
#5889=CARTESIAN_POINT('',(0.0493022543574896,0.00022254732042521,-0.044818158722513));
#5890=CARTESIAN_POINT('',(0.0493918394436126,0.000625312183199105,-0.0448474712538074));
#5891=CARTESIAN_POINT('',(0.0497354843674431,0.000853682909577271,-0.0448736172528586));
#5892=CARTESIAN_POINT('',(0.0502283584250901,0.00118122450484708,-0.0449111172528587));
#5893=CARTESIAN_POINT('',(0.0507584547962133,0.000918153847693357,-0.0449486172528586));
#5894=CARTESIAN_POINT('',(0.0512885511673366,0.000655083190539628,-0.0449861172528587));
#5895=CARTESIAN_POINT('',(0.0513257734808128,6.44709381160851E-5,-0.0450236172528587));
#5896=CARTESIAN_POINT('',(0.051362995794289,-0.000526141314307457,-0.0450611172528586));
#5897=CARTESIAN_POINT('',(0.050870121736642,-0.000853682909577272,-0.0450986172528587));
#5898=CARTESIAN_POINT('',(0.050377247678995,-0.00118122450484708,-0.0451361172528587));
#5899=CARTESIAN_POINT('',(0.0498471513078717,-0.000918153847693357,-0.0451736172528587));
#5900=CARTESIAN_POINT('',(0.0493170549367485,-0.000655083190539628,-0.0452111172528586));
#5901=CARTESIAN_POINT('',(0.0492798326232723,-6.44709381160854E-5,-0.0452486172528587));
#5902=CARTESIAN_POINT('',(0.049242610309796,0.000526141314307457,-0.0452861172528586));
#5903=CARTESIAN_POINT('',(0.0497354843674431,0.000853682909577271,-0.0453236172528587));
#5904=CARTESIAN_POINT('',(0.0502283584250901,0.00118122450484708,-0.0453611172528587));
#5905=CARTESIAN_POINT('',(0.0507584547962133,0.000918153847693357,-0.0453986172528587));
#5906=CARTESIAN_POINT('',(0.0512885511673366,0.000655083190539628,-0.0454361172528587));
#5907=CARTESIAN_POINT('',(0.0513257734808128,6.44709381160851E-5,-0.0454736172528587));
#5908=CARTESIAN_POINT('',(0.051362995794289,-0.000526141314307457,-0.0455111172528586));
#5909=CARTESIAN_POINT('',(0.050870121736642,-0.000853682909577272,-0.0455486172528587));
#5910=CARTESIAN_POINT('',(0.050377247678995,-0.00118122450484708,-0.0455861172528587));
#5911=CARTESIAN_POINT('',(0.0498471513078717,-0.000918153847693357,-0.0456236172528587));
#5912=CARTESIAN_POINT('',(0.0493170549367485,-0.000655083190539628,-0.0456611172528586));
#5913=CARTESIAN_POINT('',(0.0492798326232723,-6.44709381160855E-5,-0.0456986172528587));
#5914=CARTESIAN_POINT('',(0.049242610309796,0.000526141314307457,-0.0457361172528586));
#5915=CARTESIAN_POINT('',(0.0497354843674431,0.000853682909577271,-0.0457736172528587));
#5916=CARTESIAN_POINT('',(0.0502283584250901,0.00118122450484708,-0.0458111172528587));
#5917=CARTESIAN_POINT('',(0.0507584547962133,0.000918153847693357,-0.0458486172528587));
#5918=CARTESIAN_POINT('',(0.0512885511673366,0.000655083190539628,-0.0458861172528586));
#5919=CARTESIAN_POINT('',(0.0513257734808128,6.44709381160851E-5,-0.0459236172528587));
#5920=CARTESIAN_POINT('',(0.051362995794289,-0.000526141314307457,-0.0459611172528586));
#5921=CARTESIAN_POINT('',(0.050870121736642,-0.000853682909577272,-0.0459986172528587));
#5922=CARTESIAN_POINT('',(0.050377247678995,-0.00118122450484708,-0.0460361172528587));
#5923=CARTESIAN_POINT('',(0.0498471513078717,-0.000918153847693357,-0.0460736172528587));
#5924=CARTESIAN_POINT('',(0.0493170549367485,-0.000655083190539628,-0.0461111172528586));
#5925=CARTESIAN_POINT('',(0.0492798326232723,-6.44709381160855E-5,-0.0461486172528587));
#5926=CARTESIAN_POINT('',(0.049242610309796,0.000526141314307457,-0.0461861172528586));
#5927=CARTESIAN_POINT('',(0.0497354843674431,0.000853682909577271,-0.0462236172528587));
#5928=CARTESIAN_POINT('',(0.0502283584250901,0.00118122450484708,-0.0462611172528587));
#5929=CARTESIAN_POINT('',(0.0507584547962133,0.000918153847693357,-0.0462986172528587));
#5930=CARTESIAN_POINT('',(0.0512885511673366,0.000655083190539628,-0.0463361172528586));
#5931=CARTESIAN_POINT('',(0.0513257734808128,6.4470938116085E-5,-0.0463736172528587));
#5932=CARTESIAN_POINT('',(0.051362995794289,-0.000526141314307457,-0.0464111172528587));
#5933=CARTESIAN_POINT('',(0.050870121736642,-0.000853682909577272,-0.0464486172528587));
#5934=CARTESIAN_POINT('',(0.050377247678995,-0.00118122450484708,-0.0464861172528587));
#5935=CARTESIAN_POINT('',(0.0498471513078717,-0.000918153847693357,-0.0465236172528587));
#5936=CARTESIAN_POINT('',(0.0493170549367485,-0.000655083190539628,-0.0465611172528586));
#5937=CARTESIAN_POINT('',(0.0492798326232723,-6.44709381160855E-5,-0.0465986172528587));
#5938=CARTESIAN_POINT('',(0.049242610309796,0.000526141314307457,-0.0466361172528586));
#5939=CARTESIAN_POINT('',(0.0497354843674431,0.000853682909577271,-0.0466736172528587));
#5940=CARTESIAN_POINT('',(0.0502283584250901,0.00118122450484708,-0.0467111172528587));
#5941=CARTESIAN_POINT('',(0.0507584547962133,0.000918153847693357,-0.0467486172528587));
#5942=CARTESIAN_POINT('',(0.0512885511673366,0.000655083190539628,-0.0467861172528586));
#5943=CARTESIAN_POINT('',(0.0513257734808128,6.4470938116085E-5,-0.0468236172528587));
#5944=CARTESIAN_POINT('',(0.051362995794289,-0.000526141314307457,-0.0468611172528587));
#5945=CARTESIAN_POINT('',(0.050870121736642,-0.000853682909577272,-0.0468986172528587));
#5946=CARTESIAN_POINT('',(0.050377247678995,-0.00118122450484708,-0.0469361172528587));
#5947=CARTESIAN_POINT('',(0.0498471513078717,-0.000918153847693357,-0.0469736172528587));
#5948=CARTESIAN_POINT('',(0.0493170549367485,-0.000655083190539628,-0.0470111172528586));
#5949=CARTESIAN_POINT('',(0.0492798326232723,-6.44709381160855E-5,-0.0470486172528587));
#5950=CARTESIAN_POINT('',(0.049242610309796,0.000526141314307457,-0.0470861172528587));
#5951=CARTESIAN_POINT('',(0.0497354843674431,0.000853682909577271,-0.0471236172528587));
#5952=CARTESIAN_POINT('',(0.0502283584250901,0.00118122450484708,-0.0471611172528587));
#5953=CARTESIAN_POINT('',(0.0507584547962133,0.000918153847693357,-0.0471986172528587));
#5954=CARTESIAN_POINT('',(0.0512885511673366,0.000655083190539628,-0.0472361172528586));
#5955=CARTESIAN_POINT('',(0.0513257734808128,6.4470938116085E-5,-0.0472736172528587));
#5956=CARTESIAN_POINT('',(0.051362995794289,-0.000526141314307457,-0.0473111172528587));
#5957=CARTESIAN_POINT('',(0.050870121736642,-0.000853682909577272,-0.0473486172528587));
#5958=CARTESIAN_POINT('',(0.050377247678995,-0.00118122450484708,-0.0473861172528587));
#5959=CARTESIAN_POINT('',(0.0498471513078717,-0.000918153847693357,-0.0474236172528587));
#5960=CARTESIAN_POINT('',(0.0493170549367485,-0.000655083190539628,-0.0474611172528586));
#5961=CARTESIAN_POINT('',(0.0492798326232723,-6.44709381160856E-5,-0.0474986172528587));
#5962=CARTESIAN_POINT('',(0.049242610309796,0.000526141314307457,-0.0475361172528586));
#5963=CARTESIAN_POINT('',(0.0497354843674431,0.000853682909577271,-0.0475736172528587));
#5964=CARTESIAN_POINT('',(0.0502283584250901,0.00118122450484708,-0.0476111172528587));
#5965=CARTESIAN_POINT('',(0.0507584547962133,0.000918153847693357,-0.0476486172528587));
#5966=CARTESIAN_POINT('',(0.0512885511673366,0.000655083190539628,-0.0476861172528586));
#5967=CARTESIAN_POINT('',(0.0513257734808128,6.4470938116085E-5,-0.0477236172528587));
#5968=CARTESIAN_POINT('',(0.051362995794289,-0.000526141314307457,-0.0477611172528587));
#5969=CARTESIAN_POINT('',(0.050870121736642,-0.000853682909577272,-0.0477986172528587));
#5970=CARTESIAN_POINT('',(0.050377247678995,-0.00118122450484708,-0.0478361172528587));
#5971=CARTESIAN_POINT('',(0.0498471513078717,-0.000918153847693357,-0.0478736172528587));
#5972=CARTESIAN_POINT('',(0.0493170549367485,-0.000655083190539628,-0.0479111172528586));
#5973=CARTESIAN_POINT('',(0.0492798326232723,-6.44709381160856E-5,-0.0479486172528587));
#5974=CARTESIAN_POINT('',(0.049242610309796,0.000526141314307457,-0.0479861172528587));
#5975=CARTESIAN_POINT('',(0.0497354843674431,0.000853682909577271,-0.0480236172528587));
#5976=CARTESIAN_POINT('',(0.0502283584250901,0.00118122450484708,-0.0480611172528587));
#5977=CARTESIAN_POINT('',(0.0507584547962133,0.000918153847693357,-0.0480986172528587));
#5978=CARTESIAN_POINT('',(0.0512885511673366,0.000655083190539628,-0.0481361172528586));
#5979=CARTESIAN_POINT('',(0.0513257734808128,6.44709381160849E-5,-0.0481736172528587));
#5980=CARTESIAN_POINT('',(0.051362995794289,-0.000526141314307457,-0.0482111172528587));
#5981=CARTESIAN_POINT('',(0.050870121736642,-0.000853682909577272,-0.0482486172528587));
#5982=CARTESIAN_POINT('',(0.050377247678995,-0.00118122450484708,-0.0482861172528586));
#5983=CARTESIAN_POINT('',(0.0498471513078717,-0.000918153847693357,-0.0483236172528587));
#5984=CARTESIAN_POINT('',(0.0493170549367485,-0.000655083190539628,-0.0483611172528586));
#5985=CARTESIAN_POINT('',(0.0492798326232723,-6.44709381160856E-5,-0.0483986172528587));
#5986=CARTESIAN_POINT('',(0.049242610309796,0.000526141314307457,-0.0484361172528587));
#5987=CARTESIAN_POINT('',(0.0497354843674431,0.000853682909577271,-0.0484736172528587));
#5988=CARTESIAN_POINT('',(0.0502283584250901,0.00118122450484708,-0.0485111172528587));
#5989=CARTESIAN_POINT('',(0.0507584547962133,0.000918153847693357,-0.0485486172528587));
#5990=CARTESIAN_POINT('',(0.0512885511673366,0.000655083190539628,-0.0485861172528586));
#5991=CARTESIAN_POINT('',(0.0513257734808128,6.44709381160849E-5,-0.0486236172528587));
#5992=CARTESIAN_POINT('',(0.051362995794289,-0.000526141314307457,-0.0486611172528587));
#5993=CARTESIAN_POINT('',(0.050870121736642,-0.000853682909577272,-0.0486986172528587));
#5994=CARTESIAN_POINT('',(0.050377247678995,-0.00118122450484708,-0.0487361172528586));
#5995=CARTESIAN_POINT('',(0.0498471513078717,-0.000918153847693357,-0.0487736172528587));
#5996=CARTESIAN_POINT('',(0.0493170549367485,-0.000655083190539628,-0.0488111172528586));
#5997=CARTESIAN_POINT('',(0.0492798326232723,-6.44709381160857E-5,-0.0488486172528587));
#5998=CARTESIAN_POINT('',(0.049242610309796,0.000526141314307457,-0.0488861172528587));
#5999=CARTESIAN_POINT('',(0.0497354843674431,0.000853682909577271,-0.0489236172528587));
#6000=CARTESIAN_POINT('',(0.0502283584250901,0.00118122450484708,-0.0489611172528586));
#6001=CARTESIAN_POINT('',(0.0507584547962133,0.000918153847693357,-0.0489986172528587));
#6002=CARTESIAN_POINT('',(0.0512885511673366,0.000655083190539628,-0.0490361172528586));
#6003=CARTESIAN_POINT('',(0.0513257734808128,6.44709381160849E-5,-0.0490736172528587));
#6004=CARTESIAN_POINT('',(0.051362995794289,-0.000526141314307457,-0.0491111172528587));
#6005=CARTESIAN_POINT('',(0.050870121736642,-0.000853682909577272,-0.0491486172528587));
#6006=CARTESIAN_POINT('',(0.050377247678995,-0.00118122450484708,-0.0491861172528586));
#6007=CARTESIAN_POINT('',(0.0498471513078717,-0.000918153847693357,-0.0492236172528587));
#6008=CARTESIAN_POINT('',(0.0493170549367485,-0.000655083190539628,-0.0492611172528586));
#6009=CARTESIAN_POINT('',(0.0492798326232723,-6.44709381160857E-5,-0.0492986172528587));
#6010=CARTESIAN_POINT('',(0.049242610309796,0.000526141314307457,-0.0493361172528587));
#6011=CARTESIAN_POINT('',(0.0497354843674431,0.000853682909577271,-0.0493736172528587));
#6012=CARTESIAN_POINT('',(0.0502283584250901,0.00118122450484708,-0.0494111172528586));
#6013=CARTESIAN_POINT('',(0.0507584547962133,0.000918153847693357,-0.0494486172528587));
#6014=CARTESIAN_POINT('',(0.0512885511673366,0.000655083190539628,-0.0494861172528587));
#6015=CARTESIAN_POINT('',(0.0513257734808128,6.44709381160848E-5,-0.0495236172528587));
#6016=CARTESIAN_POINT('',(0.051362995794289,-0.000526141314307457,-0.0495611172528587));
#6017=CARTESIAN_POINT('',(0.050870121736642,-0.000853682909577272,-0.0495986172528587));
#6018=CARTESIAN_POINT('',(0.050377247678995,-0.00118122450484708,-0.0496361172528586));
#6019=CARTESIAN_POINT('',(0.0498471513078717,-0.000918153847693357,-0.0496736172528587));
#6020=CARTESIAN_POINT('',(0.0493170549367485,-0.000655083190539628,-0.0497111172528586));
#6021=CARTESIAN_POINT('',(0.0492798326232723,-6.44709381160857E-5,-0.0497486172528587));
#6022=CARTESIAN_POINT('',(0.049242610309796,0.000526141314307457,-0.0497861172528587));
#6023=CARTESIAN_POINT('',(0.0497354843674431,0.000853682909577271,-0.0498236172528587));
#6024=CARTESIAN_POINT('',(0.0502283584250901,0.00118122450484708,-0.0498611172528586));
#6025=CARTESIAN_POINT('',(0.0507584547962133,0.000918153847693357,-0.0498986172528587));
#6026=CARTESIAN_POINT('',(0.0512885511673366,0.000655083190539628,-0.0499361172528587));
#6027=CARTESIAN_POINT('',(0.0513257734808128,6.44709381160848E-5,-0.0499736172528587));
#6028=CARTESIAN_POINT('',(0.051362995794289,-0.000526141314307458,-0.0500111172528587));
#6029=CARTESIAN_POINT('',(0.050870121736642,-0.000853682909577272,-0.0500486172528587));
#6030=CARTESIAN_POINT('',(0.050377247678995,-0.00118122450484708,-0.0500861172528586));
#6031=CARTESIAN_POINT('',(0.0498471513078717,-0.000918153847693357,-0.0501236172528587));
#6032=CARTESIAN_POINT('',(0.0493170549367485,-0.000655083190539628,-0.0501611172528586));
#6033=CARTESIAN_POINT('',(0.0492798326232723,-6.44709381160857E-5,-0.0501986172528587));
#6034=CARTESIAN_POINT('',(0.049242610309796,0.000526141314307457,-0.0502361172528587));
#6035=CARTESIAN_POINT('',(0.0497354843674431,0.000853682909577271,-0.0502736172528587));
#6036=CARTESIAN_POINT('',(0.0502283584250901,0.00118122450484708,-0.0503111172528586));
#6037=CARTESIAN_POINT('',(0.0507584547962133,0.000918153847693357,-0.0503486172528587));
#6038=CARTESIAN_POINT('',(0.0512885511673366,0.000655083190539628,-0.0503861172528587));
#6039=CARTESIAN_POINT('',(0.0513257734808128,6.44709381160848E-5,-0.0504236172528587));
#6040=CARTESIAN_POINT('',(0.051362995794289,-0.000526141314307458,-0.0504611172528587));
#6041=CARTESIAN_POINT('',(0.050870121736642,-0.000853682909577272,-0.0504986172528587));
#6042=CARTESIAN_POINT('',(0.050377247678995,-0.00118122450484708,-0.0505361172528586));
#6043=CARTESIAN_POINT('',(0.0498471513078717,-0.000918153847693357,-0.0505736172528587));
#6044=CARTESIAN_POINT('',(0.0493170549367485,-0.000655083190539628,-0.0506111172528587));
#6045=CARTESIAN_POINT('',(0.0492798326232723,-6.44709381160858E-5,-0.0506486172528587));
#6046=CARTESIAN_POINT('',(0.049242610309796,0.000526141314307456,-0.0506861172528587));
#6047=CARTESIAN_POINT('',(0.0497354843674431,0.000853682909577271,-0.0507236172528587));
#6048=CARTESIAN_POINT('',(0.0502283584250901,0.00118122450484708,-0.0507611172528586));
#6049=CARTESIAN_POINT('',(0.0507584547962133,0.000918153847693357,-0.0507986172528587));
#6050=CARTESIAN_POINT('',(0.0512885511673366,0.000655083190539628,-0.0508361172528587));
#6051=CARTESIAN_POINT('',(0.0513257734808128,6.44709381160847E-5,-0.0508736172528587));
#6052=CARTESIAN_POINT('',(0.051362995794289,-0.000526141314307458,-0.0509111172528587));
#6053=CARTESIAN_POINT('',(0.050870121736642,-0.000853682909577272,-0.0509486172528587));
#6054=CARTESIAN_POINT('',(0.050377247678995,-0.00118122450484708,-0.0509861172528586));
#6055=CARTESIAN_POINT('',(0.0498471513078717,-0.000918153847693357,-0.0510236172528587));
#6056=CARTESIAN_POINT('',(0.0493170549367485,-0.000655083190539628,-0.0510611172528587));
#6057=CARTESIAN_POINT('',(0.0492798326232723,-6.44709381160858E-5,-0.0510986172528587));
#6058=CARTESIAN_POINT('',(0.049242610309796,0.000526141314307456,-0.0511361172528586));
#6059=CARTESIAN_POINT('',(0.0497354843674431,0.000853682909577271,-0.0511736172528587));
#6060=CARTESIAN_POINT('',(0.0502283584250901,0.00118122450484708,-0.0512111172528586));
#6061=CARTESIAN_POINT('',(0.0507584547962133,0.000918153847693356,-0.0512486172528587));
#6062=CARTESIAN_POINT('',(0.0512885511673366,0.000655083190539628,-0.0512861172528587));
#6063=CARTESIAN_POINT('',(0.0513257734808128,6.44709381160847E-5,-0.0513236172528587));
#6064=CARTESIAN_POINT('',(0.051362995794289,-0.000526141314307458,-0.0513611172528586));
#6065=CARTESIAN_POINT('',(0.050870121736642,-0.000853682909577272,-0.0513986172528587));
#6066=CARTESIAN_POINT('',(0.0506194433473085,-0.00102027232175679,-0.0514176899539963));
#6067=CARTESIAN_POINT('',(0.0503184940867466,-0.00102487989122136,-0.0514396882346703));
#6068=CARTESIAN_POINT('',(0.0495400136649548,0.000169663640629738,-0.044958783722513));
#6069=CARTESIAN_POINT('',(0.0496083107436556,0.000476719923335782,-0.0449880962538074));
#6070=CARTESIAN_POINT('',(0.0498702956947645,0.000650823160240845,-0.0450142422528587));
#6071=CARTESIAN_POINT('',(0.0502460486215243,0.000900531399391827,-0.0450517422528587));
#6072=CARTESIAN_POINT('',(0.0506501787635433,0.000699973938846897,-0.0450892422528587));
#6073=CARTESIAN_POINT('',(0.0510543089055623,0.000499416478301966,-0.0451267422528586));
#6074=CARTESIAN_POINT('',(0.0510826861208214,4.91507786060516E-5,-0.0451642422528587));
#6075=CARTESIAN_POINT('',(0.0511110633360804,-0.000401114921089862,-0.0452017422528587));
#6076=CARTESIAN_POINT('',(0.0507353104093206,-0.000650823160240845,-0.0452392422528587));
#6077=CARTESIAN_POINT('',(0.0503595574825607,-0.000900531399391828,-0.0452767422528587));
#6078=CARTESIAN_POINT('',(0.0499554273405417,-0.000699973938846897,-0.0453142422528587));
#6079=CARTESIAN_POINT('',(0.0495512971985227,-0.000499416478301966,-0.0453517422528586));
#6080=CARTESIAN_POINT('',(0.0495229199832637,-4.91507786060519E-5,-0.0453892422528587));
#6081=CARTESIAN_POINT('',(0.0494945427680046,0.000401114921089862,-0.0454267422528586));
#6082=CARTESIAN_POINT('',(0.0498702956947645,0.000650823160240845,-0.0454642422528587));
#6083=CARTESIAN_POINT('',(0.0502460486215243,0.000900531399391827,-0.0455017422528587));
#6084=CARTESIAN_POINT('',(0.0506501787635433,0.000699973938846897,-0.0455392422528587));
#6085=CARTESIAN_POINT('',(0.0510543089055623,0.000499416478301966,-0.0455767422528586));
#6086=CARTESIAN_POINT('',(0.0510826861208214,4.91507786060516E-5,-0.0456142422528587));
#6087=CARTESIAN_POINT('',(0.0511110633360804,-0.000401114921089862,-0.0456517422528587));
#6088=CARTESIAN_POINT('',(0.0507353104093206,-0.000650823160240845,-0.0456892422528587));
#6089=CARTESIAN_POINT('',(0.0503595574825607,-0.000900531399391828,-0.0457267422528587));
#6090=CARTESIAN_POINT('',(0.0499554273405417,-0.000699973938846897,-0.0457642422528587));
#6091=CARTESIAN_POINT('',(0.0495512971985227,-0.000499416478301966,-0.0458017422528586));
#6092=CARTESIAN_POINT('',(0.0495229199832637,-4.9150778606052E-5,-0.0458392422528587));
#6093=CARTESIAN_POINT('',(0.0494945427680046,0.000401114921089862,-0.0458767422528587));
#6094=CARTESIAN_POINT('',(0.0498702956947645,0.000650823160240845,-0.0459142422528587));
#6095=CARTESIAN_POINT('',(0.0502460486215243,0.000900531399391827,-0.0459517422528587));
#6096=CARTESIAN_POINT('',(0.0506501787635433,0.000699973938846897,-0.0459892422528587));
#6097=CARTESIAN_POINT('',(0.0510543089055623,0.000499416478301966,-0.0460267422528586));
#6098=CARTESIAN_POINT('',(0.0510826861208214,4.91507786060516E-5,-0.0460642422528587));
#6099=CARTESIAN_POINT('',(0.0511110633360804,-0.000401114921089862,-0.0461017422528587));
#6100=CARTESIAN_POINT('',(0.0507353104093206,-0.000650823160240845,-0.0461392422528587));
#6101=CARTESIAN_POINT('',(0.0503595574825607,-0.000900531399391828,-0.0461767422528586));
#6102=CARTESIAN_POINT('',(0.0499554273405417,-0.000699973938846897,-0.0462142422528587));
#6103=CARTESIAN_POINT('',(0.0495512971985227,-0.000499416478301966,-0.0462517422528586));
#6104=CARTESIAN_POINT('',(0.0495229199832637,-4.9150778606052E-5,-0.0462892422528587));
#6105=CARTESIAN_POINT('',(0.0494945427680046,0.000401114921089862,-0.0463267422528587));
#6106=CARTESIAN_POINT('',(0.0498702956947645,0.000650823160240845,-0.0463642422528587));
#6107=CARTESIAN_POINT('',(0.0502460486215243,0.000900531399391827,-0.0464017422528586));
#6108=CARTESIAN_POINT('',(0.0506501787635433,0.000699973938846897,-0.0464392422528587));
#6109=CARTESIAN_POINT('',(0.0510543089055623,0.000499416478301966,-0.0464767422528586));
#6110=CARTESIAN_POINT('',(0.0510826861208214,4.91507786060515E-5,-0.0465142422528587));
#6111=CARTESIAN_POINT('',(0.0511110633360804,-0.000401114921089862,-0.0465517422528587));
#6112=CARTESIAN_POINT('',(0.0507353104093206,-0.000650823160240845,-0.0465892422528587));
#6113=CARTESIAN_POINT('',(0.0503595574825607,-0.000900531399391828,-0.0466267422528586));
#6114=CARTESIAN_POINT('',(0.0499554273405417,-0.000699973938846897,-0.0466642422528587));
#6115=CARTESIAN_POINT('',(0.0495512971985227,-0.000499416478301966,-0.0467017422528586));
#6116=CARTESIAN_POINT('',(0.0495229199832637,-4.9150778606052E-5,-0.0467392422528587));
#6117=CARTESIAN_POINT('',(0.0494945427680046,0.000401114921089862,-0.0467767422528587));
#6118=CARTESIAN_POINT('',(0.0498702956947645,0.000650823160240845,-0.0468142422528587));
#6119=CARTESIAN_POINT('',(0.0502460486215243,0.000900531399391827,-0.0468517422528586));
#6120=CARTESIAN_POINT('',(0.0506501787635433,0.000699973938846897,-0.0468892422528587));
#6121=CARTESIAN_POINT('',(0.0510543089055623,0.000499416478301966,-0.0469267422528587));
#6122=CARTESIAN_POINT('',(0.0510826861208214,4.91507786060515E-5,-0.0469642422528587));
#6123=CARTESIAN_POINT('',(0.0511110633360804,-0.000401114921089862,-0.0470017422528587));
#6124=CARTESIAN_POINT('',(0.0507353104093206,-0.000650823160240845,-0.0470392422528587));
#6125=CARTESIAN_POINT('',(0.0503595574825607,-0.000900531399391828,-0.0470767422528586));
#6126=CARTESIAN_POINT('',(0.0499554273405417,-0.000699973938846897,-0.0471142422528587));
#6127=CARTESIAN_POINT('',(0.0495512971985227,-0.000499416478301966,-0.0471517422528586));
#6128=CARTESIAN_POINT('',(0.0495229199832637,-4.9150778606052E-5,-0.0471892422528587));
#6129=CARTESIAN_POINT('',(0.0494945427680046,0.000401114921089862,-0.0472267422528587));
#6130=CARTESIAN_POINT('',(0.0498702956947645,0.000650823160240845,-0.0472642422528587));
#6131=CARTESIAN_POINT('',(0.0502460486215243,0.000900531399391827,-0.0473017422528586));
#6132=CARTESIAN_POINT('',(0.0506501787635433,0.000699973938846897,-0.0473392422528587));
#6133=CARTESIAN_POINT('',(0.0510543089055623,0.000499416478301966,-0.0473767422528586));
#6134=CARTESIAN_POINT('',(0.0510826861208214,4.91507786060515E-5,-0.0474142422528587));
#6135=CARTESIAN_POINT('',(0.0511110633360804,-0.000401114921089862,-0.0474517422528587));
#6136=CARTESIAN_POINT('',(0.0507353104093206,-0.000650823160240845,-0.0474892422528587));
#6137=CARTESIAN_POINT('',(0.0503595574825607,-0.000900531399391828,-0.0475267422528586));
#6138=CARTESIAN_POINT('',(0.0499554273405417,-0.000699973938846897,-0.0475642422528587));
#6139=CARTESIAN_POINT('',(0.0495512971985227,-0.000499416478301966,-0.0476017422528587));
#6140=CARTESIAN_POINT('',(0.0495229199832637,-4.91507786060521E-5,-0.0476392422528587));
#6141=CARTESIAN_POINT('',(0.0494945427680046,0.000401114921089861,-0.0476767422528587));
#6142=CARTESIAN_POINT('',(0.0498702956947645,0.000650823160240845,-0.0477142422528587));
#6143=CARTESIAN_POINT('',(0.0502460486215243,0.000900531399391827,-0.0477517422528586));
#6144=CARTESIAN_POINT('',(0.0506501787635433,0.000699973938846897,-0.0477892422528587));
#6145=CARTESIAN_POINT('',(0.0510543089055623,0.000499416478301966,-0.0478267422528586));
#6146=CARTESIAN_POINT('',(0.0510826861208214,4.91507786060514E-5,-0.0478642422528587));
#6147=CARTESIAN_POINT('',(0.0511110633360804,-0.000401114921089862,-0.0479017422528587));
#6148=CARTESIAN_POINT('',(0.0507353104093206,-0.000650823160240845,-0.0479392422528587));
#6149=CARTESIAN_POINT('',(0.0503595574825607,-0.000900531399391828,-0.0479767422528586));
#6150=CARTESIAN_POINT('',(0.0499554273405417,-0.000699973938846897,-0.0480142422528587));
#6151=CARTESIAN_POINT('',(0.0495512971985227,-0.000499416478301966,-0.0480517422528587));
#6152=CARTESIAN_POINT('',(0.0495229199832637,-4.91507786060521E-5,-0.0480892422528587));
#6153=CARTESIAN_POINT('',(0.0494945427680046,0.000401114921089861,-0.0481267422528587));
#6154=CARTESIAN_POINT('',(0.0498702956947645,0.000650823160240845,-0.0481642422528587));
#6155=CARTESIAN_POINT('',(0.0502460486215243,0.000900531399391827,-0.0482017422528586));
#6156=CARTESIAN_POINT('',(0.0506501787635433,0.000699973938846897,-0.0482392422528587));
#6157=CARTESIAN_POINT('',(0.0510543089055623,0.000499416478301966,-0.0482767422528587));
#6158=CARTESIAN_POINT('',(0.0510826861208214,4.91507786060514E-5,-0.0483142422528587));
#6159=CARTESIAN_POINT('',(0.0511110633360804,-0.000401114921089862,-0.0483517422528587));
#6160=CARTESIAN_POINT('',(0.0507353104093206,-0.000650823160240845,-0.0483892422528587));
#6161=CARTESIAN_POINT('',(0.0503595574825607,-0.000900531399391828,-0.0484267422528586));
#6162=CARTESIAN_POINT('',(0.0499554273405417,-0.000699973938846897,-0.0484642422528587));
#6163=CARTESIAN_POINT('',(0.0495512971985227,-0.000499416478301966,-0.0485017422528587));
#6164=CARTESIAN_POINT('',(0.0495229199832637,-4.91507786060521E-5,-0.0485392422528587));
#6165=CARTESIAN_POINT('',(0.0494945427680046,0.000401114921089861,-0.0485767422528587));
#6166=CARTESIAN_POINT('',(0.0498702956947645,0.000650823160240845,-0.0486142422528587));
#6167=CARTESIAN_POINT('',(0.0502460486215243,0.000900531399391827,-0.0486517422528586));
#6168=CARTESIAN_POINT('',(0.0506501787635433,0.000699973938846897,-0.0486892422528587));
#6169=CARTESIAN_POINT('',(0.0510543089055623,0.000499416478301965,-0.0487267422528587));
#6170=CARTESIAN_POINT('',(0.0510826861208214,4.91507786060514E-5,-0.0487642422528587));
#6171=CARTESIAN_POINT('',(0.0511110633360804,-0.000401114921089862,-0.0488017422528587));
#6172=CARTESIAN_POINT('',(0.0507353104093206,-0.000650823160240845,-0.0488392422528587));
#6173=CARTESIAN_POINT('',(0.0503595574825607,-0.000900531399391828,-0.0488767422528586));
#6174=CARTESIAN_POINT('',(0.0499554273405417,-0.000699973938846897,-0.0489142422528587));
#6175=CARTESIAN_POINT('',(0.0495512971985227,-0.000499416478301966,-0.0489517422528587));
#6176=CARTESIAN_POINT('',(0.0495229199832637,-4.91507786060522E-5,-0.0489892422528587));
#6177=CARTESIAN_POINT('',(0.0494945427680046,0.000401114921089861,-0.0490267422528587));
#6178=CARTESIAN_POINT('',(0.0498702956947645,0.000650823160240845,-0.0490642422528587));
#6179=CARTESIAN_POINT('',(0.0502460486215243,0.000900531399391827,-0.0491017422528586));
#6180=CARTESIAN_POINT('',(0.0506501787635433,0.000699973938846897,-0.0491392422528587));
#6181=CARTESIAN_POINT('',(0.0510543089055623,0.000499416478301965,-0.0491767422528587));
#6182=CARTESIAN_POINT('',(0.0510826861208214,4.91507786060514E-5,-0.0492142422528587));
#6183=CARTESIAN_POINT('',(0.0511110633360804,-0.000401114921089862,-0.0492517422528586));
#6184=CARTESIAN_POINT('',(0.0507353104093206,-0.000650823160240845,-0.0492892422528587));
#6185=CARTESIAN_POINT('',(0.0503595574825607,-0.000900531399391828,-0.0493267422528587));
#6186=CARTESIAN_POINT('',(0.0499554273405417,-0.000699973938846897,-0.0493642422528587));
#6187=CARTESIAN_POINT('',(0.0495512971985227,-0.000499416478301966,-0.0494017422528587));
#6188=CARTESIAN_POINT('',(0.0495229199832637,-4.91507786060522E-5,-0.0494392422528587));
#6189=CARTESIAN_POINT('',(0.0494945427680046,0.000401114921089861,-0.0494767422528586));
#6190=CARTESIAN_POINT('',(0.0498702956947645,0.000650823160240845,-0.0495142422528587));
#6191=CARTESIAN_POINT('',(0.0502460486215243,0.000900531399391827,-0.0495517422528586));
#6192=CARTESIAN_POINT('',(0.0506501787635433,0.000699973938846897,-0.0495892422528587));
#6193=CARTESIAN_POINT('',(0.0510543089055623,0.000499416478301965,-0.0496267422528587));
#6194=CARTESIAN_POINT('',(0.0510826861208214,4.91507786060513E-5,-0.0496642422528587));
#6195=CARTESIAN_POINT('',(0.0511110633360804,-0.000401114921089862,-0.0497017422528586));
#6196=CARTESIAN_POINT('',(0.0507353104093206,-0.000650823160240846,-0.0497392422528587));
#6197=CARTESIAN_POINT('',(0.0503595574825607,-0.000900531399391828,-0.0497767422528586));
#6198=CARTESIAN_POINT('',(0.0499554273405417,-0.000699973938846897,-0.0498142422528587));
#6199=CARTESIAN_POINT('',(0.0495512971985227,-0.000499416478301966,-0.0498517422528587));
#6200=CARTESIAN_POINT('',(0.0495229199832637,-4.91507786060522E-5,-0.0498892422528587));
#6201=CARTESIAN_POINT('',(0.0494945427680046,0.000401114921089861,-0.0499267422528586));
#6202=CARTESIAN_POINT('',(0.0498702956947645,0.000650823160240845,-0.0499642422528587));
#6203=CARTESIAN_POINT('',(0.0502460486215243,0.000900531399391827,-0.0500017422528586));
#6204=CARTESIAN_POINT('',(0.0506501787635433,0.000699973938846897,-0.0500392422528587));
#6205=CARTESIAN_POINT('',(0.0510543089055623,0.000499416478301965,-0.0500767422528587));
#6206=CARTESIAN_POINT('',(0.0510826861208214,4.91507786060513E-5,-0.0501142422528587));
#6207=CARTESIAN_POINT('',(0.0511110633360804,-0.000401114921089862,-0.0501517422528586));
#6208=CARTESIAN_POINT('',(0.0507353104093206,-0.000650823160240846,-0.0501892422528587));
#6209=CARTESIAN_POINT('',(0.0503595574825607,-0.000900531399391828,-0.0502267422528586));
#6210=CARTESIAN_POINT('',(0.0499554273405417,-0.000699973938846897,-0.0502642422528587));
#6211=CARTESIAN_POINT('',(0.0495512971985227,-0.000499416478301966,-0.0503017422528587));
#6212=CARTESIAN_POINT('',(0.0495229199832637,-4.91507786060522E-5,-0.0503392422528587));
#6213=CARTESIAN_POINT('',(0.0494945427680046,0.000401114921089861,-0.0503767422528586));
#6214=CARTESIAN_POINT('',(0.0498702956947645,0.000650823160240845,-0.0504142422528587));
#6215=CARTESIAN_POINT('',(0.0502460486215243,0.000900531399391827,-0.0504517422528586));
#6216=CARTESIAN_POINT('',(0.0506501787635433,0.000699973938846897,-0.0504892422528587));
#6217=CARTESIAN_POINT('',(0.0510543089055623,0.000499416478301965,-0.0505267422528587));
#6218=CARTESIAN_POINT('',(0.0510826861208214,4.91507786060513E-5,-0.0505642422528587));
#6219=CARTESIAN_POINT('',(0.0511110633360804,-0.000401114921089862,-0.0506017422528586));
#6220=CARTESIAN_POINT('',(0.0507353104093206,-0.000650823160240846,-0.0506392422528587));
#6221=CARTESIAN_POINT('',(0.0503595574825607,-0.000900531399391828,-0.0506767422528586));
#6222=CARTESIAN_POINT('',(0.0499554273405417,-0.000699973938846897,-0.0507142422528587));
#6223=CARTESIAN_POINT('',(0.0495512971985227,-0.000499416478301966,-0.0507517422528587));
#6224=CARTESIAN_POINT('',(0.0495229199832637,-4.91507786060523E-5,-0.0507892422528587));
#6225=CARTESIAN_POINT('',(0.0494945427680046,0.000401114921089861,-0.0508267422528586));
#6226=CARTESIAN_POINT('',(0.0498702956947645,0.000650823160240845,-0.0508642422528587));
#6227=CARTESIAN_POINT('',(0.0502460486215243,0.000900531399391827,-0.0509017422528587));
#6228=CARTESIAN_POINT('',(0.0506501787635433,0.000699973938846897,-0.0509392422528587));
#6229=CARTESIAN_POINT('',(0.0510543089055623,0.000499416478301965,-0.0509767422528587));
#6230=CARTESIAN_POINT('',(0.0510826861208214,4.91507786060513E-5,-0.0510142422528587));
#6231=CARTESIAN_POINT('',(0.0511110633360804,-0.000401114921089862,-0.0510517422528586));
#6232=CARTESIAN_POINT('',(0.0507353104093206,-0.000650823160240846,-0.0510892422528587));
#6233=CARTESIAN_POINT('',(0.0503595574825607,-0.000900531399391828,-0.0511267422528587));
#6234=CARTESIAN_POINT('',(0.0499554273405417,-0.000699973938846897,-0.0511642422528587));
#6235=CARTESIAN_POINT('',(0.0495512971985227,-0.000499416478301966,-0.0512017422528587));
#6236=CARTESIAN_POINT('',(0.0495229199832637,-4.91507786060523E-5,-0.0512392422528587));
#6237=CARTESIAN_POINT('',(0.0494945427680046,0.000401114921089861,-0.0512767422528586));
#6238=CARTESIAN_POINT('',(0.0498702956947645,0.000650823160240844,-0.0513142422528587));
#6239=CARTESIAN_POINT('',(0.0502460486215243,0.000900531399391827,-0.0513517422528586));
#6240=CARTESIAN_POINT('',(0.0506501787635433,0.000699973938846897,-0.0513892422528587));
#6241=CARTESIAN_POINT('',(0.0510543089055623,0.000499416478301965,-0.0514267422528587));
#6242=CARTESIAN_POINT('',(0.0510826861208214,4.91507786060512E-5,-0.0514642422528587));
#6243=CARTESIAN_POINT('',(0.0511110633360804,-0.000401114921089862,-0.0515017422528586));
#6244=CARTESIAN_POINT('',(0.0507353104093206,-0.000650823160240846,-0.0515392422528587));
#6245=CARTESIAN_POINT('',(0.0505442004553555,-0.000777826110025829,-0.0515583149539963));
#6246=CARTESIAN_POINT('',(0.0503147654430884,-0.000781338787726554,-0.0515803132346703));
#6247=CARTESIAN_POINT('',(0.0508519311975506,-0.000865495973307146,-0.0514));
#6248=CARTESIAN_POINT('',(0.051086051701859,-0.000677716952245423,-0.0514));
#6249=CARTESIAN_POINT('',(0.0513638745851128,-7.9625206442936E-5,-0.0514));
#6250=CARTESIAN_POINT('',(0.0510254113148596,0.000501096046047268,-0.0514));
#6251=CARTESIAN_POINT('',(0.0507566320660996,0.000636138841767712,-0.0514));
#6252=CARTESIAN_POINT('',(0.0503028030520425,-4.89858719658941E-19,-0.0514));
#6253=CARTESIAN_POINT('',(0.0510826861208214,0.049049150778606,-0.0448267422528586));
#6254=CARTESIAN_POINT('',(0.0511110633360804,0.0485988850789101,-0.0448642422528587));
#6255=CARTESIAN_POINT('',(0.0507353104093206,0.0483491768397591,-0.0449017422528587));
#6256=CARTESIAN_POINT('',(0.0503595574825607,0.0480994686006081,-0.0449392422528587));
#6257=CARTESIAN_POINT('',(0.0499554273405417,0.0483000260611531,-0.0449767422528587));
#6258=CARTESIAN_POINT('',(0.0495512971985227,0.048500583521698,-0.0450142422528586));
#6259=CARTESIAN_POINT('',(0.0495229199832637,0.0489508492213939,-0.0450517422528587));
#6260=CARTESIAN_POINT('',(0.0494945427680046,0.0494011149210898,-0.0450892422528587));
#6261=CARTESIAN_POINT('',(0.0498702956947645,0.0496508231602408,-0.0451267422528587));
#6262=CARTESIAN_POINT('',(0.0502460486215243,0.0499005313993918,-0.0451642422528587));
#6263=CARTESIAN_POINT('',(0.0506501787635433,0.0496999739388469,-0.0452017422528587));
#6264=CARTESIAN_POINT('',(0.0510543089055623,0.049499416478302,-0.0452392422528586));
#6265=CARTESIAN_POINT('',(0.0510826861208214,0.049049150778606,-0.0452767422528587));
#6266=CARTESIAN_POINT('',(0.0511110633360804,0.0485988850789101,-0.0453142422528587));
#6267=CARTESIAN_POINT('',(0.0507353104093206,0.0483491768397591,-0.0453517422528587));
#6268=CARTESIAN_POINT('',(0.0503595574825607,0.0480994686006081,-0.0453892422528587));
#6269=CARTESIAN_POINT('',(0.0499554273405417,0.0483000260611531,-0.0454267422528587));
#6270=CARTESIAN_POINT('',(0.0495512971985227,0.048500583521698,-0.0454642422528586));
#6271=CARTESIAN_POINT('',(0.0495229199832637,0.0489508492213939,-0.0455017422528587));
#6272=CARTESIAN_POINT('',(0.0494945427680046,0.0494011149210898,-0.0455392422528587));
#6273=CARTESIAN_POINT('',(0.0498702956947645,0.0496508231602408,-0.0455767422528587));
#6274=CARTESIAN_POINT('',(0.0502460486215243,0.0499005313993918,-0.0456142422528587));
#6275=CARTESIAN_POINT('',(0.0506501787635433,0.0496999739388469,-0.0456517422528587));
#6276=CARTESIAN_POINT('',(0.0510543089055623,0.049499416478302,-0.0456892422528586));
#6277=CARTESIAN_POINT('',(0.0510826861208214,0.049049150778606,-0.0457267422528587));
#6278=CARTESIAN_POINT('',(0.0511110633360804,0.0485988850789101,-0.0457642422528587));
#6279=CARTESIAN_POINT('',(0.0507353104093206,0.0483491768397591,-0.0458017422528587));
#6280=CARTESIAN_POINT('',(0.0503595574825607,0.0480994686006081,-0.0458392422528587));
#6281=CARTESIAN_POINT('',(0.0499554273405417,0.0483000260611531,-0.0458767422528587));
#6282=CARTESIAN_POINT('',(0.0495512971985227,0.048500583521698,-0.0459142422528586));
#6283=CARTESIAN_POINT('',(0.0495229199832637,0.0489508492213939,-0.0459517422528587));
#6284=CARTESIAN_POINT('',(0.0494945427680046,0.0494011149210898,-0.0459892422528587));
#6285=CARTESIAN_POINT('',(0.0498702956947645,0.0496508231602408,-0.0460267422528587));
#6286=CARTESIAN_POINT('',(0.0502460486215243,0.0499005313993918,-0.0460642422528587));
#6287=CARTESIAN_POINT('',(0.0506501787635433,0.0496999739388469,-0.0461017422528587));
#6288=CARTESIAN_POINT('',(0.0510543089055623,0.049499416478302,-0.0461392422528586));
#6289=CARTESIAN_POINT('',(0.0510826861208214,0.049049150778606,-0.0461767422528587));
#6290=CARTESIAN_POINT('',(0.0511110633360804,0.0485988850789101,-0.0462142422528587));
#6291=CARTESIAN_POINT('',(0.0507353104093206,0.0483491768397591,-0.0462517422528587));
#6292=CARTESIAN_POINT('',(0.0503595574825607,0.0480994686006081,-0.0462892422528587));
#6293=CARTESIAN_POINT('',(0.0499554273405417,0.0483000260611531,-0.0463267422528587));
#6294=CARTESIAN_POINT('',(0.0495512971985227,0.048500583521698,-0.0463642422528586));
#6295=CARTESIAN_POINT('',(0.0495229199832637,0.0489508492213939,-0.0464017422528587));
#6296=CARTESIAN_POINT('',(0.0494945427680046,0.0494011149210898,-0.0464392422528587));
#6297=CARTESIAN_POINT('',(0.0498702956947645,0.0496508231602408,-0.0464767422528587));
#6298=CARTESIAN_POINT('',(0.0502460486215243,0.0499005313993918,-0.0465142422528587));
#6299=CARTESIAN_POINT('',(0.0506501787635433,0.0496999739388469,-0.0465517422528587));
#6300=CARTESIAN_POINT('',(0.0510543089055623,0.049499416478302,-0.0465892422528586));
#6301=CARTESIAN_POINT('',(0.0510826861208214,0.049049150778606,-0.0466267422528587));
#6302=CARTESIAN_POINT('',(0.0511110633360804,0.0485988850789101,-0.0466642422528587));
#6303=CARTESIAN_POINT('',(0.0507353104093206,0.0483491768397591,-0.0467017422528587));
#6304=CARTESIAN_POINT('',(0.0503595574825607,0.0480994686006081,-0.0467392422528587));
#6305=CARTESIAN_POINT('',(0.0499554273405417,0.0483000260611531,-0.0467767422528587));
#6306=CARTESIAN_POINT('',(0.0495512971985227,0.048500583521698,-0.0468142422528586));
#6307=CARTESIAN_POINT('',(0.0495229199832637,0.0489508492213939,-0.0468517422528587));
#6308=CARTESIAN_POINT('',(0.0494945427680046,0.0494011149210898,-0.0468892422528587));
#6309=CARTESIAN_POINT('',(0.0498702956947645,0.0496508231602408,-0.0469267422528587));
#6310=CARTESIAN_POINT('',(0.0502460486215243,0.0499005313993918,-0.0469642422528587));
#6311=CARTESIAN_POINT('',(0.0506501787635433,0.0496999739388469,-0.0470017422528587));
#6312=CARTESIAN_POINT('',(0.0510543089055623,0.049499416478302,-0.0470392422528586));
#6313=CARTESIAN_POINT('',(0.0510826861208214,0.049049150778606,-0.0470767422528587));
#6314=CARTESIAN_POINT('',(0.0511110633360804,0.0485988850789101,-0.0471142422528587));
#6315=CARTESIAN_POINT('',(0.0507353104093206,0.0483491768397591,-0.0471517422528587));
#6316=CARTESIAN_POINT('',(0.0503595574825607,0.0480994686006081,-0.0471892422528586));
#6317=CARTESIAN_POINT('',(0.0499554273405417,0.0483000260611531,-0.0472267422528587));
#6318=CARTESIAN_POINT('',(0.0495512971985227,0.048500583521698,-0.0472642422528586));
#6319=CARTESIAN_POINT('',(0.0495229199832637,0.0489508492213939,-0.0473017422528587));
#6320=CARTESIAN_POINT('',(0.0494945427680046,0.0494011149210898,-0.0473392422528587));
#6321=CARTESIAN_POINT('',(0.0498702956947645,0.0496508231602408,-0.0473767422528587));
#6322=CARTESIAN_POINT('',(0.0502460486215243,0.0499005313993918,-0.0474142422528587));
#6323=CARTESIAN_POINT('',(0.0506501787635433,0.0496999739388469,-0.0474517422528587));
#6324=CARTESIAN_POINT('',(0.0510543089055623,0.049499416478302,-0.0474892422528587));
#6325=CARTESIAN_POINT('',(0.0510826861208214,0.049049150778606,-0.0475267422528587));
#6326=CARTESIAN_POINT('',(0.0511110633360804,0.0485988850789101,-0.0475642422528587));
#6327=CARTESIAN_POINT('',(0.0507353104093206,0.0483491768397591,-0.0476017422528587));
#6328=CARTESIAN_POINT('',(0.0503595574825607,0.0480994686006081,-0.0476392422528586));
#6329=CARTESIAN_POINT('',(0.0499554273405417,0.0483000260611531,-0.0476767422528587));
#6330=CARTESIAN_POINT('',(0.0495512971985227,0.048500583521698,-0.0477142422528586));
#6331=CARTESIAN_POINT('',(0.0495229199832637,0.0489508492213939,-0.0477517422528587));
#6332=CARTESIAN_POINT('',(0.0494945427680046,0.0494011149210898,-0.0477892422528587));
#6333=CARTESIAN_POINT('',(0.0498702956947645,0.0496508231602408,-0.0478267422528587));
#6334=CARTESIAN_POINT('',(0.0502460486215243,0.0499005313993918,-0.0478642422528586));
#6335=CARTESIAN_POINT('',(0.0506501787635433,0.0496999739388469,-0.0479017422528587));
#6336=CARTESIAN_POINT('',(0.0510543089055623,0.049499416478302,-0.0479392422528587));
#6337=CARTESIAN_POINT('',(0.0510826861208214,0.049049150778606,-0.0479767422528587));
#6338=CARTESIAN_POINT('',(0.0511110633360804,0.0485988850789101,-0.0480142422528587));
#6339=CARTESIAN_POINT('',(0.0507353104093206,0.0483491768397591,-0.0480517422528587));
#6340=CARTESIAN_POINT('',(0.0503595574825607,0.0480994686006081,-0.0480892422528586));
#6341=CARTESIAN_POINT('',(0.0499554273405417,0.0483000260611531,-0.0481267422528587));
#6342=CARTESIAN_POINT('',(0.0495512971985227,0.048500583521698,-0.0481642422528587));
#6343=CARTESIAN_POINT('',(0.0495229199832637,0.0489508492213939,-0.0482017422528587));
#6344=CARTESIAN_POINT('',(0.0494945427680046,0.0494011149210898,-0.0482392422528587));
#6345=CARTESIAN_POINT('',(0.0498702956947645,0.0496508231602408,-0.0482767422528587));
#6346=CARTESIAN_POINT('',(0.0502460486215243,0.0499005313993918,-0.0483142422528586));
#6347=CARTESIAN_POINT('',(0.0506501787635433,0.0496999739388469,-0.0483517422528587));
#6348=CARTESIAN_POINT('',(0.0510543089055623,0.049499416478302,-0.0483892422528587));
#6349=CARTESIAN_POINT('',(0.0510826861208214,0.049049150778606,-0.0484267422528587));
#6350=CARTESIAN_POINT('',(0.0511110633360804,0.0485988850789101,-0.0484642422528587));
#6351=CARTESIAN_POINT('',(0.0507353104093206,0.0483491768397591,-0.0485017422528587));
#6352=CARTESIAN_POINT('',(0.0503595574825607,0.0480994686006081,-0.0485392422528586));
#6353=CARTESIAN_POINT('',(0.0499554273405417,0.0483000260611531,-0.0485767422528587));
#6354=CARTESIAN_POINT('',(0.0495512971985227,0.048500583521698,-0.0486142422528586));
#6355=CARTESIAN_POINT('',(0.0495229199832637,0.0489508492213939,-0.0486517422528587));
#6356=CARTESIAN_POINT('',(0.0494945427680046,0.0494011149210898,-0.0486892422528587));
#6357=CARTESIAN_POINT('',(0.0498702956947645,0.0496508231602408,-0.0487267422528587));
#6358=CARTESIAN_POINT('',(0.0502460486215243,0.0499005313993918,-0.0487642422528586));
#6359=CARTESIAN_POINT('',(0.0506501787635433,0.0496999739388469,-0.0488017422528587));
#6360=CARTESIAN_POINT('',(0.0510543089055623,0.049499416478302,-0.0488392422528587));
#6361=CARTESIAN_POINT('',(0.0510826861208214,0.049049150778606,-0.0488767422528587));
#6362=CARTESIAN_POINT('',(0.0511110633360804,0.0485988850789101,-0.0489142422528587));
#6363=CARTESIAN_POINT('',(0.0507353104093206,0.0483491768397591,-0.0489517422528587));
#6364=CARTESIAN_POINT('',(0.0503595574825607,0.0480994686006081,-0.0489892422528586));
#6365=CARTESIAN_POINT('',(0.0499554273405417,0.0483000260611531,-0.0490267422528587));
#6366=CARTESIAN_POINT('',(0.0495512971985227,0.048500583521698,-0.0490642422528587));
#6367=CARTESIAN_POINT('',(0.0495229199832637,0.0489508492213939,-0.0491017422528587));
#6368=CARTESIAN_POINT('',(0.0494945427680046,0.0494011149210898,-0.0491392422528587));
#6369=CARTESIAN_POINT('',(0.0498702956947645,0.0496508231602408,-0.0491767422528587));
#6370=CARTESIAN_POINT('',(0.0502460486215243,0.0499005313993918,-0.0492142422528586));
#6371=CARTESIAN_POINT('',(0.0506501787635433,0.0496999739388469,-0.0492517422528587));
#6372=CARTESIAN_POINT('',(0.0510543089055623,0.049499416478302,-0.0492892422528587));
#6373=CARTESIAN_POINT('',(0.0510826861208214,0.049049150778606,-0.0493267422528587));
#6374=CARTESIAN_POINT('',(0.0511110633360804,0.0485988850789101,-0.0493642422528587));
#6375=CARTESIAN_POINT('',(0.0507353104093206,0.0483491768397591,-0.0494017422528587));
#6376=CARTESIAN_POINT('',(0.0503595574825607,0.0480994686006081,-0.0494392422528586));
#6377=CARTESIAN_POINT('',(0.0499554273405417,0.0483000260611531,-0.0494767422528587));
#6378=CARTESIAN_POINT('',(0.0495512971985227,0.048500583521698,-0.0495142422528587));
#6379=CARTESIAN_POINT('',(0.0495229199832637,0.0489508492213939,-0.0495517422528587));
#6380=CARTESIAN_POINT('',(0.0494945427680046,0.0494011149210898,-0.0495892422528587));
#6381=CARTESIAN_POINT('',(0.0498702956947645,0.0496508231602408,-0.0496267422528587));
#6382=CARTESIAN_POINT('',(0.0502460486215243,0.0499005313993918,-0.0496642422528586));
#6383=CARTESIAN_POINT('',(0.0506501787635433,0.0496999739388469,-0.0497017422528587));
#6384=CARTESIAN_POINT('',(0.0510543089055623,0.049499416478302,-0.0497392422528587));
#6385=CARTESIAN_POINT('',(0.0510826861208214,0.049049150778606,-0.0497767422528587));
#6386=CARTESIAN_POINT('',(0.0511110633360804,0.0485988850789101,-0.0498142422528587));
#6387=CARTESIAN_POINT('',(0.0507353104093206,0.0483491768397591,-0.0498517422528587));
#6388=CARTESIAN_POINT('',(0.0503595574825607,0.0480994686006081,-0.0498892422528586));
#6389=CARTESIAN_POINT('',(0.0499554273405417,0.0483000260611531,-0.0499267422528587));
#6390=CARTESIAN_POINT('',(0.0495512971985227,0.048500583521698,-0.0499642422528587));
#6391=CARTESIAN_POINT('',(0.0495229199832637,0.0489508492213939,-0.0500017422528587));
#6392=CARTESIAN_POINT('',(0.0494945427680046,0.0494011149210898,-0.0500392422528587));
#6393=CARTESIAN_POINT('',(0.0498702956947645,0.0496508231602408,-0.0500767422528587));
#6394=CARTESIAN_POINT('',(0.0502460486215243,0.0499005313993918,-0.0501142422528586));
#6395=CARTESIAN_POINT('',(0.0506501787635433,0.0496999739388469,-0.0501517422528587));
#6396=CARTESIAN_POINT('',(0.0510543089055623,0.049499416478302,-0.0501892422528587));
#6397=CARTESIAN_POINT('',(0.0510826861208214,0.049049150778606,-0.0502267422528587));
#6398=CARTESIAN_POINT('',(0.0511110633360804,0.0485988850789101,-0.0502642422528586));
#6399=CARTESIAN_POINT('',(0.0507353104093206,0.0483491768397591,-0.0503017422528587));
#6400=CARTESIAN_POINT('',(0.0503595574825607,0.0480994686006081,-0.0503392422528586));
#6401=CARTESIAN_POINT('',(0.0499554273405417,0.0483000260611531,-0.0503767422528587));
#6402=CARTESIAN_POINT('',(0.0495512971985227,0.048500583521698,-0.0504142422528587));
#6403=CARTESIAN_POINT('',(0.0495229199832637,0.0489508492213939,-0.0504517422528587));
#6404=CARTESIAN_POINT('',(0.0494945427680046,0.0494011149210898,-0.0504892422528587));
#6405=CARTESIAN_POINT('',(0.0498702956947645,0.0496508231602408,-0.0505267422528587));
#6406=CARTESIAN_POINT('',(0.0502460486215243,0.0499005313993918,-0.0505642422528587));
#6407=CARTESIAN_POINT('',(0.0506501787635433,0.0496999739388469,-0.0506017422528587));
#6408=CARTESIAN_POINT('',(0.0510543089055623,0.049499416478302,-0.0506392422528587));
#6409=CARTESIAN_POINT('',(0.0510826861208214,0.049049150778606,-0.0506767422528587));
#6410=CARTESIAN_POINT('',(0.0511110633360804,0.0485988850789101,-0.0507142422528586));
#6411=CARTESIAN_POINT('',(0.0507353104093206,0.0483491768397591,-0.0507517422528587));
#6412=CARTESIAN_POINT('',(0.0503595574825607,0.0480994686006081,-0.0507892422528586));
#6413=CARTESIAN_POINT('',(0.0499554273405417,0.0483000260611531,-0.0508267422528587));
#6414=CARTESIAN_POINT('',(0.0495512971985227,0.048500583521698,-0.0508642422528587));
#6415=CARTESIAN_POINT('',(0.0495229199832637,0.0489508492213939,-0.0509017422528587));
#6416=CARTESIAN_POINT('',(0.0494945427680046,0.0494011149210898,-0.0509392422528586));
#6417=CARTESIAN_POINT('',(0.0498702956947645,0.0496508231602408,-0.0509767422528587));
#6418=CARTESIAN_POINT('',(0.0502460486215243,0.0499005313993918,-0.0510142422528587));
#6419=CARTESIAN_POINT('',(0.0506501787635433,0.0496999739388469,-0.0510517422528587));
#6420=CARTESIAN_POINT('',(0.0510543089055623,0.049499416478302,-0.0510892422528587));
#6421=CARTESIAN_POINT('',(0.0510826861208214,0.049049150778606,-0.0511267422528587));
#6422=CARTESIAN_POINT('',(0.0511110633360804,0.0485988850789101,-0.0511642422528586));
#6423=CARTESIAN_POINT('',(0.0507353104093206,0.0483491768397591,-0.0512017422528587));
#6424=CARTESIAN_POINT('',(0.0503595574825607,0.0480994686006081,-0.0512392422528587));
#6425=CARTESIAN_POINT('',(0.0499554273405417,0.0483000260611531,-0.0512767422528587));
#6426=CARTESIAN_POINT('',(0.0495512971985227,0.048500583521698,-0.0513142422528587));
#6427=CARTESIAN_POINT('',(0.0495229199832637,0.0489508492213939,-0.0513517422528587));
#6428=CARTESIAN_POINT('',(0.0494945427680046,0.0494011149210898,-0.0513892422528586));
#6429=CARTESIAN_POINT('',(0.0498702956947645,0.0496508231602408,-0.0514267422528587));
#6430=CARTESIAN_POINT('',(0.0499227188718209,0.0496856612101965,-0.0514319740661051));
#6431=CARTESIAN_POINT('',(0.0499800423390858,0.0497116592739346,-0.0514376219016115));
#6432=CARTESIAN_POINT('',(0.0513257734808128,0.0490644709381161,-0.0449673672528587));
#6433=CARTESIAN_POINT('',(0.051362995794289,0.0484738586856925,-0.0450048672528587));
#6434=CARTESIAN_POINT('',(0.050870121736642,0.0481463170904227,-0.0450423672528587));
#6435=CARTESIAN_POINT('',(0.050377247678995,0.0478187754951529,-0.0450798672528586));
#6436=CARTESIAN_POINT('',(0.0498471513078717,0.0480818461523066,-0.0451173672528587));
#6437=CARTESIAN_POINT('',(0.0493170549367485,0.0483449168094603,-0.0451548672528587));
#6438=CARTESIAN_POINT('',(0.0492798326232723,0.0489355290618839,-0.0451923672528587));
#6439=CARTESIAN_POINT('',(0.049242610309796,0.0495261413143074,-0.0452298672528587));
#6440=CARTESIAN_POINT('',(0.049735484367443,0.0498536829095773,-0.0452673672528587));
#6441=CARTESIAN_POINT('',(0.0502283584250901,0.050181224504847,-0.0453048672528586));
#6442=CARTESIAN_POINT('',(0.0507584547962133,0.0499181538476933,-0.0453423672528587));
#6443=CARTESIAN_POINT('',(0.0512885511673366,0.0496550831905396,-0.0453798672528586));
#6444=CARTESIAN_POINT('',(0.0513257734808128,0.0490644709381161,-0.0454173672528587));
#6445=CARTESIAN_POINT('',(0.051362995794289,0.0484738586856925,-0.0454548672528587));
#6446=CARTESIAN_POINT('',(0.050870121736642,0.0481463170904227,-0.0454923672528587));
#6447=CARTESIAN_POINT('',(0.050377247678995,0.0478187754951529,-0.0455298672528587));
#6448=CARTESIAN_POINT('',(0.0498471513078717,0.0480818461523066,-0.0455673672528587));
#6449=CARTESIAN_POINT('',(0.0493170549367485,0.0483449168094603,-0.0456048672528587));
#6450=CARTESIAN_POINT('',(0.0492798326232723,0.0489355290618839,-0.0456423672528587));
#6451=CARTESIAN_POINT('',(0.049242610309796,0.0495261413143074,-0.0456798672528587));
#6452=CARTESIAN_POINT('',(0.049735484367443,0.0498536829095773,-0.0457173672528587));
#6453=CARTESIAN_POINT('',(0.0502283584250901,0.050181224504847,-0.0457548672528586));
#6454=CARTESIAN_POINT('',(0.0507584547962133,0.0499181538476933,-0.0457923672528587));
#6455=CARTESIAN_POINT('',(0.0512885511673366,0.0496550831905396,-0.0458298672528586));
#6456=CARTESIAN_POINT('',(0.0513257734808128,0.0490644709381161,-0.0458673672528587));
#6457=CARTESIAN_POINT('',(0.051362995794289,0.0484738586856925,-0.0459048672528587));
#6458=CARTESIAN_POINT('',(0.050870121736642,0.0481463170904227,-0.0459423672528587));
#6459=CARTESIAN_POINT('',(0.050377247678995,0.0478187754951529,-0.0459798672528586));
#6460=CARTESIAN_POINT('',(0.0498471513078717,0.0480818461523066,-0.0460173672528587));
#6461=CARTESIAN_POINT('',(0.0493170549367485,0.0483449168094603,-0.0460548672528587));
#6462=CARTESIAN_POINT('',(0.0492798326232723,0.0489355290618839,-0.0460923672528587));
#6463=CARTESIAN_POINT('',(0.049242610309796,0.0495261413143074,-0.0461298672528587));
#6464=CARTESIAN_POINT('',(0.049735484367443,0.0498536829095773,-0.0461673672528587));
#6465=CARTESIAN_POINT('',(0.0502283584250901,0.050181224504847,-0.0462048672528586));
#6466=CARTESIAN_POINT('',(0.0507584547962133,0.0499181538476933,-0.0462423672528587));
#6467=CARTESIAN_POINT('',(0.0512885511673366,0.0496550831905396,-0.0462798672528587));
#6468=CARTESIAN_POINT('',(0.0513257734808128,0.0490644709381161,-0.0463173672528587));
#6469=CARTESIAN_POINT('',(0.051362995794289,0.0484738586856925,-0.0463548672528587));
#6470=CARTESIAN_POINT('',(0.050870121736642,0.0481463170904227,-0.0463923672528587));
#6471=CARTESIAN_POINT('',(0.050377247678995,0.0478187754951529,-0.0464298672528586));
#6472=CARTESIAN_POINT('',(0.0498471513078717,0.0480818461523066,-0.0464673672528587));
#6473=CARTESIAN_POINT('',(0.0493170549367485,0.0483449168094603,-0.0465048672528587));
#6474=CARTESIAN_POINT('',(0.0492798326232723,0.0489355290618839,-0.0465423672528587));
#6475=CARTESIAN_POINT('',(0.049242610309796,0.0495261413143074,-0.0465798672528587));
#6476=CARTESIAN_POINT('',(0.049735484367443,0.0498536829095773,-0.0466173672528587));
#6477=CARTESIAN_POINT('',(0.0502283584250901,0.050181224504847,-0.0466548672528586));
#6478=CARTESIAN_POINT('',(0.0507584547962133,0.0499181538476933,-0.0466923672528587));
#6479=CARTESIAN_POINT('',(0.0512885511673366,0.0496550831905396,-0.0467298672528587));
#6480=CARTESIAN_POINT('',(0.0513257734808128,0.0490644709381161,-0.0467673672528587));
#6481=CARTESIAN_POINT('',(0.051362995794289,0.0484738586856925,-0.0468048672528587));
#6482=CARTESIAN_POINT('',(0.050870121736642,0.0481463170904227,-0.0468423672528587));
#6483=CARTESIAN_POINT('',(0.050377247678995,0.0478187754951529,-0.0468798672528586));
#6484=CARTESIAN_POINT('',(0.0498471513078717,0.0480818461523066,-0.0469173672528587));
#6485=CARTESIAN_POINT('',(0.0493170549367485,0.0483449168094603,-0.0469548672528587));
#6486=CARTESIAN_POINT('',(0.0492798326232723,0.0489355290618839,-0.0469923672528587));
#6487=CARTESIAN_POINT('',(0.049242610309796,0.0495261413143074,-0.0470298672528587));
#6488=CARTESIAN_POINT('',(0.049735484367443,0.0498536829095773,-0.0470673672528587));
#6489=CARTESIAN_POINT('',(0.0502283584250901,0.050181224504847,-0.0471048672528586));
#6490=CARTESIAN_POINT('',(0.0507584547962133,0.0499181538476933,-0.0471423672528587));
#6491=CARTESIAN_POINT('',(0.0512885511673366,0.0496550831905396,-0.0471798672528587));
#6492=CARTESIAN_POINT('',(0.0513257734808128,0.0490644709381161,-0.0472173672528587));
#6493=CARTESIAN_POINT('',(0.051362995794289,0.0484738586856925,-0.0472548672528587));
#6494=CARTESIAN_POINT('',(0.050870121736642,0.0481463170904227,-0.0472923672528587));
#6495=CARTESIAN_POINT('',(0.050377247678995,0.0478187754951529,-0.0473298672528586));
#6496=CARTESIAN_POINT('',(0.0498471513078717,0.0480818461523066,-0.0473673672528587));
#6497=CARTESIAN_POINT('',(0.0493170549367485,0.0483449168094603,-0.0474048672528587));
#6498=CARTESIAN_POINT('',(0.0492798326232723,0.0489355290618839,-0.0474423672528587));
#6499=CARTESIAN_POINT('',(0.049242610309796,0.0495261413143074,-0.0474798672528587));
#6500=CARTESIAN_POINT('',(0.049735484367443,0.0498536829095773,-0.0475173672528587));
#6501=CARTESIAN_POINT('',(0.0502283584250901,0.050181224504847,-0.0475548672528586));
#6502=CARTESIAN_POINT('',(0.0507584547962133,0.0499181538476933,-0.0475923672528587));
#6503=CARTESIAN_POINT('',(0.0512885511673366,0.0496550831905396,-0.0476298672528587));
#6504=CARTESIAN_POINT('',(0.0513257734808128,0.0490644709381161,-0.0476673672528587));
#6505=CARTESIAN_POINT('',(0.051362995794289,0.0484738586856925,-0.0477048672528587));
#6506=CARTESIAN_POINT('',(0.050870121736642,0.0481463170904227,-0.0477423672528587));
#6507=CARTESIAN_POINT('',(0.050377247678995,0.0478187754951529,-0.0477798672528587));
#6508=CARTESIAN_POINT('',(0.0498471513078717,0.0480818461523066,-0.0478173672528587));
#6509=CARTESIAN_POINT('',(0.0493170549367485,0.0483449168094603,-0.0478548672528587));
#6510=CARTESIAN_POINT('',(0.0492798326232723,0.0489355290618839,-0.0478923672528587));
#6511=CARTESIAN_POINT('',(0.049242610309796,0.0495261413143074,-0.0479298672528587));
#6512=CARTESIAN_POINT('',(0.049735484367443,0.0498536829095773,-0.0479673672528587));
#6513=CARTESIAN_POINT('',(0.0502283584250901,0.050181224504847,-0.0480048672528587));
#6514=CARTESIAN_POINT('',(0.0507584547962133,0.0499181538476933,-0.0480423672528587));
#6515=CARTESIAN_POINT('',(0.0512885511673366,0.0496550831905396,-0.0480798672528587));
#6516=CARTESIAN_POINT('',(0.0513257734808128,0.0490644709381161,-0.0481173672528587));
#6517=CARTESIAN_POINT('',(0.051362995794289,0.0484738586856925,-0.0481548672528586));
#6518=CARTESIAN_POINT('',(0.050870121736642,0.0481463170904227,-0.0481923672528587));
#6519=CARTESIAN_POINT('',(0.050377247678995,0.0478187754951529,-0.0482298672528586));
#6520=CARTESIAN_POINT('',(0.0498471513078717,0.0480818461523066,-0.0482673672528587));
#6521=CARTESIAN_POINT('',(0.0493170549367485,0.0483449168094603,-0.0483048672528587));
#6522=CARTESIAN_POINT('',(0.0492798326232723,0.0489355290618839,-0.0483423672528587));
#6523=CARTESIAN_POINT('',(0.049242610309796,0.0495261413143074,-0.0483798672528586));
#6524=CARTESIAN_POINT('',(0.049735484367443,0.0498536829095773,-0.0484173672528587));
#6525=CARTESIAN_POINT('',(0.0502283584250901,0.050181224504847,-0.0484548672528586));
#6526=CARTESIAN_POINT('',(0.0507584547962133,0.0499181538476933,-0.0484923672528587));
#6527=CARTESIAN_POINT('',(0.0512885511673366,0.0496550831905396,-0.0485298672528587));
#6528=CARTESIAN_POINT('',(0.0513257734808128,0.0490644709381161,-0.0485673672528587));
#6529=CARTESIAN_POINT('',(0.051362995794289,0.0484738586856925,-0.0486048672528586));
#6530=CARTESIAN_POINT('',(0.050870121736642,0.0481463170904227,-0.0486423672528587));
#6531=CARTESIAN_POINT('',(0.050377247678995,0.0478187754951529,-0.0486798672528587));
#6532=CARTESIAN_POINT('',(0.0498471513078717,0.0480818461523066,-0.0487173672528587));
#6533=CARTESIAN_POINT('',(0.0493170549367485,0.0483449168094603,-0.0487548672528587));
#6534=CARTESIAN_POINT('',(0.0492798326232723,0.0489355290618839,-0.0487923672528587));
#6535=CARTESIAN_POINT('',(0.049242610309796,0.0495261413143074,-0.0488298672528586));
#6536=CARTESIAN_POINT('',(0.049735484367443,0.0498536829095773,-0.0488673672528587));
#6537=CARTESIAN_POINT('',(0.0502283584250901,0.050181224504847,-0.0489048672528586));
#6538=CARTESIAN_POINT('',(0.0507584547962133,0.0499181538476933,-0.0489423672528587));
#6539=CARTESIAN_POINT('',(0.0512885511673366,0.0496550831905396,-0.0489798672528587));
#6540=CARTESIAN_POINT('',(0.0513257734808128,0.0490644709381161,-0.0490173672528587));
#6541=CARTESIAN_POINT('',(0.051362995794289,0.0484738586856925,-0.0490548672528586));
#6542=CARTESIAN_POINT('',(0.050870121736642,0.0481463170904227,-0.0490923672528587));
#6543=CARTESIAN_POINT('',(0.050377247678995,0.0478187754951529,-0.0491298672528587));
#6544=CARTESIAN_POINT('',(0.0498471513078717,0.0480818461523066,-0.0491673672528587));
#6545=CARTESIAN_POINT('',(0.0493170549367485,0.0483449168094603,-0.0492048672528587));
#6546=CARTESIAN_POINT('',(0.0492798326232723,0.0489355290618839,-0.0492423672528587));
#6547=CARTESIAN_POINT('',(0.049242610309796,0.0495261413143074,-0.0492798672528586));
#6548=CARTESIAN_POINT('',(0.049735484367443,0.0498536829095773,-0.0493173672528587));
#6549=CARTESIAN_POINT('',(0.0502283584250901,0.050181224504847,-0.0493548672528587));
#6550=CARTESIAN_POINT('',(0.0507584547962133,0.0499181538476933,-0.0493923672528587));
#6551=CARTESIAN_POINT('',(0.0512885511673366,0.0496550831905396,-0.0494298672528587));
#6552=CARTESIAN_POINT('',(0.0513257734808128,0.0490644709381161,-0.0494673672528587));
#6553=CARTESIAN_POINT('',(0.051362995794289,0.0484738586856925,-0.0495048672528586));
#6554=CARTESIAN_POINT('',(0.050870121736642,0.0481463170904227,-0.0495423672528587));
#6555=CARTESIAN_POINT('',(0.050377247678995,0.0478187754951529,-0.0495798672528587));
#6556=CARTESIAN_POINT('',(0.0498471513078717,0.0480818461523066,-0.0496173672528587));
#6557=CARTESIAN_POINT('',(0.0493170549367485,0.0483449168094603,-0.0496548672528587));
#6558=CARTESIAN_POINT('',(0.0492798326232723,0.0489355290618839,-0.0496923672528587));
#6559=CARTESIAN_POINT('',(0.049242610309796,0.0495261413143074,-0.0497298672528586));
#6560=CARTESIAN_POINT('',(0.049735484367443,0.0498536829095773,-0.0497673672528587));
#6561=CARTESIAN_POINT('',(0.0502283584250901,0.050181224504847,-0.0498048672528587));
#6562=CARTESIAN_POINT('',(0.0507584547962133,0.0499181538476933,-0.0498423672528587));
#6563=CARTESIAN_POINT('',(0.0512885511673366,0.0496550831905396,-0.0498798672528587));
#6564=CARTESIAN_POINT('',(0.0513257734808128,0.0490644709381161,-0.0499173672528587));
#6565=CARTESIAN_POINT('',(0.051362995794289,0.0484738586856925,-0.0499548672528586));
#6566=CARTESIAN_POINT('',(0.050870121736642,0.0481463170904227,-0.0499923672528587));
#6567=CARTESIAN_POINT('',(0.050377247678995,0.0478187754951529,-0.0500298672528587));
#6568=CARTESIAN_POINT('',(0.0498471513078717,0.0480818461523066,-0.0500673672528587));
#6569=CARTESIAN_POINT('',(0.0493170549367485,0.0483449168094603,-0.0501048672528587));
#6570=CARTESIAN_POINT('',(0.0492798326232723,0.0489355290618839,-0.0501423672528587));
#6571=CARTESIAN_POINT('',(0.049242610309796,0.0495261413143074,-0.0501798672528586));
#6572=CARTESIAN_POINT('',(0.049735484367443,0.0498536829095773,-0.0502173672528587));
#6573=CARTESIAN_POINT('',(0.0502283584250901,0.050181224504847,-0.0502548672528587));
#6574=CARTESIAN_POINT('',(0.0507584547962133,0.0499181538476933,-0.0502923672528587));
#6575=CARTESIAN_POINT('',(0.0512885511673366,0.0496550831905396,-0.0503298672528587));
#6576=CARTESIAN_POINT('',(0.0513257734808128,0.0490644709381161,-0.0503673672528587));
#6577=CARTESIAN_POINT('',(0.051362995794289,0.0484738586856925,-0.0504048672528586));
#6578=CARTESIAN_POINT('',(0.050870121736642,0.0481463170904227,-0.0504423672528587));
#6579=CARTESIAN_POINT('',(0.050377247678995,0.0478187754951529,-0.0504798672528587));
#6580=CARTESIAN_POINT('',(0.0498471513078717,0.0480818461523066,-0.0505173672528587));
#6581=CARTESIAN_POINT('',(0.0493170549367485,0.0483449168094603,-0.0505548672528587));
#6582=CARTESIAN_POINT('',(0.0492798326232723,0.0489355290618839,-0.0505923672528587));
#6583=CARTESIAN_POINT('',(0.049242610309796,0.0495261413143074,-0.0506298672528586));
#6584=CARTESIAN_POINT('',(0.049735484367443,0.0498536829095773,-0.0506673672528587));
#6585=CARTESIAN_POINT('',(0.0502283584250901,0.050181224504847,-0.0507048672528587));
#6586=CARTESIAN_POINT('',(0.0507584547962133,0.0499181538476933,-0.0507423672528587));
#6587=CARTESIAN_POINT('',(0.0512885511673366,0.0496550831905396,-0.0507798672528587));
#6588=CARTESIAN_POINT('',(0.0513257734808128,0.0490644709381161,-0.0508173672528587));
#6589=CARTESIAN_POINT('',(0.051362995794289,0.0484738586856925,-0.0508548672528586));
#6590=CARTESIAN_POINT('',(0.050870121736642,0.0481463170904227,-0.0508923672528587));
#6591=CARTESIAN_POINT('',(0.050377247678995,0.0478187754951529,-0.0509298672528587));
#6592=CARTESIAN_POINT('',(0.0498471513078717,0.0480818461523066,-0.0509673672528587));
#6593=CARTESIAN_POINT('',(0.0493170549367485,0.0483449168094603,-0.0510048672528587));
#6594=CARTESIAN_POINT('',(0.0492798326232723,0.0489355290618839,-0.0510423672528587));
#6595=CARTESIAN_POINT('',(0.049242610309796,0.0495261413143074,-0.0510798672528587));
#6596=CARTESIAN_POINT('',(0.049735484367443,0.0498536829095773,-0.0511173672528587));
#6597=CARTESIAN_POINT('',(0.0502283584250901,0.050181224504847,-0.0511548672528587));
#6598=CARTESIAN_POINT('',(0.0507584547962133,0.0499181538476933,-0.0511923672528587));
#6599=CARTESIAN_POINT('',(0.0512885511673366,0.0496550831905396,-0.0512298672528586));
#6600=CARTESIAN_POINT('',(0.0513257734808128,0.0490644709381161,-0.0512673672528587));
#6601=CARTESIAN_POINT('',(0.051362995794289,0.0484738586856925,-0.0513048672528586));
#6602=CARTESIAN_POINT('',(0.050870121736642,0.0481463170904227,-0.0513423672528587));
#6603=CARTESIAN_POINT('',(0.050377247678995,0.0478187754951529,-0.0513798672528587));
#6604=CARTESIAN_POINT('',(0.0498471513078717,0.0480818461523066,-0.0514173672528587));
#6605=CARTESIAN_POINT('',(0.0493170549367485,0.0483449168094603,-0.0514548672528586));
#6606=CARTESIAN_POINT('',(0.0492798326232723,0.0489355290618839,-0.0514923672528587));
#6607=CARTESIAN_POINT('',(0.049242610309796,0.0495261413143074,-0.0515298672528586));
#6608=CARTESIAN_POINT('',(0.049735484367443,0.0498536829095773,-0.0515673672528587));
#6609=CARTESIAN_POINT('',(0.0498042477014065,0.0498993798817612,-0.0515725990661052));
#6610=CARTESIAN_POINT('',(0.0498794387322599,0.0499334814688761,-0.0515782469016115));
#6611=CARTESIAN_POINT('',(0.0496598935919032,0.0494441855761603,-0.0514));
#6612=CARTESIAN_POINT('',(0.0494502198594746,0.049226934195782,-0.0514));
#6613=CARTESIAN_POINT('',(0.0493315380394263,0.0485560544567235,-0.0514));
#6614=CARTESIAN_POINT('',(0.0498053162058676,0.0480949841875419,-0.0514));
#6615=CARTESIAN_POINT('',(0.0500903050026055,0.047997268939852,-0.0514));
#6616=CARTESIAN_POINT('',(0.0496598935918975,0.049444185576152,-0.051399999999999));
#6617=CARTESIAN_POINT('',(0.0510826861208214,0.049049150778606,-0.0448267422528586));
#6618=CARTESIAN_POINT('',(0.0511110633360804,0.0485988850789101,-0.0448642422528587));
#6619=CARTESIAN_POINT('',(0.0507353104093206,0.0483491768397591,-0.0449017422528587));
#6620=CARTESIAN_POINT('',(0.0503595574825607,0.0480994686006081,-0.0449392422528587));
#6621=CARTESIAN_POINT('',(0.0499554273405417,0.0483000260611531,-0.0449767422528587));
#6622=CARTESIAN_POINT('',(0.0495512971985227,0.048500583521698,-0.0450142422528586));
#6623=CARTESIAN_POINT('',(0.0495229199832637,0.0489508492213939,-0.0450517422528587));
#6624=CARTESIAN_POINT('',(0.0494945427680046,0.0494011149210898,-0.0450892422528587));
#6625=CARTESIAN_POINT('',(0.0498702956947645,0.0496508231602408,-0.0451267422528587));
#6626=CARTESIAN_POINT('',(0.0502460486215243,0.0499005313993918,-0.0451642422528587));
#6627=CARTESIAN_POINT('',(0.0506501787635433,0.0496999739388469,-0.0452017422528587));
#6628=CARTESIAN_POINT('',(0.0510543089055623,0.049499416478302,-0.0452392422528586));
#6629=CARTESIAN_POINT('',(0.0510826861208214,0.049049150778606,-0.0452767422528587));
#6630=CARTESIAN_POINT('',(0.0511110633360804,0.0485988850789101,-0.0453142422528587));
#6631=CARTESIAN_POINT('',(0.0507353104093206,0.0483491768397591,-0.0453517422528587));
#6632=CARTESIAN_POINT('',(0.0503595574825607,0.0480994686006081,-0.0453892422528587));
#6633=CARTESIAN_POINT('',(0.0499554273405417,0.0483000260611531,-0.0454267422528587));
#6634=CARTESIAN_POINT('',(0.0495512971985227,0.048500583521698,-0.0454642422528586));
#6635=CARTESIAN_POINT('',(0.0495229199832637,0.0489508492213939,-0.0455017422528587));
#6636=CARTESIAN_POINT('',(0.0494945427680046,0.0494011149210898,-0.0455392422528587));
#6637=CARTESIAN_POINT('',(0.0498702956947645,0.0496508231602408,-0.0455767422528587));
#6638=CARTESIAN_POINT('',(0.0502460486215243,0.0499005313993918,-0.0456142422528587));
#6639=CARTESIAN_POINT('',(0.0506501787635433,0.0496999739388469,-0.0456517422528587));
#6640=CARTESIAN_POINT('',(0.0510543089055623,0.049499416478302,-0.0456892422528586));
#6641=CARTESIAN_POINT('',(0.0510826861208214,0.049049150778606,-0.0457267422528587));
#6642=CARTESIAN_POINT('',(0.0511110633360804,0.0485988850789101,-0.0457642422528587));
#6643=CARTESIAN_POINT('',(0.0507353104093206,0.0483491768397591,-0.0458017422528587));
#6644=CARTESIAN_POINT('',(0.0503595574825607,0.0480994686006081,-0.0458392422528587));
#6645=CARTESIAN_POINT('',(0.0499554273405417,0.0483000260611531,-0.0458767422528587));
#6646=CARTESIAN_POINT('',(0.0495512971985227,0.048500583521698,-0.0459142422528586));
#6647=CARTESIAN_POINT('',(0.0495229199832637,0.0489508492213939,-0.0459517422528587));
#6648=CARTESIAN_POINT('',(0.0494945427680046,0.0494011149210898,-0.0459892422528587));
#6649=CARTESIAN_POINT('',(0.0498702956947645,0.0496508231602408,-0.0460267422528587));
#6650=CARTESIAN_POINT('',(0.0502460486215243,0.0499005313993918,-0.0460642422528587));
#6651=CARTESIAN_POINT('',(0.0506501787635433,0.0496999739388469,-0.0461017422528587));
#6652=CARTESIAN_POINT('',(0.0510543089055623,0.049499416478302,-0.0461392422528586));
#6653=CARTESIAN_POINT('',(0.0510826861208214,0.049049150778606,-0.0461767422528587));
#6654=CARTESIAN_POINT('',(0.0511110633360804,0.0485988850789101,-0.0462142422528587));
#6655=CARTESIAN_POINT('',(0.0507353104093206,0.0483491768397591,-0.0462517422528587));
#6656=CARTESIAN_POINT('',(0.0503595574825607,0.0480994686006081,-0.0462892422528587));
#6657=CARTESIAN_POINT('',(0.0499554273405417,0.0483000260611531,-0.0463267422528587));
#6658=CARTESIAN_POINT('',(0.0495512971985227,0.048500583521698,-0.0463642422528586));
#6659=CARTESIAN_POINT('',(0.0495229199832637,0.0489508492213939,-0.0464017422528587));
#6660=CARTESIAN_POINT('',(0.0494945427680046,0.0494011149210898,-0.0464392422528587));
#6661=CARTESIAN_POINT('',(0.0498702956947645,0.0496508231602408,-0.0464767422528587));
#6662=CARTESIAN_POINT('',(0.0502460486215243,0.0499005313993918,-0.0465142422528587));
#6663=CARTESIAN_POINT('',(0.0506501787635433,0.0496999739388469,-0.0465517422528587));
#6664=CARTESIAN_POINT('',(0.0510543089055623,0.049499416478302,-0.0465892422528586));
#6665=CARTESIAN_POINT('',(0.0510826861208214,0.049049150778606,-0.0466267422528587));
#6666=CARTESIAN_POINT('',(0.0511110633360804,0.0485988850789101,-0.0466642422528587));
#6667=CARTESIAN_POINT('',(0.0507353104093206,0.0483491768397591,-0.0467017422528587));
#6668=CARTESIAN_POINT('',(0.0503595574825607,0.0480994686006081,-0.0467392422528587));
#6669=CARTESIAN_POINT('',(0.0499554273405417,0.0483000260611531,-0.0467767422528587));
#6670=CARTESIAN_POINT('',(0.0495512971985227,0.048500583521698,-0.0468142422528586));
#6671=CARTESIAN_POINT('',(0.0495229199832637,0.0489508492213939,-0.0468517422528587));
#6672=CARTESIAN_POINT('',(0.0494945427680046,0.0494011149210898,-0.0468892422528587));
#6673=CARTESIAN_POINT('',(0.0498702956947645,0.0496508231602408,-0.0469267422528587));
#6674=CARTESIAN_POINT('',(0.0502460486215243,0.0499005313993918,-0.0469642422528587));
#6675=CARTESIAN_POINT('',(0.0506501787635433,0.0496999739388469,-0.0470017422528587));
#6676=CARTESIAN_POINT('',(0.0510543089055623,0.049499416478302,-0.0470392422528586));
#6677=CARTESIAN_POINT('',(0.0510826861208214,0.049049150778606,-0.0470767422528587));
#6678=CARTESIAN_POINT('',(0.0511110633360804,0.0485988850789101,-0.0471142422528587));
#6679=CARTESIAN_POINT('',(0.0507353104093206,0.0483491768397591,-0.0471517422528587));
#6680=CARTESIAN_POINT('',(0.0503595574825607,0.0480994686006081,-0.0471892422528586));
#6681=CARTESIAN_POINT('',(0.0499554273405417,0.0483000260611531,-0.0472267422528587));
#6682=CARTESIAN_POINT('',(0.0495512971985227,0.048500583521698,-0.0472642422528586));
#6683=CARTESIAN_POINT('',(0.0495229199832637,0.0489508492213939,-0.0473017422528587));
#6684=CARTESIAN_POINT('',(0.0494945427680046,0.0494011149210898,-0.0473392422528587));
#6685=CARTESIAN_POINT('',(0.0498702956947645,0.0496508231602408,-0.0473767422528587));
#6686=CARTESIAN_POINT('',(0.0502460486215243,0.0499005313993918,-0.0474142422528587));
#6687=CARTESIAN_POINT('',(0.0506501787635433,0.0496999739388469,-0.0474517422528587));
#6688=CARTESIAN_POINT('',(0.0510543089055623,0.049499416478302,-0.0474892422528587));
#6689=CARTESIAN_POINT('',(0.0510826861208214,0.049049150778606,-0.0475267422528587));
#6690=CARTESIAN_POINT('',(0.0511110633360804,0.0485988850789101,-0.0475642422528587));
#6691=CARTESIAN_POINT('',(0.0507353104093206,0.0483491768397591,-0.0476017422528587));
#6692=CARTESIAN_POINT('',(0.0503595574825607,0.0480994686006081,-0.0476392422528586));
#6693=CARTESIAN_POINT('',(0.0499554273405417,0.0483000260611531,-0.0476767422528587));
#6694=CARTESIAN_POINT('',(0.0495512971985227,0.048500583521698,-0.0477142422528586));
#6695=CARTESIAN_POINT('',(0.0495229199832637,0.0489508492213939,-0.0477517422528587));
#6696=CARTESIAN_POINT('',(0.0494945427680046,0.0494011149210898,-0.0477892422528587));
#6697=CARTESIAN_POINT('',(0.0498702956947645,0.0496508231602408,-0.0478267422528587));
#6698=CARTESIAN_POINT('',(0.0502460486215243,0.0499005313993918,-0.0478642422528586));
#6699=CARTESIAN_POINT('',(0.0506501787635433,0.0496999739388469,-0.0479017422528587));
#6700=CARTESIAN_POINT('',(0.0510543089055623,0.049499416478302,-0.0479392422528587));
#6701=CARTESIAN_POINT('',(0.0510826861208214,0.049049150778606,-0.0479767422528587));
#6702=CARTESIAN_POINT('',(0.0511110633360804,0.0485988850789101,-0.0480142422528587));
#6703=CARTESIAN_POINT('',(0.0507353104093206,0.0483491768397591,-0.0480517422528587));
#6704=CARTESIAN_POINT('',(0.0503595574825607,0.0480994686006081,-0.0480892422528586));
#6705=CARTESIAN_POINT('',(0.0499554273405417,0.0483000260611531,-0.0481267422528587));
#6706=CARTESIAN_POINT('',(0.0495512971985227,0.048500583521698,-0.0481642422528587));
#6707=CARTESIAN_POINT('',(0.0495229199832637,0.0489508492213939,-0.0482017422528587));
#6708=CARTESIAN_POINT('',(0.0494945427680046,0.0494011149210898,-0.0482392422528587));
#6709=CARTESIAN_POINT('',(0.0498702956947645,0.0496508231602408,-0.0482767422528587));
#6710=CARTESIAN_POINT('',(0.0502460486215243,0.0499005313993918,-0.0483142422528586));
#6711=CARTESIAN_POINT('',(0.0506501787635433,0.0496999739388469,-0.0483517422528587));
#6712=CARTESIAN_POINT('',(0.0510543089055623,0.049499416478302,-0.0483892422528587));
#6713=CARTESIAN_POINT('',(0.0510826861208214,0.049049150778606,-0.0484267422528587));
#6714=CARTESIAN_POINT('',(0.0511110633360805,0.0485988850789101,-0.0484642422528587));
#6715=CARTESIAN_POINT('',(0.0507353104093206,0.0483491768397591,-0.0485017422528587));
#6716=CARTESIAN_POINT('',(0.0503595574825607,0.0480994686006081,-0.0485392422528586));
#6717=CARTESIAN_POINT('',(0.0499554273405417,0.0483000260611531,-0.0485767422528587));
#6718=CARTESIAN_POINT('',(0.0495512971985227,0.048500583521698,-0.0486142422528586));
#6719=CARTESIAN_POINT('',(0.0495229199832637,0.0489508492213939,-0.0486517422528587));
#6720=CARTESIAN_POINT('',(0.0494945427680046,0.0494011149210898,-0.0486892422528587));
#6721=CARTESIAN_POINT('',(0.0498702956947645,0.0496508231602408,-0.0487267422528587));
#6722=CARTESIAN_POINT('',(0.0502460486215243,0.0499005313993918,-0.0487642422528586));
#6723=CARTESIAN_POINT('',(0.0506501787635433,0.0496999739388469,-0.0488017422528587));
#6724=CARTESIAN_POINT('',(0.0510543089055623,0.049499416478302,-0.0488392422528587));
#6725=CARTESIAN_POINT('',(0.0510826861208214,0.049049150778606,-0.0488767422528587));
#6726=CARTESIAN_POINT('',(0.0511110633360805,0.0485988850789101,-0.0489142422528587));
#6727=CARTESIAN_POINT('',(0.0507353104093206,0.0483491768397591,-0.0489517422528587));
#6728=CARTESIAN_POINT('',(0.0503595574825607,0.0480994686006081,-0.0489892422528586));
#6729=CARTESIAN_POINT('',(0.0499554273405417,0.0483000260611531,-0.0490267422528587));
#6730=CARTESIAN_POINT('',(0.0495512971985227,0.048500583521698,-0.0490642422528587));
#6731=CARTESIAN_POINT('',(0.0495229199832637,0.0489508492213939,-0.0491017422528587));
#6732=CARTESIAN_POINT('',(0.0494945427680045,0.0494011149210898,-0.0491392422528587));
#6733=CARTESIAN_POINT('',(0.0498702956947645,0.0496508231602408,-0.0491767422528587));
#6734=CARTESIAN_POINT('',(0.0502460486215243,0.0499005313993918,-0.0492142422528586));
#6735=CARTESIAN_POINT('',(0.0506501787635433,0.0496999739388469,-0.0492517422528587));
#6736=CARTESIAN_POINT('',(0.0510543089055623,0.049499416478302,-0.0492892422528587));
#6737=CARTESIAN_POINT('',(0.0510826861208214,0.049049150778606,-0.0493267422528587));
#6738=CARTESIAN_POINT('',(0.0511110633360805,0.0485988850789101,-0.0493642422528587));
#6739=CARTESIAN_POINT('',(0.0507353104093206,0.0483491768397591,-0.0494017422528587));
#6740=CARTESIAN_POINT('',(0.0503595574825607,0.0480994686006081,-0.0494392422528586));
#6741=CARTESIAN_POINT('',(0.0499554273405417,0.0483000260611531,-0.0494767422528587));
#6742=CARTESIAN_POINT('',(0.0495512971985227,0.048500583521698,-0.0495142422528587));
#6743=CARTESIAN_POINT('',(0.0495229199832637,0.0489508492213939,-0.0495517422528587));
#6744=CARTESIAN_POINT('',(0.0494945427680045,0.0494011149210898,-0.0495892422528587));
#6745=CARTESIAN_POINT('',(0.0498702956947645,0.0496508231602408,-0.0496267422528587));
#6746=CARTESIAN_POINT('',(0.0502460486215243,0.0499005313993918,-0.0496642422528586));
#6747=CARTESIAN_POINT('',(0.0506501787635433,0.0496999739388469,-0.0497017422528587));
#6748=CARTESIAN_POINT('',(0.0510543089055623,0.049499416478302,-0.0497392422528587));
#6749=CARTESIAN_POINT('',(0.0510826861208214,0.049049150778606,-0.0497767422528587));
#6750=CARTESIAN_POINT('',(0.0511110633360805,0.0485988850789101,-0.0498142422528587));
#6751=CARTESIAN_POINT('',(0.0507353104093206,0.0483491768397591,-0.0498517422528587));
#6752=CARTESIAN_POINT('',(0.0503595574825607,0.0480994686006081,-0.0498892422528586));
#6753=CARTESIAN_POINT('',(0.0499554273405417,0.0483000260611531,-0.0499267422528587));
#6754=CARTESIAN_POINT('',(0.0495512971985227,0.048500583521698,-0.0499642422528587));
#6755=CARTESIAN_POINT('',(0.0495229199832637,0.0489508492213939,-0.0500017422528587));
#6756=CARTESIAN_POINT('',(0.0494945427680046,0.0494011149210898,-0.0500392422528587));
#6757=CARTESIAN_POINT('',(0.0498702956947645,0.0496508231602408,-0.0500767422528587));
#6758=CARTESIAN_POINT('',(0.0502460486215243,0.0499005313993918,-0.0501142422528586));
#6759=CARTESIAN_POINT('',(0.0506501787635433,0.0496999739388469,-0.0501517422528587));
#6760=CARTESIAN_POINT('',(0.0510543089055623,0.049499416478302,-0.0501892422528587));
#6761=CARTESIAN_POINT('',(0.0510826861208214,0.049049150778606,-0.0502267422528587));
#6762=CARTESIAN_POINT('',(0.0511110633360805,0.0485988850789101,-0.0502642422528586));
#6763=CARTESIAN_POINT('',(0.0507353104093206,0.0483491768397591,-0.0503017422528587));
#6764=CARTESIAN_POINT('',(0.0503595574825607,0.0480994686006081,-0.0503392422528586));
#6765=CARTESIAN_POINT('',(0.0499554273405417,0.0483000260611531,-0.0503767422528587));
#6766=CARTESIAN_POINT('',(0.0495512971985227,0.048500583521698,-0.0504142422528587));
#6767=CARTESIAN_POINT('',(0.0495229199832637,0.0489508492213939,-0.0504517422528587));
#6768=CARTESIAN_POINT('',(0.0494945427680045,0.0494011149210898,-0.0504892422528587));
#6769=CARTESIAN_POINT('',(0.0498702956947645,0.0496508231602408,-0.0505267422528587));
#6770=CARTESIAN_POINT('',(0.0502460486215243,0.0499005313993918,-0.0505642422528587));
#6771=CARTESIAN_POINT('',(0.0506501787635433,0.0496999739388469,-0.0506017422528587));
#6772=CARTESIAN_POINT('',(0.0510543089055623,0.049499416478302,-0.0506392422528587));
#6773=CARTESIAN_POINT('',(0.0510826861208214,0.049049150778606,-0.0506767422528587));
#6774=CARTESIAN_POINT('',(0.0511110633360805,0.0485988850789101,-0.0507142422528586));
#6775=CARTESIAN_POINT('',(0.0507353104093206,0.0483491768397591,-0.0507517422528587));
#6776=CARTESIAN_POINT('',(0.0503595574825607,0.0480994686006081,-0.0507892422528586));
#6777=CARTESIAN_POINT('',(0.0499554273405417,0.0483000260611531,-0.0508267422528587));
#6778=CARTESIAN_POINT('',(0.0495512971985227,0.048500583521698,-0.0508642422528587));
#6779=CARTESIAN_POINT('',(0.0495229199832637,0.0489508492213939,-0.0509017422528587));
#6780=CARTESIAN_POINT('',(0.0494945427680046,0.0494011149210898,-0.0509392422528586));
#6781=CARTESIAN_POINT('',(0.0498702956947645,0.0496508231602408,-0.0509767422528587));
#6782=CARTESIAN_POINT('',(0.0502460486215243,0.0499005313993918,-0.0510142422528587));
#6783=CARTESIAN_POINT('',(0.0506501787635433,0.0496999739388469,-0.0510517422528587));
#6784=CARTESIAN_POINT('',(0.0510543089055623,0.049499416478302,-0.0510892422528587));
#6785=CARTESIAN_POINT('',(0.0510826861208214,0.049049150778606,-0.0511267422528587));
#6786=CARTESIAN_POINT('',(0.0511110633360805,0.0485988850789101,-0.0511642422528586));
#6787=CARTESIAN_POINT('',(0.0507353104093206,0.0483491768397591,-0.0512017422528587));
#6788=CARTESIAN_POINT('',(0.0503595574825607,0.0480994686006081,-0.0512392422528587));
#6789=CARTESIAN_POINT('',(0.0499554273405417,0.0483000260611531,-0.0512767422528587));
#6790=CARTESIAN_POINT('',(0.0495512971985227,0.048500583521698,-0.0513142422528587));
#6791=CARTESIAN_POINT('',(0.0495229199832637,0.0489508492213939,-0.0513517422528587));
#6792=CARTESIAN_POINT('',(0.0494945427680045,0.0494011149210898,-0.0513892422528586));
#6793=CARTESIAN_POINT('',(0.0498702956947645,0.0496508231602408,-0.0514267422528587));
#6794=CARTESIAN_POINT('',(0.0502460486215243,0.0499005313993918,-0.0514642422528587));
#6795=CARTESIAN_POINT('',(0.0506501787635433,0.0496999739388469,-0.0515017422528587));
#6796=CARTESIAN_POINT('',(0.0510543089055623,0.049499416478302,-0.0515392422528587));
#6797=CARTESIAN_POINT('',(0.0510826861208214,0.049049150778606,-0.0515767422528587));
#6798=CARTESIAN_POINT('',(0.0511110633360805,0.0485988850789101,-0.0516142422528586));
#6799=CARTESIAN_POINT('',(0.0507353104093206,0.0483491768397591,-0.0516517422528587));
#6800=CARTESIAN_POINT('',(0.0503595574825607,0.0480994686006081,-0.0516892422528587));
#6801=CARTESIAN_POINT('',(0.0499554273405417,0.0483000260611531,-0.0517267422528587));
#6802=CARTESIAN_POINT('',(0.0495512971985227,0.048500583521698,-0.0517642422528587));
#6803=CARTESIAN_POINT('',(0.0495229199832637,0.0489508492213939,-0.0518017422528587));
#6804=CARTESIAN_POINT('',(0.0494945427680046,0.0494011149210898,-0.0518392422528586));
#6805=CARTESIAN_POINT('',(0.0498702956947645,0.0496508231602408,-0.0518767422528587));
#6806=CARTESIAN_POINT('',(0.0502460486215243,0.0499005313993918,-0.0519142422528587));
#6807=CARTESIAN_POINT('',(0.0506501787635433,0.0496999739388469,-0.0519517422528587));
#6808=CARTESIAN_POINT('',(0.0510543089055623,0.049499416478302,-0.0519892422528586));
#6809=CARTESIAN_POINT('',(0.0510826861208214,0.049049150778606,-0.0520267422528587));
#6810=CARTESIAN_POINT('',(0.0503028030520425,0.049,-0.045));
#6811=CARTESIAN_POINT('',(0.0503028030520425,0.049,-0.0514));
#6812=CARTESIAN_POINT('',(0.0507566320660995,0.0496361388417677,-0.0514));
#6813=CARTESIAN_POINT('',(0.0510826861208214,0.049049150778606,-0.0447142422528587));
#6814=CARTESIAN_POINT('',(0.0511110633360804,0.0485988850789101,-0.0447517422528586));
#6815=CARTESIAN_POINT('',(0.0507353104093206,0.0483491768397591,-0.0447892422528587));
#6816=CARTESIAN_POINT('',(0.0503595574825607,0.0480994686006081,-0.0448267422528587));
#6817=CARTESIAN_POINT('',(0.0499554273405417,0.0483000260611531,-0.0448642422528586));
#6818=CARTESIAN_POINT('',(0.0495512971985227,0.048500583521698,-0.0449017422528586));
#6819=CARTESIAN_POINT('',(0.0495229199832637,0.0489508492213939,-0.0449392422528586));
#6820=CARTESIAN_POINT('',(0.0494945427680046,0.0494011149210898,-0.0449767422528587));
#6821=CARTESIAN_POINT('',(0.0498702956947645,0.0496508231602408,-0.0450142422528587));
#6822=CARTESIAN_POINT('',(0.0502460486215243,0.0499005313993918,-0.0450517422528587));
#6823=CARTESIAN_POINT('',(0.0506501787635433,0.0496999739388469,-0.0450892422528587));
#6824=CARTESIAN_POINT('',(0.0510543089055623,0.049499416478302,-0.0451267422528586));
#6825=CARTESIAN_POINT('',(0.0510826861208214,0.049049150778606,-0.0451642422528587));
#6826=CARTESIAN_POINT('',(0.0511110633360804,0.0485988850789101,-0.0452017422528587));
#6827=CARTESIAN_POINT('',(0.0507353104093206,0.0483491768397591,-0.0452392422528587));
#6828=CARTESIAN_POINT('',(0.0503595574825607,0.0480994686006081,-0.0452767422528587));
#6829=CARTESIAN_POINT('',(0.0499554273405417,0.0483000260611531,-0.0453142422528587));
#6830=CARTESIAN_POINT('',(0.0495512971985227,0.048500583521698,-0.0453517422528586));
#6831=CARTESIAN_POINT('',(0.0495229199832637,0.0489508492213939,-0.0453892422528587));
#6832=CARTESIAN_POINT('',(0.0494945427680046,0.0494011149210898,-0.0454267422528586));
#6833=CARTESIAN_POINT('',(0.0498702956947645,0.0496508231602408,-0.0454642422528587));
#6834=CARTESIAN_POINT('',(0.0502460486215243,0.0499005313993918,-0.0455017422528587));
#6835=CARTESIAN_POINT('',(0.0506501787635433,0.0496999739388469,-0.0455392422528587));
#6836=CARTESIAN_POINT('',(0.0510543089055623,0.049499416478302,-0.0455767422528586));
#6837=CARTESIAN_POINT('',(0.0510826861208214,0.049049150778606,-0.0456142422528587));
#6838=CARTESIAN_POINT('',(0.0511110633360804,0.0485988850789101,-0.0456517422528587));
#6839=CARTESIAN_POINT('',(0.0507353104093206,0.0483491768397591,-0.0456892422528587));
#6840=CARTESIAN_POINT('',(0.0503595574825607,0.0480994686006081,-0.0457267422528587));
#6841=CARTESIAN_POINT('',(0.0499554273405417,0.0483000260611531,-0.0457642422528587));
#6842=CARTESIAN_POINT('',(0.0495512971985227,0.048500583521698,-0.0458017422528586));
#6843=CARTESIAN_POINT('',(0.0495229199832637,0.0489508492213939,-0.0458392422528587));
#6844=CARTESIAN_POINT('',(0.0494945427680046,0.0494011149210898,-0.0458767422528587));
#6845=CARTESIAN_POINT('',(0.0498702956947645,0.0496508231602408,-0.0459142422528587));
#6846=CARTESIAN_POINT('',(0.0502460486215243,0.0499005313993918,-0.0459517422528587));
#6847=CARTESIAN_POINT('',(0.0506501787635433,0.0496999739388469,-0.0459892422528587));
#6848=CARTESIAN_POINT('',(0.0510543089055623,0.049499416478302,-0.0460267422528586));
#6849=CARTESIAN_POINT('',(0.0510826861208214,0.049049150778606,-0.0460642422528587));
#6850=CARTESIAN_POINT('',(0.0511110633360804,0.0485988850789101,-0.0461017422528587));
#6851=CARTESIAN_POINT('',(0.0507353104093206,0.0483491768397591,-0.0461392422528587));
#6852=CARTESIAN_POINT('',(0.0503595574825607,0.0480994686006081,-0.0461767422528587));
#6853=CARTESIAN_POINT('',(0.0499554273405417,0.0483000260611531,-0.0462142422528587));
#6854=CARTESIAN_POINT('',(0.0495512971985227,0.048500583521698,-0.0462517422528586));
#6855=CARTESIAN_POINT('',(0.0495229199832637,0.0489508492213939,-0.0462892422528587));
#6856=CARTESIAN_POINT('',(0.0494945427680046,0.0494011149210898,-0.0463267422528587));
#6857=CARTESIAN_POINT('',(0.0498702956947645,0.0496508231602408,-0.0463642422528587));
#6858=CARTESIAN_POINT('',(0.0502460486215243,0.0499005313993918,-0.0464017422528587));
#6859=CARTESIAN_POINT('',(0.0506501787635433,0.0496999739388469,-0.0464392422528587));
#6860=CARTESIAN_POINT('',(0.0510543089055623,0.049499416478302,-0.0464767422528586));
#6861=CARTESIAN_POINT('',(0.0510826861208214,0.049049150778606,-0.0465142422528587));
#6862=CARTESIAN_POINT('',(0.0511110633360804,0.0485988850789101,-0.0465517422528587));
#6863=CARTESIAN_POINT('',(0.0507353104093206,0.0483491768397591,-0.0465892422528587));
#6864=CARTESIAN_POINT('',(0.0503595574825607,0.0480994686006081,-0.0466267422528587));
#6865=CARTESIAN_POINT('',(0.0499554273405417,0.0483000260611531,-0.0466642422528587));
#6866=CARTESIAN_POINT('',(0.0495512971985227,0.048500583521698,-0.0467017422528586));
#6867=CARTESIAN_POINT('',(0.0495229199832637,0.0489508492213939,-0.0467392422528587));
#6868=CARTESIAN_POINT('',(0.0494945427680046,0.0494011149210898,-0.0467767422528587));
#6869=CARTESIAN_POINT('',(0.0498702956947645,0.0496508231602408,-0.0468142422528587));
#6870=CARTESIAN_POINT('',(0.0502460486215243,0.0499005313993918,-0.0468517422528587));
#6871=CARTESIAN_POINT('',(0.0506501787635433,0.0496999739388469,-0.0468892422528587));
#6872=CARTESIAN_POINT('',(0.0510543089055623,0.049499416478302,-0.0469267422528587));
#6873=CARTESIAN_POINT('',(0.0510826861208214,0.049049150778606,-0.0469642422528587));
#6874=CARTESIAN_POINT('',(0.0511110633360804,0.0485988850789101,-0.0470017422528587));
#6875=CARTESIAN_POINT('',(0.0507353104093206,0.0483491768397591,-0.0470392422528587));
#6876=CARTESIAN_POINT('',(0.0503595574825607,0.0480994686006081,-0.0470767422528586));
#6877=CARTESIAN_POINT('',(0.0499554273405417,0.0483000260611531,-0.0471142422528587));
#6878=CARTESIAN_POINT('',(0.0495512971985227,0.048500583521698,-0.0471517422528586));
#6879=CARTESIAN_POINT('',(0.0495229199832637,0.0489508492213939,-0.0471892422528587));
#6880=CARTESIAN_POINT('',(0.0494945427680046,0.0494011149210898,-0.0472267422528587));
#6881=CARTESIAN_POINT('',(0.0498702956947645,0.0496508231602408,-0.0472642422528587));
#6882=CARTESIAN_POINT('',(0.0502460486215243,0.0499005313993918,-0.0473017422528587));
#6883=CARTESIAN_POINT('',(0.0506501787635433,0.0496999739388469,-0.0473392422528587));
#6884=CARTESIAN_POINT('',(0.0510543089055623,0.049499416478302,-0.0473767422528586));
#6885=CARTESIAN_POINT('',(0.0510826861208214,0.049049150778606,-0.0474142422528587));
#6886=CARTESIAN_POINT('',(0.0511110633360804,0.0485988850789101,-0.0474517422528587));
#6887=CARTESIAN_POINT('',(0.0507353104093206,0.0483491768397591,-0.0474892422528587));
#6888=CARTESIAN_POINT('',(0.0503595574825607,0.0480994686006081,-0.0475267422528587));
#6889=CARTESIAN_POINT('',(0.0499554273405417,0.0483000260611531,-0.0475642422528587));
#6890=CARTESIAN_POINT('',(0.0495512971985227,0.048500583521698,-0.0476017422528587));
#6891=CARTESIAN_POINT('',(0.0495229199832637,0.0489508492213939,-0.0476392422528587));
#6892=CARTESIAN_POINT('',(0.0494945427680046,0.0494011149210898,-0.0476767422528587));
#6893=CARTESIAN_POINT('',(0.0498702956947645,0.0496508231602408,-0.0477142422528587));
#6894=CARTESIAN_POINT('',(0.0502460486215243,0.0499005313993918,-0.0477517422528586));
#6895=CARTESIAN_POINT('',(0.0506501787635433,0.0496999739388469,-0.0477892422528587));
#6896=CARTESIAN_POINT('',(0.0510543089055623,0.049499416478302,-0.0478267422528586));
#6897=CARTESIAN_POINT('',(0.0510826861208214,0.049049150778606,-0.0478642422528587));
#6898=CARTESIAN_POINT('',(0.0511110633360804,0.0485988850789101,-0.0479017422528587));
#6899=CARTESIAN_POINT('',(0.0507353104093206,0.0483491768397591,-0.0479392422528587));
#6900=CARTESIAN_POINT('',(0.0503595574825607,0.0480994686006081,-0.0479767422528586));
#6901=CARTESIAN_POINT('',(0.0499554273405417,0.0483000260611531,-0.0480142422528587));
#6902=CARTESIAN_POINT('',(0.0495512971985227,0.048500583521698,-0.0480517422528587));
#6903=CARTESIAN_POINT('',(0.0495229199832637,0.0489508492213939,-0.0480892422528587));
#6904=CARTESIAN_POINT('',(0.0494945427680046,0.0494011149210898,-0.0481267422528587));
#6905=CARTESIAN_POINT('',(0.0498702956947645,0.0496508231602408,-0.0481642422528587));
#6906=CARTESIAN_POINT('',(0.0502460486215243,0.0499005313993918,-0.0482017422528586));
#6907=CARTESIAN_POINT('',(0.0506501787635433,0.0496999739388469,-0.0482392422528587));
#6908=CARTESIAN_POINT('',(0.0510543089055623,0.049499416478302,-0.0482767422528587));
#6909=CARTESIAN_POINT('',(0.0510826861208214,0.049049150778606,-0.0483142422528587));
#6910=CARTESIAN_POINT('',(0.0511110633360805,0.0485988850789101,-0.0483517422528587));
#6911=CARTESIAN_POINT('',(0.0507353104093206,0.0483491768397591,-0.0483892422528587));
#6912=CARTESIAN_POINT('',(0.0503595574825607,0.0480994686006081,-0.0484267422528586));
#6913=CARTESIAN_POINT('',(0.0499554273405417,0.0483000260611531,-0.0484642422528587));
#6914=CARTESIAN_POINT('',(0.0495512971985227,0.048500583521698,-0.0485017422528587));
#6915=CARTESIAN_POINT('',(0.0495229199832637,0.0489508492213939,-0.0485392422528587));
#6916=CARTESIAN_POINT('',(0.0494945427680046,0.0494011149210898,-0.0485767422528587));
#6917=CARTESIAN_POINT('',(0.0498702956947645,0.0496508231602408,-0.0486142422528587));
#6918=CARTESIAN_POINT('',(0.0502460486215243,0.0499005313993918,-0.0486517422528586));
#6919=CARTESIAN_POINT('',(0.0506501787635433,0.0496999739388469,-0.0486892422528587));
#6920=CARTESIAN_POINT('',(0.0510543089055623,0.049499416478302,-0.0487267422528587));
#6921=CARTESIAN_POINT('',(0.0510826861208214,0.049049150778606,-0.0487642422528587));
#6922=CARTESIAN_POINT('',(0.0511110633360805,0.0485988850789101,-0.0488017422528587));
#6923=CARTESIAN_POINT('',(0.0507353104093206,0.0483491768397591,-0.0488392422528587));
#6924=CARTESIAN_POINT('',(0.0503595574825607,0.0480994686006081,-0.0488767422528586));
#6925=CARTESIAN_POINT('',(0.0499554273405417,0.0483000260611531,-0.0489142422528587));
#6926=CARTESIAN_POINT('',(0.0495512971985227,0.048500583521698,-0.0489517422528587));
#6927=CARTESIAN_POINT('',(0.0495229199832637,0.0489508492213939,-0.0489892422528587));
#6928=CARTESIAN_POINT('',(0.0494945427680045,0.0494011149210898,-0.0490267422528587));
#6929=CARTESIAN_POINT('',(0.0498702956947645,0.0496508231602408,-0.0490642422528587));
#6930=CARTESIAN_POINT('',(0.0502460486215243,0.0499005313993918,-0.0491017422528586));
#6931=CARTESIAN_POINT('',(0.0506501787635433,0.0496999739388469,-0.0491392422528587));
#6932=CARTESIAN_POINT('',(0.0510543089055623,0.049499416478302,-0.0491767422528587));
#6933=CARTESIAN_POINT('',(0.0510826861208214,0.049049150778606,-0.0492142422528587));
#6934=CARTESIAN_POINT('',(0.0511110633360805,0.0485988850789101,-0.0492517422528587));
#6935=CARTESIAN_POINT('',(0.0507353104093206,0.0483491768397591,-0.0492892422528587));
#6936=CARTESIAN_POINT('',(0.0503595574825607,0.0480994686006081,-0.0493267422528587));
#6937=CARTESIAN_POINT('',(0.0499554273405417,0.0483000260611531,-0.0493642422528587));
#6938=CARTESIAN_POINT('',(0.0495512971985227,0.048500583521698,-0.0494017422528587));
#6939=CARTESIAN_POINT('',(0.0495229199832637,0.0489508492213939,-0.0494392422528587));
#6940=CARTESIAN_POINT('',(0.0494945427680045,0.0494011149210898,-0.0494767422528587));
#6941=CARTESIAN_POINT('',(0.0498702956947645,0.0496508231602408,-0.0495142422528587));
#6942=CARTESIAN_POINT('',(0.0502460486215243,0.0499005313993918,-0.0495517422528586));
#6943=CARTESIAN_POINT('',(0.0506501787635433,0.0496999739388469,-0.0495892422528587));
#6944=CARTESIAN_POINT('',(0.0510543089055623,0.049499416478302,-0.0496267422528587));
#6945=CARTESIAN_POINT('',(0.0510826861208214,0.049049150778606,-0.0496642422528587));
#6946=CARTESIAN_POINT('',(0.0511110633360805,0.0485988850789101,-0.0497017422528587));
#6947=CARTESIAN_POINT('',(0.0507353104093206,0.0483491768397591,-0.0497392422528587));
#6948=CARTESIAN_POINT('',(0.0503595574825607,0.0480994686006081,-0.0497767422528586));
#6949=CARTESIAN_POINT('',(0.0499554273405417,0.0483000260611531,-0.0498142422528587));
#6950=CARTESIAN_POINT('',(0.0495512971985227,0.048500583521698,-0.0498517422528587));
#6951=CARTESIAN_POINT('',(0.0495229199832637,0.0489508492213939,-0.0498892422528587));
#6952=CARTESIAN_POINT('',(0.0494945427680046,0.0494011149210898,-0.0499267422528587));
#6953=CARTESIAN_POINT('',(0.0498702956947645,0.0496508231602408,-0.0499642422528587));
#6954=CARTESIAN_POINT('',(0.0502460486215243,0.0499005313993918,-0.0500017422528586));
#6955=CARTESIAN_POINT('',(0.0506501787635433,0.0496999739388469,-0.0500392422528587));
#6956=CARTESIAN_POINT('',(0.0510543089055623,0.049499416478302,-0.0500767422528587));
#6957=CARTESIAN_POINT('',(0.0510826861208214,0.049049150778606,-0.0501142422528587));
#6958=CARTESIAN_POINT('',(0.0511110633360805,0.0485988850789101,-0.0501517422528586));
#6959=CARTESIAN_POINT('',(0.0507353104093206,0.0483491768397591,-0.0501892422528587));
#6960=CARTESIAN_POINT('',(0.0503595574825607,0.0480994686006081,-0.0502267422528586));
#6961=CARTESIAN_POINT('',(0.0499554273405417,0.0483000260611531,-0.0502642422528587));
#6962=CARTESIAN_POINT('',(0.0495512971985227,0.048500583521698,-0.0503017422528587));
#6963=CARTESIAN_POINT('',(0.0495229199832637,0.0489508492213939,-0.0503392422528587));
#6964=CARTESIAN_POINT('',(0.0494945427680045,0.0494011149210898,-0.0503767422528587));
#6965=CARTESIAN_POINT('',(0.0498702956947645,0.0496508231602408,-0.0504142422528587));
#6966=CARTESIAN_POINT('',(0.0502460486215243,0.0499005313993918,-0.0504517422528586));
#6967=CARTESIAN_POINT('',(0.0506501787635433,0.0496999739388469,-0.0504892422528587));
#6968=CARTESIAN_POINT('',(0.0510543089055623,0.049499416478302,-0.0505267422528587));
#6969=CARTESIAN_POINT('',(0.0510826861208214,0.049049150778606,-0.0505642422528587));
#6970=CARTESIAN_POINT('',(0.0511110633360805,0.0485988850789101,-0.0506017422528586));
#6971=CARTESIAN_POINT('',(0.0507353104093206,0.0483491768397591,-0.0506392422528587));
#6972=CARTESIAN_POINT('',(0.0503595574825607,0.0480994686006081,-0.0506767422528586));
#6973=CARTESIAN_POINT('',(0.0499554273405417,0.0483000260611531,-0.0507142422528587));
#6974=CARTESIAN_POINT('',(0.0495512971985227,0.048500583521698,-0.0507517422528587));
#6975=CARTESIAN_POINT('',(0.0495229199832637,0.0489508492213939,-0.0507892422528587));
#6976=CARTESIAN_POINT('',(0.0494945427680046,0.0494011149210898,-0.0508267422528586));
#6977=CARTESIAN_POINT('',(0.0498702956947645,0.0496508231602408,-0.0508642422528587));
#6978=CARTESIAN_POINT('',(0.0502460486215243,0.0499005313993918,-0.0509017422528587));
#6979=CARTESIAN_POINT('',(0.0506501787635433,0.0496999739388469,-0.0509392422528587));
#6980=CARTESIAN_POINT('',(0.0510543089055623,0.049499416478302,-0.0509767422528587));
#6981=CARTESIAN_POINT('',(0.0510826861208214,0.049049150778606,-0.0510142422528587));
#6982=CARTESIAN_POINT('',(0.0511110633360805,0.0485988850789101,-0.0510517422528586));
#6983=CARTESIAN_POINT('',(0.0507353104093206,0.0483491768397591,-0.0510892422528587));
#6984=CARTESIAN_POINT('',(0.0503595574825607,0.0480994686006081,-0.0511267422528587));
#6985=CARTESIAN_POINT('',(0.0499554273405417,0.0483000260611531,-0.0511642422528587));
#6986=CARTESIAN_POINT('',(0.0495512971985227,0.048500583521698,-0.0512017422528587));
#6987=CARTESIAN_POINT('',(0.0495229199832637,0.0489508492213939,-0.0512392422528587));
#6988=CARTESIAN_POINT('',(0.0494945427680045,0.0494011149210898,-0.0512767422528586));
#6989=CARTESIAN_POINT('',(0.0498702956947645,0.0496508231602408,-0.0513142422528587));
#6990=CARTESIAN_POINT('',(0.0502460486215243,0.0499005313993918,-0.0513517422528586));
#6991=CARTESIAN_POINT('',(0.0506501787635433,0.0496999739388469,-0.0513892422528587));
#6992=CARTESIAN_POINT('',(0.0510543089055623,0.049499416478302,-0.0514267422528587));
#6993=CARTESIAN_POINT('',(0.0510826861208214,0.049049150778606,-0.0514642422528587));
#6994=CARTESIAN_POINT('',(0.0511110633360805,0.0485988850789101,-0.0515017422528586));
#6995=CARTESIAN_POINT('',(0.0507353104093206,0.0483491768397591,-0.0515392422528587));
#6996=CARTESIAN_POINT('',(0.0503595574825607,0.0480994686006081,-0.0515767422528587));
#6997=CARTESIAN_POINT('',(0.0499554273405417,0.0483000260611531,-0.0516142422528587));
#6998=CARTESIAN_POINT('',(0.0495512971985227,0.048500583521698,-0.0516517422528587));
#6999=CARTESIAN_POINT('',(0.0495229199832637,0.0489508492213939,-0.0516892422528587));
#7000=CARTESIAN_POINT('',(0.0494945427680046,0.0494011149210898,-0.0517267422528586));
#7001=CARTESIAN_POINT('',(0.0498702956947645,0.0496508231602408,-0.0517642422528587));
#7002=CARTESIAN_POINT('',(0.0502460486215243,0.0499005313993918,-0.0518017422528587));
#7003=CARTESIAN_POINT('',(0.0506501787635433,0.0496999739388469,-0.0518392422528587));
#7004=CARTESIAN_POINT('',(0.0510543089055623,0.049499416478302,-0.0518767422528587));
#7005=CARTESIAN_POINT('',(0.0510826861208214,0.049049150778606,-0.0519142422528587));
#7006=CARTESIAN_POINT('',(0.0493022543574896,0.0492225473204252,-0.044818158722513));
#7007=CARTESIAN_POINT('',(0.0493918394436125,0.0496253121831991,-0.0448474712538074));
#7008=CARTESIAN_POINT('',(0.049735484367443,0.0498536829095773,-0.0448736172528586));
#7009=CARTESIAN_POINT('',(0.0502283584250901,0.050181224504847,-0.0449111172528587));
#7010=CARTESIAN_POINT('',(0.0507584547962133,0.0499181538476933,-0.0449486172528586));
#7011=CARTESIAN_POINT('',(0.0512885511673366,0.0496550831905396,-0.0449861172528587));
#7012=CARTESIAN_POINT('',(0.0513257734808128,0.0490644709381161,-0.0450236172528587));
#7013=CARTESIAN_POINT('',(0.051362995794289,0.0484738586856925,-0.0450611172528586));
#7014=CARTESIAN_POINT('',(0.050870121736642,0.0481463170904227,-0.0450986172528587));
#7015=CARTESIAN_POINT('',(0.050377247678995,0.0478187754951529,-0.0451361172528587));
#7016=CARTESIAN_POINT('',(0.0498471513078717,0.0480818461523066,-0.0451736172528587));
#7017=CARTESIAN_POINT('',(0.0493170549367485,0.0483449168094603,-0.0452111172528587));
#7018=CARTESIAN_POINT('',(0.0492798326232723,0.0489355290618839,-0.0452486172528587));
#7019=CARTESIAN_POINT('',(0.049242610309796,0.0495261413143074,-0.0452861172528586));
#7020=CARTESIAN_POINT('',(0.049735484367443,0.0498536829095773,-0.0453236172528587));
#7021=CARTESIAN_POINT('',(0.0502283584250901,0.050181224504847,-0.0453611172528587));
#7022=CARTESIAN_POINT('',(0.0507584547962133,0.0499181538476933,-0.0453986172528587));
#7023=CARTESIAN_POINT('',(0.0512885511673366,0.0496550831905396,-0.0454361172528587));
#7024=CARTESIAN_POINT('',(0.0513257734808128,0.0490644709381161,-0.0454736172528587));
#7025=CARTESIAN_POINT('',(0.051362995794289,0.0484738586856925,-0.0455111172528586));
#7026=CARTESIAN_POINT('',(0.050870121736642,0.0481463170904227,-0.0455486172528587));
#7027=CARTESIAN_POINT('',(0.050377247678995,0.0478187754951529,-0.0455861172528587));
#7028=CARTESIAN_POINT('',(0.0498471513078717,0.0480818461523066,-0.0456236172528587));
#7029=CARTESIAN_POINT('',(0.0493170549367485,0.0483449168094603,-0.0456611172528587));
#7030=CARTESIAN_POINT('',(0.0492798326232723,0.0489355290618839,-0.0456986172528587));
#7031=CARTESIAN_POINT('',(0.049242610309796,0.0495261413143074,-0.0457361172528586));
#7032=CARTESIAN_POINT('',(0.049735484367443,0.0498536829095773,-0.0457736172528587));
#7033=CARTESIAN_POINT('',(0.0502283584250901,0.050181224504847,-0.0458111172528587));
#7034=CARTESIAN_POINT('',(0.0507584547962133,0.0499181538476933,-0.0458486172528587));
#7035=CARTESIAN_POINT('',(0.0512885511673366,0.0496550831905396,-0.0458861172528587));
#7036=CARTESIAN_POINT('',(0.0513257734808128,0.0490644709381161,-0.0459236172528587));
#7037=CARTESIAN_POINT('',(0.051362995794289,0.0484738586856925,-0.0459611172528586));
#7038=CARTESIAN_POINT('',(0.050870121736642,0.0481463170904227,-0.0459986172528587));
#7039=CARTESIAN_POINT('',(0.050377247678995,0.0478187754951529,-0.0460361172528587));
#7040=CARTESIAN_POINT('',(0.0498471513078717,0.0480818461523066,-0.0460736172528587));
#7041=CARTESIAN_POINT('',(0.0493170549367485,0.0483449168094603,-0.0461111172528587));
#7042=CARTESIAN_POINT('',(0.0492798326232723,0.0489355290618839,-0.0461486172528587));
#7043=CARTESIAN_POINT('',(0.049242610309796,0.0495261413143074,-0.0461861172528586));
#7044=CARTESIAN_POINT('',(0.049735484367443,0.0498536829095773,-0.0462236172528587));
#7045=CARTESIAN_POINT('',(0.0502283584250901,0.050181224504847,-0.0462611172528587));
#7046=CARTESIAN_POINT('',(0.0507584547962133,0.0499181538476933,-0.0462986172528587));
#7047=CARTESIAN_POINT('',(0.0512885511673366,0.0496550831905396,-0.0463361172528587));
#7048=CARTESIAN_POINT('',(0.0513257734808128,0.0490644709381161,-0.0463736172528587));
#7049=CARTESIAN_POINT('',(0.051362995794289,0.0484738586856925,-0.0464111172528587));
#7050=CARTESIAN_POINT('',(0.050870121736642,0.0481463170904227,-0.0464486172528587));
#7051=CARTESIAN_POINT('',(0.050377247678995,0.0478187754951529,-0.0464861172528587));
#7052=CARTESIAN_POINT('',(0.0498471513078717,0.0480818461523066,-0.0465236172528587));
#7053=CARTESIAN_POINT('',(0.0493170549367485,0.0483449168094603,-0.0465611172528587));
#7054=CARTESIAN_POINT('',(0.0492798326232723,0.0489355290618839,-0.0465986172528587));
#7055=CARTESIAN_POINT('',(0.049242610309796,0.0495261413143074,-0.0466361172528586));
#7056=CARTESIAN_POINT('',(0.049735484367443,0.0498536829095773,-0.0466736172528587));
#7057=CARTESIAN_POINT('',(0.0502283584250901,0.050181224504847,-0.0467111172528587));
#7058=CARTESIAN_POINT('',(0.0507584547962133,0.0499181538476933,-0.0467486172528587));
#7059=CARTESIAN_POINT('',(0.0512885511673366,0.0496550831905396,-0.0467861172528586));
#7060=CARTESIAN_POINT('',(0.0513257734808128,0.0490644709381161,-0.0468236172528587));
#7061=CARTESIAN_POINT('',(0.051362995794289,0.0484738586856925,-0.0468611172528587));
#7062=CARTESIAN_POINT('',(0.050870121736642,0.0481463170904227,-0.0468986172528587));
#7063=CARTESIAN_POINT('',(0.050377247678995,0.0478187754951529,-0.0469361172528587));
#7064=CARTESIAN_POINT('',(0.0498471513078717,0.0480818461523066,-0.0469736172528587));
#7065=CARTESIAN_POINT('',(0.0493170549367485,0.0483449168094603,-0.0470111172528587));
#7066=CARTESIAN_POINT('',(0.0492798326232723,0.0489355290618839,-0.0470486172528587));
#7067=CARTESIAN_POINT('',(0.049242610309796,0.0495261413143074,-0.0470861172528587));
#7068=CARTESIAN_POINT('',(0.049735484367443,0.0498536829095773,-0.0471236172528587));
#7069=CARTESIAN_POINT('',(0.0502283584250901,0.050181224504847,-0.0471611172528587));
#7070=CARTESIAN_POINT('',(0.0507584547962133,0.0499181538476933,-0.0471986172528587));
#7071=CARTESIAN_POINT('',(0.0512885511673366,0.0496550831905396,-0.0472361172528586));
#7072=CARTESIAN_POINT('',(0.0513257734808128,0.0490644709381161,-0.0472736172528587));
#7073=CARTESIAN_POINT('',(0.051362995794289,0.0484738586856925,-0.0473111172528587));
#7074=CARTESIAN_POINT('',(0.050870121736642,0.0481463170904227,-0.0473486172528587));
#7075=CARTESIAN_POINT('',(0.050377247678995,0.0478187754951529,-0.0473861172528587));
#7076=CARTESIAN_POINT('',(0.0498471513078717,0.0480818461523066,-0.0474236172528587));
#7077=CARTESIAN_POINT('',(0.0493170549367485,0.0483449168094603,-0.0474611172528586));
#7078=CARTESIAN_POINT('',(0.0492798326232723,0.0489355290618839,-0.0474986172528587));
#7079=CARTESIAN_POINT('',(0.049242610309796,0.0495261413143074,-0.0475361172528586));
#7080=CARTESIAN_POINT('',(0.049735484367443,0.0498536829095773,-0.0475736172528587));
#7081=CARTESIAN_POINT('',(0.0502283584250901,0.050181224504847,-0.0476111172528587));
#7082=CARTESIAN_POINT('',(0.0507584547962133,0.0499181538476933,-0.0476486172528587));
#7083=CARTESIAN_POINT('',(0.0512885511673366,0.0496550831905396,-0.0476861172528586));
#7084=CARTESIAN_POINT('',(0.0513257734808128,0.0490644709381161,-0.0477236172528587));
#7085=CARTESIAN_POINT('',(0.051362995794289,0.0484738586856925,-0.0477611172528587));
#7086=CARTESIAN_POINT('',(0.050870121736642,0.0481463170904227,-0.0477986172528587));
#7087=CARTESIAN_POINT('',(0.050377247678995,0.0478187754951529,-0.0478361172528587));
#7088=CARTESIAN_POINT('',(0.0498471513078717,0.0480818461523066,-0.0478736172528587));
#7089=CARTESIAN_POINT('',(0.0493170549367485,0.0483449168094603,-0.0479111172528586));
#7090=CARTESIAN_POINT('',(0.0492798326232723,0.0489355290618839,-0.0479486172528587));
#7091=CARTESIAN_POINT('',(0.049242610309796,0.0495261413143074,-0.0479861172528587));
#7092=CARTESIAN_POINT('',(0.049735484367443,0.0498536829095773,-0.0480236172528587));
#7093=CARTESIAN_POINT('',(0.0502283584250901,0.050181224504847,-0.0480611172528587));
#7094=CARTESIAN_POINT('',(0.0507584547962133,0.0499181538476933,-0.0480986172528587));
#7095=CARTESIAN_POINT('',(0.0512885511673366,0.0496550831905396,-0.0481361172528586));
#7096=CARTESIAN_POINT('',(0.0513257734808128,0.0490644709381161,-0.0481736172528587));
#7097=CARTESIAN_POINT('',(0.051362995794289,0.0484738586856925,-0.0482111172528587));
#7098=CARTESIAN_POINT('',(0.050870121736642,0.0481463170904227,-0.0482486172528587));
#7099=CARTESIAN_POINT('',(0.050377247678995,0.0478187754951529,-0.0482861172528587));
#7100=CARTESIAN_POINT('',(0.0498471513078717,0.0480818461523066,-0.0483236172528587));
#7101=CARTESIAN_POINT('',(0.0493170549367485,0.0483449168094603,-0.0483611172528586));
#7102=CARTESIAN_POINT('',(0.0492798326232723,0.0489355290618839,-0.0483986172528587));
#7103=CARTESIAN_POINT('',(0.049242610309796,0.0495261413143074,-0.0484361172528587));
#7104=CARTESIAN_POINT('',(0.049735484367443,0.0498536829095773,-0.0484736172528587));
#7105=CARTESIAN_POINT('',(0.0502283584250901,0.050181224504847,-0.0485111172528587));
#7106=CARTESIAN_POINT('',(0.0507584547962133,0.0499181538476933,-0.0485486172528587));
#7107=CARTESIAN_POINT('',(0.0512885511673366,0.0496550831905396,-0.0485861172528586));
#7108=CARTESIAN_POINT('',(0.0513257734808128,0.0490644709381161,-0.0486236172528587));
#7109=CARTESIAN_POINT('',(0.051362995794289,0.0484738586856925,-0.0486611172528587));
#7110=CARTESIAN_POINT('',(0.050870121736642,0.0481463170904227,-0.0486986172528587));
#7111=CARTESIAN_POINT('',(0.050377247678995,0.0478187754951529,-0.0487361172528587));
#7112=CARTESIAN_POINT('',(0.0498471513078717,0.0480818461523066,-0.0487736172528587));
#7113=CARTESIAN_POINT('',(0.0493170549367485,0.0483449168094603,-0.0488111172528586));
#7114=CARTESIAN_POINT('',(0.0492798326232723,0.0489355290618839,-0.0488486172528587));
#7115=CARTESIAN_POINT('',(0.049242610309796,0.0495261413143074,-0.0488861172528587));
#7116=CARTESIAN_POINT('',(0.049735484367443,0.0498536829095773,-0.0489236172528587));
#7117=CARTESIAN_POINT('',(0.0502283584250901,0.050181224504847,-0.0489611172528587));
#7118=CARTESIAN_POINT('',(0.0507584547962133,0.0499181538476933,-0.0489986172528587));
#7119=CARTESIAN_POINT('',(0.0512885511673366,0.0496550831905396,-0.0490361172528586));
#7120=CARTESIAN_POINT('',(0.0513257734808128,0.0490644709381161,-0.0490736172528587));
#7121=CARTESIAN_POINT('',(0.051362995794289,0.0484738586856925,-0.0491111172528587));
#7122=CARTESIAN_POINT('',(0.050870121736642,0.0481463170904227,-0.0491486172528587));
#7123=CARTESIAN_POINT('',(0.050377247678995,0.0478187754951529,-0.0491861172528587));
#7124=CARTESIAN_POINT('',(0.0498471513078717,0.0480818461523066,-0.0492236172528587));
#7125=CARTESIAN_POINT('',(0.0493170549367485,0.0483449168094603,-0.0492611172528586));
#7126=CARTESIAN_POINT('',(0.0492798326232723,0.0489355290618839,-0.0492986172528587));
#7127=CARTESIAN_POINT('',(0.049242610309796,0.0495261413143074,-0.0493361172528587));
#7128=CARTESIAN_POINT('',(0.049735484367443,0.0498536829095773,-0.0493736172528587));
#7129=CARTESIAN_POINT('',(0.0502283584250901,0.050181224504847,-0.0494111172528587));
#7130=CARTESIAN_POINT('',(0.0507584547962133,0.0499181538476933,-0.0494486172528587));
#7131=CARTESIAN_POINT('',(0.0512885511673366,0.0496550831905396,-0.0494861172528587));
#7132=CARTESIAN_POINT('',(0.0513257734808128,0.0490644709381161,-0.0495236172528587));
#7133=CARTESIAN_POINT('',(0.051362995794289,0.0484738586856925,-0.0495611172528587));
#7134=CARTESIAN_POINT('',(0.050870121736642,0.0481463170904227,-0.0495986172528587));
#7135=CARTESIAN_POINT('',(0.050377247678995,0.0478187754951529,-0.0496361172528586));
#7136=CARTESIAN_POINT('',(0.0498471513078717,0.0480818461523066,-0.0496736172528587));
#7137=CARTESIAN_POINT('',(0.0493170549367485,0.0483449168094603,-0.0497111172528586));
#7138=CARTESIAN_POINT('',(0.0492798326232723,0.0489355290618839,-0.0497486172528587));
#7139=CARTESIAN_POINT('',(0.049242610309796,0.0495261413143074,-0.0497861172528587));
#7140=CARTESIAN_POINT('',(0.049735484367443,0.0498536829095773,-0.0498236172528587));
#7141=CARTESIAN_POINT('',(0.0502283584250901,0.050181224504847,-0.0498611172528586));
#7142=CARTESIAN_POINT('',(0.0507584547962133,0.0499181538476933,-0.0498986172528587));
#7143=CARTESIAN_POINT('',(0.0512885511673366,0.0496550831905396,-0.0499361172528587));
#7144=CARTESIAN_POINT('',(0.0513257734808128,0.0490644709381161,-0.0499736172528587));
#7145=CARTESIAN_POINT('',(0.051362995794289,0.0484738586856925,-0.0500111172528587));
#7146=CARTESIAN_POINT('',(0.050870121736642,0.0481463170904227,-0.0500486172528587));
#7147=CARTESIAN_POINT('',(0.050377247678995,0.0478187754951529,-0.0500861172528586));
#7148=CARTESIAN_POINT('',(0.0498471513078717,0.0480818461523066,-0.0501236172528587));
#7149=CARTESIAN_POINT('',(0.0493170549367485,0.0483449168094603,-0.0501611172528586));
#7150=CARTESIAN_POINT('',(0.0492798326232723,0.0489355290618839,-0.0501986172528587));
#7151=CARTESIAN_POINT('',(0.049242610309796,0.0495261413143074,-0.0502361172528587));
#7152=CARTESIAN_POINT('',(0.049735484367443,0.0498536829095773,-0.0502736172528587));
#7153=CARTESIAN_POINT('',(0.0502283584250901,0.050181224504847,-0.0503111172528586));
#7154=CARTESIAN_POINT('',(0.0507584547962133,0.0499181538476933,-0.0503486172528587));
#7155=CARTESIAN_POINT('',(0.0512885511673366,0.0496550831905396,-0.0503861172528587));
#7156=CARTESIAN_POINT('',(0.0513257734808128,0.0490644709381161,-0.0504236172528587));
#7157=CARTESIAN_POINT('',(0.051362995794289,0.0484738586856925,-0.0504611172528587));
#7158=CARTESIAN_POINT('',(0.050870121736642,0.0481463170904227,-0.0504986172528587));
#7159=CARTESIAN_POINT('',(0.050377247678995,0.0478187754951529,-0.0505361172528586));
#7160=CARTESIAN_POINT('',(0.0498471513078717,0.0480818461523066,-0.0505736172528587));
#7161=CARTESIAN_POINT('',(0.0493170549367485,0.0483449168094603,-0.0506111172528587));
#7162=CARTESIAN_POINT('',(0.0492798326232723,0.0489355290618839,-0.0506486172528587));
#7163=CARTESIAN_POINT('',(0.049242610309796,0.0495261413143074,-0.0506861172528587));
#7164=CARTESIAN_POINT('',(0.049735484367443,0.0498536829095773,-0.0507236172528587));
#7165=CARTESIAN_POINT('',(0.0502283584250901,0.050181224504847,-0.0507611172528586));
#7166=CARTESIAN_POINT('',(0.0507584547962133,0.0499181538476933,-0.0507986172528587));
#7167=CARTESIAN_POINT('',(0.0512885511673366,0.0496550831905396,-0.0508361172528587));
#7168=CARTESIAN_POINT('',(0.0513257734808128,0.0490644709381161,-0.0508736172528587));
#7169=CARTESIAN_POINT('',(0.051362995794289,0.0484738586856925,-0.0509111172528587));
#7170=CARTESIAN_POINT('',(0.050870121736642,0.0481463170904227,-0.0509486172528587));
#7171=CARTESIAN_POINT('',(0.050377247678995,0.0478187754951529,-0.0509861172528586));
#7172=CARTESIAN_POINT('',(0.0498471513078717,0.0480818461523066,-0.0510236172528587));
#7173=CARTESIAN_POINT('',(0.0493170549367485,0.0483449168094603,-0.0510611172528587));
#7174=CARTESIAN_POINT('',(0.0492798326232723,0.0489355290618839,-0.0510986172528587));
#7175=CARTESIAN_POINT('',(0.049242610309796,0.0495261413143074,-0.0511361172528587));
#7176=CARTESIAN_POINT('',(0.049735484367443,0.0498536829095773,-0.0511736172528587));
#7177=CARTESIAN_POINT('',(0.0502283584250901,0.050181224504847,-0.0512111172528586));
#7178=CARTESIAN_POINT('',(0.0507584547962133,0.0499181538476933,-0.0512486172528587));
#7179=CARTESIAN_POINT('',(0.0512885511673366,0.0496550831905396,-0.0512861172528587));
#7180=CARTESIAN_POINT('',(0.0513257734808128,0.0490644709381161,-0.0513236172528587));
#7181=CARTESIAN_POINT('',(0.051362995794289,0.0484738586856925,-0.0513611172528587));
#7182=CARTESIAN_POINT('',(0.050870121736642,0.0481463170904227,-0.0513986172528587));
#7183=CARTESIAN_POINT('',(0.0506194433473086,0.0479797276782432,-0.0514176899539963));
#7184=CARTESIAN_POINT('',(0.0503184940867467,0.0479751201087786,-0.0514396882346703));
#7185=CARTESIAN_POINT('',(0.0495400136649547,0.0491696636406297,-0.044958783722513));
#7186=CARTESIAN_POINT('',(0.0496083107436556,0.0494767199233358,-0.0449880962538074));
#7187=CARTESIAN_POINT('',(0.0498702956947645,0.0496508231602408,-0.0450142422528587));
#7188=CARTESIAN_POINT('',(0.0502460486215243,0.0499005313993918,-0.0450517422528587));
#7189=CARTESIAN_POINT('',(0.0506501787635433,0.0496999739388469,-0.0450892422528587));
#7190=CARTESIAN_POINT('',(0.0510543089055623,0.049499416478302,-0.0451267422528586));
#7191=CARTESIAN_POINT('',(0.0510826861208214,0.049049150778606,-0.0451642422528587));
#7192=CARTESIAN_POINT('',(0.0511110633360804,0.0485988850789101,-0.0452017422528587));
#7193=CARTESIAN_POINT('',(0.0507353104093206,0.0483491768397591,-0.0452392422528587));
#7194=CARTESIAN_POINT('',(0.0503595574825607,0.0480994686006081,-0.0452767422528587));
#7195=CARTESIAN_POINT('',(0.0499554273405417,0.0483000260611531,-0.0453142422528587));
#7196=CARTESIAN_POINT('',(0.0495512971985227,0.048500583521698,-0.0453517422528586));
#7197=CARTESIAN_POINT('',(0.0495229199832637,0.0489508492213939,-0.0453892422528587));
#7198=CARTESIAN_POINT('',(0.0494945427680046,0.0494011149210898,-0.0454267422528586));
#7199=CARTESIAN_POINT('',(0.0498702956947645,0.0496508231602408,-0.0454642422528587));
#7200=CARTESIAN_POINT('',(0.0502460486215243,0.0499005313993918,-0.0455017422528587));
#7201=CARTESIAN_POINT('',(0.0506501787635433,0.0496999739388469,-0.0455392422528587));
#7202=CARTESIAN_POINT('',(0.0510543089055623,0.049499416478302,-0.0455767422528586));
#7203=CARTESIAN_POINT('',(0.0510826861208214,0.049049150778606,-0.0456142422528587));
#7204=CARTESIAN_POINT('',(0.0511110633360804,0.0485988850789101,-0.0456517422528587));
#7205=CARTESIAN_POINT('',(0.0507353104093206,0.0483491768397591,-0.0456892422528587));
#7206=CARTESIAN_POINT('',(0.0503595574825607,0.0480994686006081,-0.0457267422528587));
#7207=CARTESIAN_POINT('',(0.0499554273405417,0.0483000260611531,-0.0457642422528587));
#7208=CARTESIAN_POINT('',(0.0495512971985227,0.048500583521698,-0.0458017422528586));
#7209=CARTESIAN_POINT('',(0.0495229199832637,0.0489508492213939,-0.0458392422528587));
#7210=CARTESIAN_POINT('',(0.0494945427680046,0.0494011149210898,-0.0458767422528587));
#7211=CARTESIAN_POINT('',(0.0498702956947645,0.0496508231602408,-0.0459142422528587));
#7212=CARTESIAN_POINT('',(0.0502460486215243,0.0499005313993918,-0.0459517422528587));
#7213=CARTESIAN_POINT('',(0.0506501787635433,0.0496999739388469,-0.0459892422528587));
#7214=CARTESIAN_POINT('',(0.0510543089055623,0.049499416478302,-0.0460267422528586));
#7215=CARTESIAN_POINT('',(0.0510826861208214,0.049049150778606,-0.0460642422528587));
#7216=CARTESIAN_POINT('',(0.0511110633360804,0.0485988850789101,-0.0461017422528587));
#7217=CARTESIAN_POINT('',(0.0507353104093206,0.0483491768397591,-0.0461392422528587));
#7218=CARTESIAN_POINT('',(0.0503595574825607,0.0480994686006081,-0.0461767422528587));
#7219=CARTESIAN_POINT('',(0.0499554273405417,0.0483000260611531,-0.0462142422528587));
#7220=CARTESIAN_POINT('',(0.0495512971985227,0.048500583521698,-0.0462517422528586));
#7221=CARTESIAN_POINT('',(0.0495229199832637,0.0489508492213939,-0.0462892422528587));
#7222=CARTESIAN_POINT('',(0.0494945427680046,0.0494011149210898,-0.0463267422528587));
#7223=CARTESIAN_POINT('',(0.0498702956947645,0.0496508231602408,-0.0463642422528587));
#7224=CARTESIAN_POINT('',(0.0502460486215243,0.0499005313993918,-0.0464017422528587));
#7225=CARTESIAN_POINT('',(0.0506501787635433,0.0496999739388469,-0.0464392422528587));
#7226=CARTESIAN_POINT('',(0.0510543089055623,0.049499416478302,-0.0464767422528586));
#7227=CARTESIAN_POINT('',(0.0510826861208214,0.049049150778606,-0.0465142422528587));
#7228=CARTESIAN_POINT('',(0.0511110633360804,0.0485988850789101,-0.0465517422528587));
#7229=CARTESIAN_POINT('',(0.0507353104093206,0.0483491768397591,-0.0465892422528587));
#7230=CARTESIAN_POINT('',(0.0503595574825607,0.0480994686006081,-0.0466267422528587));
#7231=CARTESIAN_POINT('',(0.0499554273405417,0.0483000260611531,-0.0466642422528587));
#7232=CARTESIAN_POINT('',(0.0495512971985227,0.048500583521698,-0.0467017422528586));
#7233=CARTESIAN_POINT('',(0.0495229199832637,0.0489508492213939,-0.0467392422528587));
#7234=CARTESIAN_POINT('',(0.0494945427680046,0.0494011149210898,-0.0467767422528587));
#7235=CARTESIAN_POINT('',(0.0498702956947645,0.0496508231602408,-0.0468142422528587));
#7236=CARTESIAN_POINT('',(0.0502460486215243,0.0499005313993918,-0.0468517422528587));
#7237=CARTESIAN_POINT('',(0.0506501787635433,0.0496999739388469,-0.0468892422528587));
#7238=CARTESIAN_POINT('',(0.0510543089055623,0.049499416478302,-0.0469267422528587));
#7239=CARTESIAN_POINT('',(0.0510826861208214,0.049049150778606,-0.0469642422528587));
#7240=CARTESIAN_POINT('',(0.0511110633360804,0.0485988850789101,-0.0470017422528587));
#7241=CARTESIAN_POINT('',(0.0507353104093206,0.0483491768397591,-0.0470392422528587));
#7242=CARTESIAN_POINT('',(0.0503595574825607,0.0480994686006081,-0.0470767422528586));
#7243=CARTESIAN_POINT('',(0.0499554273405417,0.0483000260611531,-0.0471142422528587));
#7244=CARTESIAN_POINT('',(0.0495512971985227,0.048500583521698,-0.0471517422528586));
#7245=CARTESIAN_POINT('',(0.0495229199832637,0.0489508492213939,-0.0471892422528587));
#7246=CARTESIAN_POINT('',(0.0494945427680046,0.0494011149210898,-0.0472267422528587));
#7247=CARTESIAN_POINT('',(0.0498702956947645,0.0496508231602408,-0.0472642422528587));
#7248=CARTESIAN_POINT('',(0.0502460486215243,0.0499005313993918,-0.0473017422528587));
#7249=CARTESIAN_POINT('',(0.0506501787635433,0.0496999739388469,-0.0473392422528587));
#7250=CARTESIAN_POINT('',(0.0510543089055623,0.049499416478302,-0.0473767422528586));
#7251=CARTESIAN_POINT('',(0.0510826861208214,0.049049150778606,-0.0474142422528587));
#7252=CARTESIAN_POINT('',(0.0511110633360804,0.0485988850789101,-0.0474517422528587));
#7253=CARTESIAN_POINT('',(0.0507353104093206,0.0483491768397591,-0.0474892422528587));
#7254=CARTESIAN_POINT('',(0.0503595574825607,0.0480994686006081,-0.0475267422528587));
#7255=CARTESIAN_POINT('',(0.0499554273405417,0.0483000260611531,-0.0475642422528587));
#7256=CARTESIAN_POINT('',(0.0495512971985227,0.048500583521698,-0.0476017422528587));
#7257=CARTESIAN_POINT('',(0.0495229199832637,0.0489508492213939,-0.0476392422528587));
#7258=CARTESIAN_POINT('',(0.0494945427680046,0.0494011149210898,-0.0476767422528587));
#7259=CARTESIAN_POINT('',(0.0498702956947645,0.0496508231602408,-0.0477142422528587));
#7260=CARTESIAN_POINT('',(0.0502460486215243,0.0499005313993918,-0.0477517422528586));
#7261=CARTESIAN_POINT('',(0.0506501787635433,0.0496999739388469,-0.0477892422528587));
#7262=CARTESIAN_POINT('',(0.0510543089055623,0.049499416478302,-0.0478267422528586));
#7263=CARTESIAN_POINT('',(0.0510826861208214,0.049049150778606,-0.0478642422528587));
#7264=CARTESIAN_POINT('',(0.0511110633360804,0.0485988850789101,-0.0479017422528587));
#7265=CARTESIAN_POINT('',(0.0507353104093206,0.0483491768397591,-0.0479392422528587));
#7266=CARTESIAN_POINT('',(0.0503595574825607,0.0480994686006081,-0.0479767422528586));
#7267=CARTESIAN_POINT('',(0.0499554273405417,0.0483000260611531,-0.0480142422528587));
#7268=CARTESIAN_POINT('',(0.0495512971985227,0.048500583521698,-0.0480517422528587));
#7269=CARTESIAN_POINT('',(0.0495229199832637,0.0489508492213939,-0.0480892422528587));
#7270=CARTESIAN_POINT('',(0.0494945427680046,0.0494011149210898,-0.0481267422528587));
#7271=CARTESIAN_POINT('',(0.0498702956947645,0.0496508231602408,-0.0481642422528587));
#7272=CARTESIAN_POINT('',(0.0502460486215243,0.0499005313993918,-0.0482017422528586));
#7273=CARTESIAN_POINT('',(0.0506501787635433,0.0496999739388469,-0.0482392422528587));
#7274=CARTESIAN_POINT('',(0.0510543089055623,0.049499416478302,-0.0482767422528587));
#7275=CARTESIAN_POINT('',(0.0510826861208214,0.049049150778606,-0.0483142422528587));
#7276=CARTESIAN_POINT('',(0.0511110633360804,0.0485988850789101,-0.0483517422528587));
#7277=CARTESIAN_POINT('',(0.0507353104093206,0.0483491768397591,-0.0483892422528587));
#7278=CARTESIAN_POINT('',(0.0503595574825607,0.0480994686006081,-0.0484267422528586));
#7279=CARTESIAN_POINT('',(0.0499554273405417,0.0483000260611531,-0.0484642422528587));
#7280=CARTESIAN_POINT('',(0.0495512971985227,0.048500583521698,-0.0485017422528587));
#7281=CARTESIAN_POINT('',(0.0495229199832637,0.0489508492213939,-0.0485392422528587));
#7282=CARTESIAN_POINT('',(0.0494945427680046,0.0494011149210898,-0.0485767422528587));
#7283=CARTESIAN_POINT('',(0.0498702956947645,0.0496508231602408,-0.0486142422528587));
#7284=CARTESIAN_POINT('',(0.0502460486215243,0.0499005313993918,-0.0486517422528586));
#7285=CARTESIAN_POINT('',(0.0506501787635433,0.0496999739388469,-0.0486892422528587));
#7286=CARTESIAN_POINT('',(0.0510543089055623,0.049499416478302,-0.0487267422528587));
#7287=CARTESIAN_POINT('',(0.0510826861208214,0.049049150778606,-0.0487642422528587));
#7288=CARTESIAN_POINT('',(0.0511110633360804,0.0485988850789101,-0.0488017422528587));
#7289=CARTESIAN_POINT('',(0.0507353104093206,0.0483491768397591,-0.0488392422528587));
#7290=CARTESIAN_POINT('',(0.0503595574825607,0.0480994686006081,-0.0488767422528586));
#7291=CARTESIAN_POINT('',(0.0499554273405417,0.0483000260611531,-0.0489142422528587));
#7292=CARTESIAN_POINT('',(0.0495512971985227,0.048500583521698,-0.0489517422528587));
#7293=CARTESIAN_POINT('',(0.0495229199832637,0.0489508492213939,-0.0489892422528587));
#7294=CARTESIAN_POINT('',(0.0494945427680046,0.0494011149210898,-0.0490267422528587));
#7295=CARTESIAN_POINT('',(0.0498702956947645,0.0496508231602408,-0.0490642422528587));
#7296=CARTESIAN_POINT('',(0.0502460486215243,0.0499005313993918,-0.0491017422528586));
#7297=CARTESIAN_POINT('',(0.0506501787635433,0.0496999739388469,-0.0491392422528587));
#7298=CARTESIAN_POINT('',(0.0510543089055623,0.049499416478302,-0.0491767422528587));
#7299=CARTESIAN_POINT('',(0.0510826861208214,0.049049150778606,-0.0492142422528587));
#7300=CARTESIAN_POINT('',(0.0511110633360804,0.0485988850789101,-0.0492517422528587));
#7301=CARTESIAN_POINT('',(0.0507353104093206,0.0483491768397591,-0.0492892422528587));
#7302=CARTESIAN_POINT('',(0.0503595574825607,0.0480994686006081,-0.0493267422528587));
#7303=CARTESIAN_POINT('',(0.0499554273405417,0.0483000260611531,-0.0493642422528587));
#7304=CARTESIAN_POINT('',(0.0495512971985227,0.048500583521698,-0.0494017422528587));
#7305=CARTESIAN_POINT('',(0.0495229199832637,0.0489508492213939,-0.0494392422528587));
#7306=CARTESIAN_POINT('',(0.0494945427680046,0.0494011149210898,-0.0494767422528587));
#7307=CARTESIAN_POINT('',(0.0498702956947645,0.0496508231602408,-0.0495142422528587));
#7308=CARTESIAN_POINT('',(0.0502460486215243,0.0499005313993918,-0.0495517422528586));
#7309=CARTESIAN_POINT('',(0.0506501787635433,0.0496999739388469,-0.0495892422528587));
#7310=CARTESIAN_POINT('',(0.0510543089055623,0.049499416478302,-0.0496267422528587));
#7311=CARTESIAN_POINT('',(0.0510826861208214,0.049049150778606,-0.0496642422528587));
#7312=CARTESIAN_POINT('',(0.0511110633360804,0.0485988850789101,-0.0497017422528587));
#7313=CARTESIAN_POINT('',(0.0507353104093206,0.0483491768397591,-0.0497392422528587));
#7314=CARTESIAN_POINT('',(0.0503595574825607,0.0480994686006081,-0.0497767422528586));
#7315=CARTESIAN_POINT('',(0.0499554273405417,0.0483000260611531,-0.0498142422528587));
#7316=CARTESIAN_POINT('',(0.0495512971985227,0.048500583521698,-0.0498517422528587));
#7317=CARTESIAN_POINT('',(0.0495229199832637,0.0489508492213939,-0.0498892422528587));
#7318=CARTESIAN_POINT('',(0.0494945427680046,0.0494011149210898,-0.0499267422528587));
#7319=CARTESIAN_POINT('',(0.0498702956947645,0.0496508231602408,-0.0499642422528587));
#7320=CARTESIAN_POINT('',(0.0502460486215243,0.0499005313993918,-0.0500017422528586));
#7321=CARTESIAN_POINT('',(0.0506501787635433,0.0496999739388469,-0.0500392422528587));
#7322=CARTESIAN_POINT('',(0.0510543089055623,0.049499416478302,-0.0500767422528587));
#7323=CARTESIAN_POINT('',(0.0510826861208214,0.049049150778606,-0.0501142422528587));
#7324=CARTESIAN_POINT('',(0.0511110633360804,0.0485988850789101,-0.0501517422528586));
#7325=CARTESIAN_POINT('',(0.0507353104093206,0.0483491768397591,-0.0501892422528587));
#7326=CARTESIAN_POINT('',(0.0503595574825607,0.0480994686006081,-0.0502267422528586));
#7327=CARTESIAN_POINT('',(0.0499554273405417,0.0483000260611531,-0.0502642422528587));
#7328=CARTESIAN_POINT('',(0.0495512971985227,0.048500583521698,-0.0503017422528587));
#7329=CARTESIAN_POINT('',(0.0495229199832637,0.0489508492213939,-0.0503392422528587));
#7330=CARTESIAN_POINT('',(0.0494945427680046,0.0494011149210898,-0.0503767422528587));
#7331=CARTESIAN_POINT('',(0.0498702956947645,0.0496508231602408,-0.0504142422528587));
#7332=CARTESIAN_POINT('',(0.0502460486215243,0.0499005313993918,-0.0504517422528586));
#7333=CARTESIAN_POINT('',(0.0506501787635433,0.0496999739388469,-0.0504892422528587));
#7334=CARTESIAN_POINT('',(0.0510543089055623,0.049499416478302,-0.0505267422528587));
#7335=CARTESIAN_POINT('',(0.0510826861208214,0.049049150778606,-0.0505642422528587));
#7336=CARTESIAN_POINT('',(0.0511110633360804,0.0485988850789101,-0.0506017422528586));
#7337=CARTESIAN_POINT('',(0.0507353104093206,0.0483491768397591,-0.0506392422528587));
#7338=CARTESIAN_POINT('',(0.0503595574825607,0.0480994686006081,-0.0506767422528586));
#7339=CARTESIAN_POINT('',(0.0499554273405417,0.0483000260611531,-0.0507142422528587));
#7340=CARTESIAN_POINT('',(0.0495512971985227,0.048500583521698,-0.0507517422528587));
#7341=CARTESIAN_POINT('',(0.0495229199832637,0.0489508492213939,-0.0507892422528587));
#7342=CARTESIAN_POINT('',(0.0494945427680046,0.0494011149210898,-0.0508267422528586));
#7343=CARTESIAN_POINT('',(0.0498702956947645,0.0496508231602408,-0.0508642422528587));
#7344=CARTESIAN_POINT('',(0.0502460486215243,0.0499005313993918,-0.0509017422528587));
#7345=CARTESIAN_POINT('',(0.0506501787635433,0.0496999739388469,-0.0509392422528587));
#7346=CARTESIAN_POINT('',(0.0510543089055623,0.049499416478302,-0.0509767422528587));
#7347=CARTESIAN_POINT('',(0.0510826861208214,0.049049150778606,-0.0510142422528587));
#7348=CARTESIAN_POINT('',(0.0511110633360804,0.0485988850789101,-0.0510517422528586));
#7349=CARTESIAN_POINT('',(0.0507353104093206,0.0483491768397591,-0.0510892422528587));
#7350=CARTESIAN_POINT('',(0.0503595574825607,0.0480994686006081,-0.0511267422528587));
#7351=CARTESIAN_POINT('',(0.0499554273405417,0.0483000260611531,-0.0511642422528587));
#7352=CARTESIAN_POINT('',(0.0495512971985227,0.048500583521698,-0.0512017422528587));
#7353=CARTESIAN_POINT('',(0.0495229199832637,0.0489508492213939,-0.0512392422528587));
#7354=CARTESIAN_POINT('',(0.0494945427680046,0.0494011149210898,-0.0512767422528586));
#7355=CARTESIAN_POINT('',(0.0498702956947645,0.0496508231602408,-0.0513142422528587));
#7356=CARTESIAN_POINT('',(0.0502460486215243,0.0499005313993918,-0.0513517422528586));
#7357=CARTESIAN_POINT('',(0.0506501787635433,0.0496999739388469,-0.0513892422528587));
#7358=CARTESIAN_POINT('',(0.0510543089055623,0.049499416478302,-0.0514267422528587));
#7359=CARTESIAN_POINT('',(0.0510826861208214,0.049049150778606,-0.0514642422528587));
#7360=CARTESIAN_POINT('',(0.0511110633360804,0.0485988850789101,-0.0515017422528586));
#7361=CARTESIAN_POINT('',(0.0507353104093206,0.0483491768397591,-0.0515392422528587));
#7362=CARTESIAN_POINT('',(0.0505442004553556,0.0482221738899741,-0.0515583149539963));
#7363=CARTESIAN_POINT('',(0.0503147654430885,0.0482186612122734,-0.0515803132346703));
#7364=CARTESIAN_POINT('',(0.0508519311975507,0.0481345040266929,-0.0514));
#7365=CARTESIAN_POINT('',(0.0510860517018591,0.0483222830477546,-0.0514));
#7366=CARTESIAN_POINT('',(0.0513638745851128,0.0489203747935572,-0.0514));
#7367=CARTESIAN_POINT('',(0.0510254113148595,0.0495010960460473,-0.0514));
#7368=CARTESIAN_POINT('',(0.0507566320660995,0.0496361388417677,-0.0514));
#7369=CARTESIAN_POINT('',(0.0503028030520425,0.049,-0.0514));
#7370=CARTESIAN_POINT('',(-0.00691731387917861,0.049049150778606,-0.0448267422528586));
#7371=CARTESIAN_POINT('',(-0.00688893666391952,0.0485988850789101,-0.0448642422528587));
#7372=CARTESIAN_POINT('',(-0.00726468959067942,0.0483491768397591,-0.0449017422528587));
#7373=CARTESIAN_POINT('',(-0.00764044251743931,0.0480994686006081,-0.0449392422528587));
#7374=CARTESIAN_POINT('',(-0.00804457265945829,0.0483000260611531,-0.0449767422528587));
#7375=CARTESIAN_POINT('',(-0.00844870280147727,0.048500583521698,-0.0450142422528586));
#7376=CARTESIAN_POINT('',(-0.00847708001673635,0.0489508492213939,-0.0450517422528587));
#7377=CARTESIAN_POINT('',(-0.00850545723199543,0.0494011149210898,-0.0450892422528587));
#7378=CARTESIAN_POINT('',(-0.00812970430523554,0.0496508231602408,-0.0451267422528587));
#7379=CARTESIAN_POINT('',(-0.00775395137847565,0.0499005313993918,-0.0451642422528587));
#7380=CARTESIAN_POINT('',(-0.00734982123645667,0.0496999739388469,-0.0452017422528587));
#7381=CARTESIAN_POINT('',(-0.00694569109443769,0.049499416478302,-0.0452392422528586));
#7382=CARTESIAN_POINT('',(-0.00691731387917861,0.049049150778606,-0.0452767422528587));
#7383=CARTESIAN_POINT('',(-0.00688893666391952,0.0485988850789101,-0.0453142422528587));
#7384=CARTESIAN_POINT('',(-0.00726468959067942,0.0483491768397591,-0.0453517422528587));
#7385=CARTESIAN_POINT('',(-0.00764044251743931,0.0480994686006081,-0.0453892422528587));
#7386=CARTESIAN_POINT('',(-0.00804457265945829,0.0483000260611531,-0.0454267422528587));
#7387=CARTESIAN_POINT('',(-0.00844870280147727,0.048500583521698,-0.0454642422528586));
#7388=CARTESIAN_POINT('',(-0.00847708001673635,0.0489508492213939,-0.0455017422528587));
#7389=CARTESIAN_POINT('',(-0.00850545723199543,0.0494011149210898,-0.0455392422528587));
#7390=CARTESIAN_POINT('',(-0.00812970430523554,0.0496508231602408,-0.0455767422528587));
#7391=CARTESIAN_POINT('',(-0.00775395137847565,0.0499005313993918,-0.0456142422528587));
#7392=CARTESIAN_POINT('',(-0.00734982123645667,0.0496999739388469,-0.0456517422528587));
#7393=CARTESIAN_POINT('',(-0.00694569109443769,0.049499416478302,-0.0456892422528586));
#7394=CARTESIAN_POINT('',(-0.00691731387917861,0.049049150778606,-0.0457267422528587));
#7395=CARTESIAN_POINT('',(-0.00688893666391952,0.0485988850789101,-0.0457642422528587));
#7396=CARTESIAN_POINT('',(-0.00726468959067942,0.0483491768397591,-0.0458017422528587));
#7397=CARTESIAN_POINT('',(-0.00764044251743931,0.0480994686006081,-0.0458392422528587));
#7398=CARTESIAN_POINT('',(-0.00804457265945829,0.0483000260611531,-0.0458767422528587));
#7399=CARTESIAN_POINT('',(-0.00844870280147727,0.048500583521698,-0.0459142422528586));
#7400=CARTESIAN_POINT('',(-0.00847708001673635,0.0489508492213939,-0.0459517422528587));
#7401=CARTESIAN_POINT('',(-0.00850545723199543,0.0494011149210898,-0.0459892422528587));
#7402=CARTESIAN_POINT('',(-0.00812970430523554,0.0496508231602408,-0.0460267422528587));
#7403=CARTESIAN_POINT('',(-0.00775395137847565,0.0499005313993918,-0.0460642422528587));
#7404=CARTESIAN_POINT('',(-0.00734982123645667,0.0496999739388469,-0.0461017422528587));
#7405=CARTESIAN_POINT('',(-0.00694569109443769,0.049499416478302,-0.0461392422528586));
#7406=CARTESIAN_POINT('',(-0.00691731387917861,0.049049150778606,-0.0461767422528587));
#7407=CARTESIAN_POINT('',(-0.00688893666391952,0.0485988850789101,-0.0462142422528587));
#7408=CARTESIAN_POINT('',(-0.00726468959067942,0.0483491768397591,-0.0462517422528587));
#7409=CARTESIAN_POINT('',(-0.00764044251743931,0.0480994686006081,-0.0462892422528587));
#7410=CARTESIAN_POINT('',(-0.00804457265945829,0.0483000260611531,-0.0463267422528587));
#7411=CARTESIAN_POINT('',(-0.00844870280147727,0.048500583521698,-0.0463642422528586));
#7412=CARTESIAN_POINT('',(-0.00847708001673635,0.0489508492213939,-0.0464017422528587));
#7413=CARTESIAN_POINT('',(-0.00850545723199543,0.0494011149210898,-0.0464392422528587));
#7414=CARTESIAN_POINT('',(-0.00812970430523554,0.0496508231602408,-0.0464767422528587));
#7415=CARTESIAN_POINT('',(-0.00775395137847565,0.0499005313993918,-0.0465142422528587));
#7416=CARTESIAN_POINT('',(-0.00734982123645667,0.0496999739388469,-0.0465517422528587));
#7417=CARTESIAN_POINT('',(-0.00694569109443769,0.049499416478302,-0.0465892422528586));
#7418=CARTESIAN_POINT('',(-0.00691731387917861,0.049049150778606,-0.0466267422528587));
#7419=CARTESIAN_POINT('',(-0.00688893666391952,0.0485988850789101,-0.0466642422528587));
#7420=CARTESIAN_POINT('',(-0.00726468959067942,0.0483491768397591,-0.0467017422528587));
#7421=CARTESIAN_POINT('',(-0.00764044251743931,0.0480994686006081,-0.0467392422528587));
#7422=CARTESIAN_POINT('',(-0.00804457265945829,0.0483000260611531,-0.0467767422528587));
#7423=CARTESIAN_POINT('',(-0.00844870280147727,0.048500583521698,-0.0468142422528586));
#7424=CARTESIAN_POINT('',(-0.00847708001673635,0.0489508492213939,-0.0468517422528587));
#7425=CARTESIAN_POINT('',(-0.00850545723199543,0.0494011149210898,-0.0468892422528587));
#7426=CARTESIAN_POINT('',(-0.00812970430523554,0.0496508231602408,-0.0469267422528587));
#7427=CARTESIAN_POINT('',(-0.00775395137847565,0.0499005313993918,-0.0469642422528587));
#7428=CARTESIAN_POINT('',(-0.00734982123645667,0.0496999739388469,-0.0470017422528587));
#7429=CARTESIAN_POINT('',(-0.00694569109443769,0.049499416478302,-0.0470392422528586));
#7430=CARTESIAN_POINT('',(-0.00691731387917861,0.049049150778606,-0.0470767422528587));
#7431=CARTESIAN_POINT('',(-0.00688893666391952,0.0485988850789101,-0.0471142422528587));
#7432=CARTESIAN_POINT('',(-0.00726468959067942,0.0483491768397591,-0.0471517422528587));
#7433=CARTESIAN_POINT('',(-0.00764044251743931,0.0480994686006081,-0.0471892422528586));
#7434=CARTESIAN_POINT('',(-0.00804457265945829,0.0483000260611531,-0.0472267422528587));
#7435=CARTESIAN_POINT('',(-0.00844870280147727,0.048500583521698,-0.0472642422528586));
#7436=CARTESIAN_POINT('',(-0.00847708001673635,0.0489508492213939,-0.0473017422528587));
#7437=CARTESIAN_POINT('',(-0.00850545723199543,0.0494011149210898,-0.0473392422528587));
#7438=CARTESIAN_POINT('',(-0.00812970430523554,0.0496508231602408,-0.0473767422528587));
#7439=CARTESIAN_POINT('',(-0.00775395137847565,0.0499005313993918,-0.0474142422528587));
#7440=CARTESIAN_POINT('',(-0.00734982123645667,0.0496999739388469,-0.0474517422528587));
#7441=CARTESIAN_POINT('',(-0.00694569109443769,0.049499416478302,-0.0474892422528587));
#7442=CARTESIAN_POINT('',(-0.00691731387917861,0.049049150778606,-0.0475267422528587));
#7443=CARTESIAN_POINT('',(-0.00688893666391952,0.0485988850789101,-0.0475642422528587));
#7444=CARTESIAN_POINT('',(-0.00726468959067942,0.0483491768397591,-0.0476017422528587));
#7445=CARTESIAN_POINT('',(-0.00764044251743931,0.0480994686006081,-0.0476392422528586));
#7446=CARTESIAN_POINT('',(-0.00804457265945829,0.0483000260611531,-0.0476767422528587));
#7447=CARTESIAN_POINT('',(-0.00844870280147727,0.048500583521698,-0.0477142422528586));
#7448=CARTESIAN_POINT('',(-0.00847708001673635,0.0489508492213939,-0.0477517422528587));
#7449=CARTESIAN_POINT('',(-0.00850545723199543,0.0494011149210898,-0.0477892422528587));
#7450=CARTESIAN_POINT('',(-0.00812970430523554,0.0496508231602408,-0.0478267422528587));
#7451=CARTESIAN_POINT('',(-0.00775395137847565,0.0499005313993918,-0.0478642422528586));
#7452=CARTESIAN_POINT('',(-0.00734982123645667,0.0496999739388469,-0.0479017422528587));
#7453=CARTESIAN_POINT('',(-0.00694569109443769,0.049499416478302,-0.0479392422528587));
#7454=CARTESIAN_POINT('',(-0.00691731387917861,0.049049150778606,-0.0479767422528587));
#7455=CARTESIAN_POINT('',(-0.00688893666391952,0.0485988850789101,-0.0480142422528587));
#7456=CARTESIAN_POINT('',(-0.00726468959067942,0.0483491768397591,-0.0480517422528587));
#7457=CARTESIAN_POINT('',(-0.00764044251743931,0.0480994686006081,-0.0480892422528586));
#7458=CARTESIAN_POINT('',(-0.00804457265945829,0.0483000260611531,-0.0481267422528587));
#7459=CARTESIAN_POINT('',(-0.00844870280147727,0.048500583521698,-0.0481642422528587));
#7460=CARTESIAN_POINT('',(-0.00847708001673635,0.0489508492213939,-0.0482017422528587));
#7461=CARTESIAN_POINT('',(-0.00850545723199543,0.0494011149210898,-0.0482392422528587));
#7462=CARTESIAN_POINT('',(-0.00812970430523554,0.0496508231602408,-0.0482767422528587));
#7463=CARTESIAN_POINT('',(-0.00775395137847565,0.0499005313993918,-0.0483142422528586));
#7464=CARTESIAN_POINT('',(-0.00734982123645667,0.0496999739388469,-0.0483517422528587));
#7465=CARTESIAN_POINT('',(-0.00694569109443769,0.049499416478302,-0.0483892422528587));
#7466=CARTESIAN_POINT('',(-0.00691731387917861,0.049049150778606,-0.0484267422528587));
#7467=CARTESIAN_POINT('',(-0.00688893666391952,0.0485988850789101,-0.0484642422528587));
#7468=CARTESIAN_POINT('',(-0.00726468959067942,0.0483491768397591,-0.0485017422528587));
#7469=CARTESIAN_POINT('',(-0.00764044251743931,0.0480994686006081,-0.0485392422528586));
#7470=CARTESIAN_POINT('',(-0.00804457265945829,0.0483000260611531,-0.0485767422528587));
#7471=CARTESIAN_POINT('',(-0.00844870280147727,0.048500583521698,-0.0486142422528586));
#7472=CARTESIAN_POINT('',(-0.00847708001673635,0.0489508492213939,-0.0486517422528587));
#7473=CARTESIAN_POINT('',(-0.00850545723199543,0.0494011149210898,-0.0486892422528587));
#7474=CARTESIAN_POINT('',(-0.00812970430523554,0.0496508231602408,-0.0487267422528587));
#7475=CARTESIAN_POINT('',(-0.00775395137847565,0.0499005313993918,-0.0487642422528586));
#7476=CARTESIAN_POINT('',(-0.00734982123645667,0.0496999739388469,-0.0488017422528587));
#7477=CARTESIAN_POINT('',(-0.00694569109443769,0.049499416478302,-0.0488392422528587));
#7478=CARTESIAN_POINT('',(-0.00691731387917861,0.049049150778606,-0.0488767422528587));
#7479=CARTESIAN_POINT('',(-0.00688893666391952,0.0485988850789101,-0.0489142422528587));
#7480=CARTESIAN_POINT('',(-0.00726468959067942,0.0483491768397591,-0.0489517422528587));
#7481=CARTESIAN_POINT('',(-0.00764044251743931,0.0480994686006081,-0.0489892422528586));
#7482=CARTESIAN_POINT('',(-0.00804457265945829,0.0483000260611531,-0.0490267422528587));
#7483=CARTESIAN_POINT('',(-0.00844870280147727,0.048500583521698,-0.0490642422528587));
#7484=CARTESIAN_POINT('',(-0.00847708001673635,0.0489508492213939,-0.0491017422528587));
#7485=CARTESIAN_POINT('',(-0.00850545723199543,0.0494011149210898,-0.0491392422528587));
#7486=CARTESIAN_POINT('',(-0.00812970430523554,0.0496508231602408,-0.0491767422528587));
#7487=CARTESIAN_POINT('',(-0.00775395137847565,0.0499005313993918,-0.0492142422528586));
#7488=CARTESIAN_POINT('',(-0.00734982123645667,0.0496999739388469,-0.0492517422528587));
#7489=CARTESIAN_POINT('',(-0.00694569109443769,0.049499416478302,-0.0492892422528587));
#7490=CARTESIAN_POINT('',(-0.00691731387917861,0.049049150778606,-0.0493267422528587));
#7491=CARTESIAN_POINT('',(-0.00688893666391952,0.0485988850789101,-0.0493642422528587));
#7492=CARTESIAN_POINT('',(-0.00726468959067942,0.0483491768397591,-0.0494017422528587));
#7493=CARTESIAN_POINT('',(-0.00764044251743931,0.0480994686006081,-0.0494392422528586));
#7494=CARTESIAN_POINT('',(-0.00804457265945829,0.0483000260611531,-0.0494767422528587));
#7495=CARTESIAN_POINT('',(-0.00844870280147727,0.048500583521698,-0.0495142422528587));
#7496=CARTESIAN_POINT('',(-0.00847708001673635,0.0489508492213939,-0.0495517422528587));
#7497=CARTESIAN_POINT('',(-0.00850545723199543,0.0494011149210898,-0.0495892422528587));
#7498=CARTESIAN_POINT('',(-0.00812970430523554,0.0496508231602408,-0.0496267422528587));
#7499=CARTESIAN_POINT('',(-0.00775395137847565,0.0499005313993918,-0.0496642422528586));
#7500=CARTESIAN_POINT('',(-0.00734982123645667,0.0496999739388469,-0.0497017422528587));
#7501=CARTESIAN_POINT('',(-0.00694569109443769,0.049499416478302,-0.0497392422528587));
#7502=CARTESIAN_POINT('',(-0.00691731387917861,0.049049150778606,-0.0497767422528587));
#7503=CARTESIAN_POINT('',(-0.00688893666391952,0.0485988850789101,-0.0498142422528587));
#7504=CARTESIAN_POINT('',(-0.00726468959067942,0.0483491768397591,-0.0498517422528587));
#7505=CARTESIAN_POINT('',(-0.00764044251743931,0.0480994686006081,-0.0498892422528586));
#7506=CARTESIAN_POINT('',(-0.00804457265945829,0.0483000260611531,-0.0499267422528587));
#7507=CARTESIAN_POINT('',(-0.00844870280147727,0.048500583521698,-0.0499642422528587));
#7508=CARTESIAN_POINT('',(-0.00847708001673635,0.0489508492213939,-0.0500017422528587));
#7509=CARTESIAN_POINT('',(-0.00850545723199543,0.0494011149210898,-0.0500392422528587));
#7510=CARTESIAN_POINT('',(-0.00812970430523554,0.0496508231602408,-0.0500767422528587));
#7511=CARTESIAN_POINT('',(-0.00775395137847565,0.0499005313993918,-0.0501142422528586));
#7512=CARTESIAN_POINT('',(-0.00734982123645667,0.0496999739388469,-0.0501517422528587));
#7513=CARTESIAN_POINT('',(-0.00694569109443769,0.049499416478302,-0.0501892422528587));
#7514=CARTESIAN_POINT('',(-0.00691731387917861,0.049049150778606,-0.0502267422528587));
#7515=CARTESIAN_POINT('',(-0.00688893666391952,0.0485988850789101,-0.0502642422528586));
#7516=CARTESIAN_POINT('',(-0.00726468959067942,0.0483491768397591,-0.0503017422528587));
#7517=CARTESIAN_POINT('',(-0.00764044251743931,0.0480994686006081,-0.0503392422528586));
#7518=CARTESIAN_POINT('',(-0.00804457265945829,0.0483000260611531,-0.0503767422528587));
#7519=CARTESIAN_POINT('',(-0.00844870280147727,0.048500583521698,-0.0504142422528587));
#7520=CARTESIAN_POINT('',(-0.00847708001673635,0.0489508492213939,-0.0504517422528587));
#7521=CARTESIAN_POINT('',(-0.00850545723199543,0.0494011149210898,-0.0504892422528587));
#7522=CARTESIAN_POINT('',(-0.00812970430523554,0.0496508231602408,-0.0505267422528587));
#7523=CARTESIAN_POINT('',(-0.00775395137847565,0.0499005313993918,-0.0505642422528587));
#7524=CARTESIAN_POINT('',(-0.00734982123645667,0.0496999739388469,-0.0506017422528587));
#7525=CARTESIAN_POINT('',(-0.00694569109443769,0.049499416478302,-0.0506392422528587));
#7526=CARTESIAN_POINT('',(-0.00691731387917861,0.049049150778606,-0.0506767422528587));
#7527=CARTESIAN_POINT('',(-0.00688893666391952,0.0485988850789101,-0.0507142422528586));
#7528=CARTESIAN_POINT('',(-0.00726468959067942,0.0483491768397591,-0.0507517422528587));
#7529=CARTESIAN_POINT('',(-0.00764044251743931,0.0480994686006081,-0.0507892422528586));
#7530=CARTESIAN_POINT('',(-0.00804457265945829,0.0483000260611531,-0.0508267422528587));
#7531=CARTESIAN_POINT('',(-0.00844870280147727,0.048500583521698,-0.0508642422528587));
#7532=CARTESIAN_POINT('',(-0.00847708001673635,0.0489508492213939,-0.0509017422528587));
#7533=CARTESIAN_POINT('',(-0.00850545723199543,0.0494011149210898,-0.0509392422528586));
#7534=CARTESIAN_POINT('',(-0.00812970430523554,0.0496508231602408,-0.0509767422528587));
#7535=CARTESIAN_POINT('',(-0.00775395137847565,0.0499005313993918,-0.0510142422528587));
#7536=CARTESIAN_POINT('',(-0.00734982123645667,0.0496999739388469,-0.0510517422528587));
#7537=CARTESIAN_POINT('',(-0.00694569109443769,0.049499416478302,-0.0510892422528587));
#7538=CARTESIAN_POINT('',(-0.00691731387917861,0.049049150778606,-0.0511267422528587));
#7539=CARTESIAN_POINT('',(-0.00688893666391952,0.0485988850789101,-0.0511642422528586));
#7540=CARTESIAN_POINT('',(-0.00726468959067942,0.0483491768397591,-0.0512017422528587));
#7541=CARTESIAN_POINT('',(-0.00764044251743931,0.0480994686006081,-0.0512392422528587));
#7542=CARTESIAN_POINT('',(-0.00804457265945829,0.0483000260611531,-0.0512767422528587));
#7543=CARTESIAN_POINT('',(-0.00844870280147727,0.048500583521698,-0.0513142422528587));
#7544=CARTESIAN_POINT('',(-0.00847708001673635,0.0489508492213939,-0.0513517422528587));
#7545=CARTESIAN_POINT('',(-0.00850545723199543,0.0494011149210898,-0.0513892422528586));
#7546=CARTESIAN_POINT('',(-0.00812970430523554,0.0496508231602408,-0.0514267422528587));
#7547=CARTESIAN_POINT('',(-0.00807728112817909,0.0496856612101965,-0.0514319740661051));
#7548=CARTESIAN_POINT('',(-0.00801995766091414,0.0497116592739346,-0.0514376219016115));
#7549=CARTESIAN_POINT('',(-0.00667422651918721,0.0490644709381161,-0.0449673672528587));
#7550=CARTESIAN_POINT('',(-0.00663700420571098,0.0484738586856925,-0.0450048672528587));
#7551=CARTESIAN_POINT('',(-0.007129878263358,0.0481463170904227,-0.0450423672528587));
#7552=CARTESIAN_POINT('',(-0.00762275232100502,0.0478187754951529,-0.0450798672528586));
#7553=CARTESIAN_POINT('',(-0.00815284869212827,0.0480818461523066,-0.0451173672528587));
#7554=CARTESIAN_POINT('',(-0.00868294506325152,0.0483449168094603,-0.0451548672528587));
#7555=CARTESIAN_POINT('',(-0.00872016737672775,0.0489355290618839,-0.0451923672528587));
#7556=CARTESIAN_POINT('',(-0.00875738969020397,0.0495261413143074,-0.0452298672528587));
#7557=CARTESIAN_POINT('',(-0.00826451563255696,0.0498536829095773,-0.0452673672528587));
#7558=CARTESIAN_POINT('',(-0.00777164157490994,0.050181224504847,-0.0453048672528586));
#7559=CARTESIAN_POINT('',(-0.00724154520378669,0.0499181538476933,-0.0453423672528587));
#7560=CARTESIAN_POINT('',(-0.00671144883266343,0.0496550831905396,-0.0453798672528586));
#7561=CARTESIAN_POINT('',(-0.00667422651918721,0.0490644709381161,-0.0454173672528587));
#7562=CARTESIAN_POINT('',(-0.00663700420571098,0.0484738586856925,-0.0454548672528587));
#7563=CARTESIAN_POINT('',(-0.007129878263358,0.0481463170904227,-0.0454923672528587));
#7564=CARTESIAN_POINT('',(-0.00762275232100502,0.0478187754951529,-0.0455298672528587));
#7565=CARTESIAN_POINT('',(-0.00815284869212827,0.0480818461523066,-0.0455673672528587));
#7566=CARTESIAN_POINT('',(-0.00868294506325152,0.0483449168094603,-0.0456048672528587));
#7567=CARTESIAN_POINT('',(-0.00872016737672775,0.0489355290618839,-0.0456423672528587));
#7568=CARTESIAN_POINT('',(-0.00875738969020397,0.0495261413143074,-0.0456798672528587));
#7569=CARTESIAN_POINT('',(-0.00826451563255696,0.0498536829095773,-0.0457173672528587));
#7570=CARTESIAN_POINT('',(-0.00777164157490994,0.050181224504847,-0.0457548672528586));
#7571=CARTESIAN_POINT('',(-0.00724154520378669,0.0499181538476933,-0.0457923672528587));
#7572=CARTESIAN_POINT('',(-0.00671144883266343,0.0496550831905396,-0.0458298672528586));
#7573=CARTESIAN_POINT('',(-0.00667422651918721,0.0490644709381161,-0.0458673672528587));
#7574=CARTESIAN_POINT('',(-0.00663700420571098,0.0484738586856925,-0.0459048672528587));
#7575=CARTESIAN_POINT('',(-0.007129878263358,0.0481463170904227,-0.0459423672528587));
#7576=CARTESIAN_POINT('',(-0.00762275232100502,0.0478187754951529,-0.0459798672528586));
#7577=CARTESIAN_POINT('',(-0.00815284869212827,0.0480818461523066,-0.0460173672528587));
#7578=CARTESIAN_POINT('',(-0.00868294506325152,0.0483449168094603,-0.0460548672528587));
#7579=CARTESIAN_POINT('',(-0.00872016737672775,0.0489355290618839,-0.0460923672528587));
#7580=CARTESIAN_POINT('',(-0.00875738969020397,0.0495261413143074,-0.0461298672528587));
#7581=CARTESIAN_POINT('',(-0.00826451563255696,0.0498536829095773,-0.0461673672528587));
#7582=CARTESIAN_POINT('',(-0.00777164157490994,0.050181224504847,-0.0462048672528586));
#7583=CARTESIAN_POINT('',(-0.00724154520378669,0.0499181538476933,-0.0462423672528587));
#7584=CARTESIAN_POINT('',(-0.00671144883266343,0.0496550831905396,-0.0462798672528587));
#7585=CARTESIAN_POINT('',(-0.00667422651918721,0.0490644709381161,-0.0463173672528587));
#7586=CARTESIAN_POINT('',(-0.00663700420571098,0.0484738586856925,-0.0463548672528587));
#7587=CARTESIAN_POINT('',(-0.007129878263358,0.0481463170904227,-0.0463923672528587));
#7588=CARTESIAN_POINT('',(-0.00762275232100502,0.0478187754951529,-0.0464298672528586));
#7589=CARTESIAN_POINT('',(-0.00815284869212827,0.0480818461523066,-0.0464673672528587));
#7590=CARTESIAN_POINT('',(-0.00868294506325152,0.0483449168094603,-0.0465048672528587));
#7591=CARTESIAN_POINT('',(-0.00872016737672775,0.0489355290618839,-0.0465423672528587));
#7592=CARTESIAN_POINT('',(-0.00875738969020397,0.0495261413143074,-0.0465798672528587));
#7593=CARTESIAN_POINT('',(-0.00826451563255696,0.0498536829095773,-0.0466173672528587));
#7594=CARTESIAN_POINT('',(-0.00777164157490994,0.050181224504847,-0.0466548672528586));
#7595=CARTESIAN_POINT('',(-0.00724154520378669,0.0499181538476933,-0.0466923672528587));
#7596=CARTESIAN_POINT('',(-0.00671144883266343,0.0496550831905396,-0.0467298672528587));
#7597=CARTESIAN_POINT('',(-0.00667422651918721,0.0490644709381161,-0.0467673672528587));
#7598=CARTESIAN_POINT('',(-0.00663700420571098,0.0484738586856925,-0.0468048672528587));
#7599=CARTESIAN_POINT('',(-0.007129878263358,0.0481463170904227,-0.0468423672528587));
#7600=CARTESIAN_POINT('',(-0.00762275232100502,0.0478187754951529,-0.0468798672528586));
#7601=CARTESIAN_POINT('',(-0.00815284869212827,0.0480818461523066,-0.0469173672528587));
#7602=CARTESIAN_POINT('',(-0.00868294506325152,0.0483449168094603,-0.0469548672528587));
#7603=CARTESIAN_POINT('',(-0.00872016737672775,0.0489355290618839,-0.0469923672528587));
#7604=CARTESIAN_POINT('',(-0.00875738969020397,0.0495261413143074,-0.0470298672528587));
#7605=CARTESIAN_POINT('',(-0.00826451563255696,0.0498536829095773,-0.0470673672528587));
#7606=CARTESIAN_POINT('',(-0.00777164157490994,0.050181224504847,-0.0471048672528586));
#7607=CARTESIAN_POINT('',(-0.00724154520378669,0.0499181538476933,-0.0471423672528587));
#7608=CARTESIAN_POINT('',(-0.00671144883266343,0.0496550831905396,-0.0471798672528587));
#7609=CARTESIAN_POINT('',(-0.00667422651918721,0.0490644709381161,-0.0472173672528587));
#7610=CARTESIAN_POINT('',(-0.00663700420571098,0.0484738586856925,-0.0472548672528587));
#7611=CARTESIAN_POINT('',(-0.007129878263358,0.0481463170904227,-0.0472923672528587));
#7612=CARTESIAN_POINT('',(-0.00762275232100502,0.0478187754951529,-0.0473298672528586));
#7613=CARTESIAN_POINT('',(-0.00815284869212827,0.0480818461523066,-0.0473673672528587));
#7614=CARTESIAN_POINT('',(-0.00868294506325152,0.0483449168094603,-0.0474048672528587));
#7615=CARTESIAN_POINT('',(-0.00872016737672775,0.0489355290618839,-0.0474423672528587));
#7616=CARTESIAN_POINT('',(-0.00875738969020397,0.0495261413143074,-0.0474798672528587));
#7617=CARTESIAN_POINT('',(-0.00826451563255696,0.0498536829095773,-0.0475173672528587));
#7618=CARTESIAN_POINT('',(-0.00777164157490994,0.050181224504847,-0.0475548672528586));
#7619=CARTESIAN_POINT('',(-0.00724154520378669,0.0499181538476933,-0.0475923672528587));
#7620=CARTESIAN_POINT('',(-0.00671144883266343,0.0496550831905396,-0.0476298672528587));
#7621=CARTESIAN_POINT('',(-0.00667422651918721,0.0490644709381161,-0.0476673672528587));
#7622=CARTESIAN_POINT('',(-0.00663700420571098,0.0484738586856925,-0.0477048672528587));
#7623=CARTESIAN_POINT('',(-0.007129878263358,0.0481463170904227,-0.0477423672528587));
#7624=CARTESIAN_POINT('',(-0.00762275232100502,0.0478187754951529,-0.0477798672528587));
#7625=CARTESIAN_POINT('',(-0.00815284869212827,0.0480818461523066,-0.0478173672528587));
#7626=CARTESIAN_POINT('',(-0.00868294506325152,0.0483449168094603,-0.0478548672528587));
#7627=CARTESIAN_POINT('',(-0.00872016737672775,0.0489355290618839,-0.0478923672528587));
#7628=CARTESIAN_POINT('',(-0.00875738969020397,0.0495261413143074,-0.0479298672528587));
#7629=CARTESIAN_POINT('',(-0.00826451563255696,0.0498536829095773,-0.0479673672528587));
#7630=CARTESIAN_POINT('',(-0.00777164157490994,0.050181224504847,-0.0480048672528587));
#7631=CARTESIAN_POINT('',(-0.00724154520378669,0.0499181538476933,-0.0480423672528587));
#7632=CARTESIAN_POINT('',(-0.00671144883266343,0.0496550831905396,-0.0480798672528587));
#7633=CARTESIAN_POINT('',(-0.00667422651918721,0.0490644709381161,-0.0481173672528587));
#7634=CARTESIAN_POINT('',(-0.00663700420571098,0.0484738586856925,-0.0481548672528586));
#7635=CARTESIAN_POINT('',(-0.007129878263358,0.0481463170904227,-0.0481923672528587));
#7636=CARTESIAN_POINT('',(-0.00762275232100502,0.0478187754951529,-0.0482298672528586));
#7637=CARTESIAN_POINT('',(-0.00815284869212827,0.0480818461523066,-0.0482673672528587));
#7638=CARTESIAN_POINT('',(-0.00868294506325152,0.0483449168094603,-0.0483048672528587));
#7639=CARTESIAN_POINT('',(-0.00872016737672775,0.0489355290618839,-0.0483423672528587));
#7640=CARTESIAN_POINT('',(-0.00875738969020397,0.0495261413143074,-0.0483798672528586));
#7641=CARTESIAN_POINT('',(-0.00826451563255696,0.0498536829095773,-0.0484173672528587));
#7642=CARTESIAN_POINT('',(-0.00777164157490994,0.050181224504847,-0.0484548672528586));
#7643=CARTESIAN_POINT('',(-0.00724154520378669,0.0499181538476933,-0.0484923672528587));
#7644=CARTESIAN_POINT('',(-0.00671144883266343,0.0496550831905396,-0.0485298672528587));
#7645=CARTESIAN_POINT('',(-0.00667422651918721,0.0490644709381161,-0.0485673672528587));
#7646=CARTESIAN_POINT('',(-0.00663700420571098,0.0484738586856925,-0.0486048672528586));
#7647=CARTESIAN_POINT('',(-0.007129878263358,0.0481463170904227,-0.0486423672528587));
#7648=CARTESIAN_POINT('',(-0.00762275232100502,0.0478187754951529,-0.0486798672528587));
#7649=CARTESIAN_POINT('',(-0.00815284869212827,0.0480818461523066,-0.0487173672528587));
#7650=CARTESIAN_POINT('',(-0.00868294506325152,0.0483449168094603,-0.0487548672528587));
#7651=CARTESIAN_POINT('',(-0.00872016737672775,0.0489355290618839,-0.0487923672528587));
#7652=CARTESIAN_POINT('',(-0.00875738969020397,0.0495261413143074,-0.0488298672528586));
#7653=CARTESIAN_POINT('',(-0.00826451563255696,0.0498536829095773,-0.0488673672528587));
#7654=CARTESIAN_POINT('',(-0.00777164157490994,0.050181224504847,-0.0489048672528586));
#7655=CARTESIAN_POINT('',(-0.00724154520378669,0.0499181538476933,-0.0489423672528587));
#7656=CARTESIAN_POINT('',(-0.00671144883266343,0.0496550831905396,-0.0489798672528587));
#7657=CARTESIAN_POINT('',(-0.00667422651918721,0.0490644709381161,-0.0490173672528587));
#7658=CARTESIAN_POINT('',(-0.00663700420571098,0.0484738586856925,-0.0490548672528586));
#7659=CARTESIAN_POINT('',(-0.007129878263358,0.0481463170904227,-0.0490923672528587));
#7660=CARTESIAN_POINT('',(-0.00762275232100502,0.0478187754951529,-0.0491298672528587));
#7661=CARTESIAN_POINT('',(-0.00815284869212827,0.0480818461523066,-0.0491673672528587));
#7662=CARTESIAN_POINT('',(-0.00868294506325152,0.0483449168094603,-0.0492048672528587));
#7663=CARTESIAN_POINT('',(-0.00872016737672775,0.0489355290618839,-0.0492423672528587));
#7664=CARTESIAN_POINT('',(-0.00875738969020397,0.0495261413143074,-0.0492798672528586));
#7665=CARTESIAN_POINT('',(-0.00826451563255696,0.0498536829095773,-0.0493173672528587));
#7666=CARTESIAN_POINT('',(-0.00777164157490994,0.050181224504847,-0.0493548672528587));
#7667=CARTESIAN_POINT('',(-0.00724154520378669,0.0499181538476933,-0.0493923672528587));
#7668=CARTESIAN_POINT('',(-0.00671144883266343,0.0496550831905396,-0.0494298672528587));
#7669=CARTESIAN_POINT('',(-0.00667422651918721,0.0490644709381161,-0.0494673672528587));
#7670=CARTESIAN_POINT('',(-0.00663700420571098,0.0484738586856925,-0.0495048672528586));
#7671=CARTESIAN_POINT('',(-0.007129878263358,0.0481463170904227,-0.0495423672528587));
#7672=CARTESIAN_POINT('',(-0.00762275232100502,0.0478187754951529,-0.0495798672528587));
#7673=CARTESIAN_POINT('',(-0.00815284869212827,0.0480818461523066,-0.0496173672528587));
#7674=CARTESIAN_POINT('',(-0.00868294506325152,0.0483449168094603,-0.0496548672528587));
#7675=CARTESIAN_POINT('',(-0.00872016737672775,0.0489355290618839,-0.0496923672528587));
#7676=CARTESIAN_POINT('',(-0.00875738969020397,0.0495261413143074,-0.0497298672528586));
#7677=CARTESIAN_POINT('',(-0.00826451563255696,0.0498536829095773,-0.0497673672528587));
#7678=CARTESIAN_POINT('',(-0.00777164157490994,0.050181224504847,-0.0498048672528587));
#7679=CARTESIAN_POINT('',(-0.00724154520378669,0.0499181538476933,-0.0498423672528587));
#7680=CARTESIAN_POINT('',(-0.00671144883266343,0.0496550831905396,-0.0498798672528587));
#7681=CARTESIAN_POINT('',(-0.00667422651918721,0.0490644709381161,-0.0499173672528587));
#7682=CARTESIAN_POINT('',(-0.00663700420571098,0.0484738586856925,-0.0499548672528586));
#7683=CARTESIAN_POINT('',(-0.007129878263358,0.0481463170904227,-0.0499923672528587));
#7684=CARTESIAN_POINT('',(-0.00762275232100502,0.0478187754951529,-0.0500298672528587));
#7685=CARTESIAN_POINT('',(-0.00815284869212827,0.0480818461523066,-0.0500673672528587));
#7686=CARTESIAN_POINT('',(-0.00868294506325152,0.0483449168094603,-0.0501048672528587));
#7687=CARTESIAN_POINT('',(-0.00872016737672775,0.0489355290618839,-0.0501423672528587));
#7688=CARTESIAN_POINT('',(-0.00875738969020397,0.0495261413143074,-0.0501798672528586));
#7689=CARTESIAN_POINT('',(-0.00826451563255696,0.0498536829095773,-0.0502173672528587));
#7690=CARTESIAN_POINT('',(-0.00777164157490994,0.050181224504847,-0.0502548672528587));
#7691=CARTESIAN_POINT('',(-0.00724154520378669,0.0499181538476933,-0.0502923672528587));
#7692=CARTESIAN_POINT('',(-0.00671144883266343,0.0496550831905396,-0.0503298672528587));
#7693=CARTESIAN_POINT('',(-0.00667422651918721,0.0490644709381161,-0.0503673672528587));
#7694=CARTESIAN_POINT('',(-0.00663700420571098,0.0484738586856925,-0.0504048672528586));
#7695=CARTESIAN_POINT('',(-0.007129878263358,0.0481463170904227,-0.0504423672528587));
#7696=CARTESIAN_POINT('',(-0.00762275232100502,0.0478187754951529,-0.0504798672528587));
#7697=CARTESIAN_POINT('',(-0.00815284869212827,0.0480818461523066,-0.0505173672528587));
#7698=CARTESIAN_POINT('',(-0.00868294506325152,0.0483449168094603,-0.0505548672528587));
#7699=CARTESIAN_POINT('',(-0.00872016737672775,0.0489355290618839,-0.0505923672528587));
#7700=CARTESIAN_POINT('',(-0.00875738969020397,0.0495261413143074,-0.0506298672528586));
#7701=CARTESIAN_POINT('',(-0.00826451563255696,0.0498536829095773,-0.0506673672528587));
#7702=CARTESIAN_POINT('',(-0.00777164157490994,0.050181224504847,-0.0507048672528587));
#7703=CARTESIAN_POINT('',(-0.00724154520378669,0.0499181538476933,-0.0507423672528587));
#7704=CARTESIAN_POINT('',(-0.00671144883266343,0.0496550831905396,-0.0507798672528587));
#7705=CARTESIAN_POINT('',(-0.00667422651918721,0.0490644709381161,-0.0508173672528587));
#7706=CARTESIAN_POINT('',(-0.00663700420571098,0.0484738586856925,-0.0508548672528586));
#7707=CARTESIAN_POINT('',(-0.007129878263358,0.0481463170904227,-0.0508923672528587));
#7708=CARTESIAN_POINT('',(-0.00762275232100502,0.0478187754951529,-0.0509298672528587));
#7709=CARTESIAN_POINT('',(-0.00815284869212827,0.0480818461523066,-0.0509673672528587));
#7710=CARTESIAN_POINT('',(-0.00868294506325152,0.0483449168094603,-0.0510048672528587));
#7711=CARTESIAN_POINT('',(-0.00872016737672775,0.0489355290618839,-0.0510423672528587));
#7712=CARTESIAN_POINT('',(-0.00875738969020397,0.0495261413143074,-0.0510798672528587));
#7713=CARTESIAN_POINT('',(-0.00826451563255696,0.0498536829095773,-0.0511173672528587));
#7714=CARTESIAN_POINT('',(-0.00777164157490994,0.050181224504847,-0.0511548672528587));
#7715=CARTESIAN_POINT('',(-0.00724154520378669,0.0499181538476933,-0.0511923672528587));
#7716=CARTESIAN_POINT('',(-0.00671144883266343,0.0496550831905396,-0.0512298672528586));
#7717=CARTESIAN_POINT('',(-0.00667422651918721,0.0490644709381161,-0.0512673672528587));
#7718=CARTESIAN_POINT('',(-0.00663700420571098,0.0484738586856925,-0.0513048672528586));
#7719=CARTESIAN_POINT('',(-0.007129878263358,0.0481463170904227,-0.0513423672528587));
#7720=CARTESIAN_POINT('',(-0.00762275232100502,0.0478187754951529,-0.0513798672528587));
#7721=CARTESIAN_POINT('',(-0.00815284869212827,0.0480818461523066,-0.0514173672528587));
#7722=CARTESIAN_POINT('',(-0.00868294506325152,0.0483449168094603,-0.0514548672528586));
#7723=CARTESIAN_POINT('',(-0.00872016737672775,0.0489355290618839,-0.0514923672528587));
#7724=CARTESIAN_POINT('',(-0.00875738969020397,0.0495261413143074,-0.0515298672528586));
#7725=CARTESIAN_POINT('',(-0.00826451563255696,0.0498536829095773,-0.0515673672528587));
#7726=CARTESIAN_POINT('',(-0.00819575229859344,0.0498993798817612,-0.0515725990661051));
#7727=CARTESIAN_POINT('',(-0.00812056126774,0.0499334814688761,-0.0515782469016115));
#7728=CARTESIAN_POINT('',(-0.00834010640809678,0.0494441855761604,-0.0514));
#7729=CARTESIAN_POINT('',(-0.00854978014052542,0.0492269341957821,-0.0514));
#7730=CARTESIAN_POINT('',(-0.00866846196057381,0.0485560544567236,-0.0514));
#7731=CARTESIAN_POINT('',(-0.00819468379413249,0.048094984187542,-0.0514));
#7732=CARTESIAN_POINT('',(-0.00790969499739464,0.0479972689398521,-0.0514));
#7733=CARTESIAN_POINT('',(-0.0083401064081025,0.0494441855761521,-0.051399999999999));
#7734=CARTESIAN_POINT('',(-0.00691731387917861,0.049049150778606,-0.0448267422528586));
#7735=CARTESIAN_POINT('',(-0.00688893666391952,0.0485988850789101,-0.0448642422528587));
#7736=CARTESIAN_POINT('',(-0.00726468959067942,0.0483491768397591,-0.0449017422528587));
#7737=CARTESIAN_POINT('',(-0.00764044251743931,0.0480994686006081,-0.0449392422528587));
#7738=CARTESIAN_POINT('',(-0.00804457265945829,0.0483000260611531,-0.0449767422528587));
#7739=CARTESIAN_POINT('',(-0.00844870280147727,0.048500583521698,-0.0450142422528586));
#7740=CARTESIAN_POINT('',(-0.00847708001673635,0.0489508492213939,-0.0450517422528587));
#7741=CARTESIAN_POINT('',(-0.00850545723199543,0.0494011149210898,-0.0450892422528587));
#7742=CARTESIAN_POINT('',(-0.00812970430523554,0.0496508231602408,-0.0451267422528587));
#7743=CARTESIAN_POINT('',(-0.00775395137847565,0.0499005313993918,-0.0451642422528587));
#7744=CARTESIAN_POINT('',(-0.00734982123645667,0.0496999739388469,-0.0452017422528587));
#7745=CARTESIAN_POINT('',(-0.00694569109443769,0.049499416478302,-0.0452392422528586));
#7746=CARTESIAN_POINT('',(-0.00691731387917861,0.049049150778606,-0.0452767422528587));
#7747=CARTESIAN_POINT('',(-0.00688893666391952,0.0485988850789101,-0.0453142422528587));
#7748=CARTESIAN_POINT('',(-0.00726468959067942,0.0483491768397591,-0.0453517422528587));
#7749=CARTESIAN_POINT('',(-0.00764044251743931,0.0480994686006081,-0.0453892422528587));
#7750=CARTESIAN_POINT('',(-0.00804457265945829,0.0483000260611531,-0.0454267422528587));
#7751=CARTESIAN_POINT('',(-0.00844870280147727,0.048500583521698,-0.0454642422528586));
#7752=CARTESIAN_POINT('',(-0.00847708001673635,0.0489508492213939,-0.0455017422528587));
#7753=CARTESIAN_POINT('',(-0.00850545723199543,0.0494011149210898,-0.0455392422528587));
#7754=CARTESIAN_POINT('',(-0.00812970430523554,0.0496508231602408,-0.0455767422528587));
#7755=CARTESIAN_POINT('',(-0.00775395137847565,0.0499005313993918,-0.0456142422528587));
#7756=CARTESIAN_POINT('',(-0.00734982123645667,0.0496999739388469,-0.0456517422528587));
#7757=CARTESIAN_POINT('',(-0.00694569109443769,0.049499416478302,-0.0456892422528586));
#7758=CARTESIAN_POINT('',(-0.00691731387917861,0.049049150778606,-0.0457267422528587));
#7759=CARTESIAN_POINT('',(-0.00688893666391952,0.0485988850789101,-0.0457642422528587));
#7760=CARTESIAN_POINT('',(-0.00726468959067942,0.0483491768397591,-0.0458017422528587));
#7761=CARTESIAN_POINT('',(-0.00764044251743931,0.0480994686006081,-0.0458392422528587));
#7762=CARTESIAN_POINT('',(-0.00804457265945829,0.0483000260611531,-0.0458767422528587));
#7763=CARTESIAN_POINT('',(-0.00844870280147727,0.048500583521698,-0.0459142422528586));
#7764=CARTESIAN_POINT('',(-0.00847708001673635,0.0489508492213939,-0.0459517422528587));
#7765=CARTESIAN_POINT('',(-0.00850545723199543,0.0494011149210898,-0.0459892422528587));
#7766=CARTESIAN_POINT('',(-0.00812970430523554,0.0496508231602408,-0.0460267422528587));
#7767=CARTESIAN_POINT('',(-0.00775395137847565,0.0499005313993918,-0.0460642422528587));
#7768=CARTESIAN_POINT('',(-0.00734982123645667,0.0496999739388469,-0.0461017422528587));
#7769=CARTESIAN_POINT('',(-0.00694569109443769,0.049499416478302,-0.0461392422528586));
#7770=CARTESIAN_POINT('',(-0.00691731387917861,0.049049150778606,-0.0461767422528587));
#7771=CARTESIAN_POINT('',(-0.00688893666391952,0.0485988850789101,-0.0462142422528587));
#7772=CARTESIAN_POINT('',(-0.00726468959067942,0.0483491768397591,-0.0462517422528587));
#7773=CARTESIAN_POINT('',(-0.00764044251743931,0.0480994686006081,-0.0462892422528587));
#7774=CARTESIAN_POINT('',(-0.00804457265945829,0.0483000260611531,-0.0463267422528587));
#7775=CARTESIAN_POINT('',(-0.00844870280147727,0.048500583521698,-0.0463642422528586));
#7776=CARTESIAN_POINT('',(-0.00847708001673635,0.0489508492213939,-0.0464017422528587));
#7777=CARTESIAN_POINT('',(-0.00850545723199543,0.0494011149210898,-0.0464392422528587));
#7778=CARTESIAN_POINT('',(-0.00812970430523554,0.0496508231602408,-0.0464767422528587));
#7779=CARTESIAN_POINT('',(-0.00775395137847565,0.0499005313993918,-0.0465142422528587));
#7780=CARTESIAN_POINT('',(-0.00734982123645667,0.0496999739388469,-0.0465517422528587));
#7781=CARTESIAN_POINT('',(-0.00694569109443769,0.049499416478302,-0.0465892422528586));
#7782=CARTESIAN_POINT('',(-0.00691731387917861,0.049049150778606,-0.0466267422528587));
#7783=CARTESIAN_POINT('',(-0.00688893666391952,0.0485988850789101,-0.0466642422528587));
#7784=CARTESIAN_POINT('',(-0.00726468959067942,0.0483491768397591,-0.0467017422528587));
#7785=CARTESIAN_POINT('',(-0.00764044251743931,0.0480994686006081,-0.0467392422528587));
#7786=CARTESIAN_POINT('',(-0.00804457265945829,0.0483000260611531,-0.0467767422528587));
#7787=CARTESIAN_POINT('',(-0.00844870280147727,0.048500583521698,-0.0468142422528586));
#7788=CARTESIAN_POINT('',(-0.00847708001673635,0.0489508492213939,-0.0468517422528587));
#7789=CARTESIAN_POINT('',(-0.00850545723199543,0.0494011149210898,-0.0468892422528587));
#7790=CARTESIAN_POINT('',(-0.00812970430523554,0.0496508231602408,-0.0469267422528587));
#7791=CARTESIAN_POINT('',(-0.00775395137847565,0.0499005313993918,-0.0469642422528587));
#7792=CARTESIAN_POINT('',(-0.00734982123645667,0.0496999739388469,-0.0470017422528587));
#7793=CARTESIAN_POINT('',(-0.00694569109443769,0.049499416478302,-0.0470392422528586));
#7794=CARTESIAN_POINT('',(-0.00691731387917861,0.049049150778606,-0.0470767422528587));
#7795=CARTESIAN_POINT('',(-0.00688893666391952,0.0485988850789101,-0.0471142422528587));
#7796=CARTESIAN_POINT('',(-0.00726468959067942,0.0483491768397591,-0.0471517422528587));
#7797=CARTESIAN_POINT('',(-0.00764044251743931,0.0480994686006081,-0.0471892422528586));
#7798=CARTESIAN_POINT('',(-0.00804457265945829,0.0483000260611531,-0.0472267422528587));
#7799=CARTESIAN_POINT('',(-0.00844870280147727,0.048500583521698,-0.0472642422528586));
#7800=CARTESIAN_POINT('',(-0.00847708001673635,0.0489508492213939,-0.0473017422528587));
#7801=CARTESIAN_POINT('',(-0.00850545723199543,0.0494011149210898,-0.0473392422528587));
#7802=CARTESIAN_POINT('',(-0.00812970430523555,0.0496508231602408,-0.0473767422528587));
#7803=CARTESIAN_POINT('',(-0.00775395137847565,0.0499005313993918,-0.0474142422528587));
#7804=CARTESIAN_POINT('',(-0.00734982123645667,0.0496999739388469,-0.0474517422528587));
#7805=CARTESIAN_POINT('',(-0.00694569109443769,0.049499416478302,-0.0474892422528587));
#7806=CARTESIAN_POINT('',(-0.00691731387917861,0.049049150778606,-0.0475267422528587));
#7807=CARTESIAN_POINT('',(-0.00688893666391952,0.0485988850789101,-0.0475642422528587));
#7808=CARTESIAN_POINT('',(-0.00726468959067942,0.0483491768397591,-0.0476017422528587));
#7809=CARTESIAN_POINT('',(-0.00764044251743931,0.0480994686006081,-0.0476392422528586));
#7810=CARTESIAN_POINT('',(-0.00804457265945829,0.0483000260611531,-0.0476767422528587));
#7811=CARTESIAN_POINT('',(-0.00844870280147727,0.048500583521698,-0.0477142422528586));
#7812=CARTESIAN_POINT('',(-0.00847708001673635,0.0489508492213939,-0.0477517422528587));
#7813=CARTESIAN_POINT('',(-0.00850545723199543,0.0494011149210898,-0.0477892422528587));
#7814=CARTESIAN_POINT('',(-0.00812970430523555,0.0496508231602408,-0.0478267422528587));
#7815=CARTESIAN_POINT('',(-0.00775395137847565,0.0499005313993918,-0.0478642422528586));
#7816=CARTESIAN_POINT('',(-0.00734982123645667,0.0496999739388469,-0.0479017422528587));
#7817=CARTESIAN_POINT('',(-0.00694569109443769,0.049499416478302,-0.0479392422528587));
#7818=CARTESIAN_POINT('',(-0.00691731387917861,0.049049150778606,-0.0479767422528587));
#7819=CARTESIAN_POINT('',(-0.00688893666391952,0.0485988850789101,-0.0480142422528587));
#7820=CARTESIAN_POINT('',(-0.00726468959067942,0.0483491768397591,-0.0480517422528587));
#7821=CARTESIAN_POINT('',(-0.00764044251743931,0.0480994686006081,-0.0480892422528586));
#7822=CARTESIAN_POINT('',(-0.00804457265945829,0.0483000260611531,-0.0481267422528587));
#7823=CARTESIAN_POINT('',(-0.00844870280147727,0.048500583521698,-0.0481642422528587));
#7824=CARTESIAN_POINT('',(-0.00847708001673635,0.0489508492213939,-0.0482017422528587));
#7825=CARTESIAN_POINT('',(-0.00850545723199543,0.0494011149210898,-0.0482392422528587));
#7826=CARTESIAN_POINT('',(-0.00812970430523555,0.0496508231602408,-0.0482767422528587));
#7827=CARTESIAN_POINT('',(-0.00775395137847565,0.0499005313993918,-0.0483142422528586));
#7828=CARTESIAN_POINT('',(-0.00734982123645667,0.0496999739388469,-0.0483517422528587));
#7829=CARTESIAN_POINT('',(-0.00694569109443769,0.049499416478302,-0.0483892422528587));
#7830=CARTESIAN_POINT('',(-0.00691731387917861,0.049049150778606,-0.0484267422528587));
#7831=CARTESIAN_POINT('',(-0.00688893666391952,0.0485988850789101,-0.0484642422528587));
#7832=CARTESIAN_POINT('',(-0.00726468959067942,0.0483491768397591,-0.0485017422528587));
#7833=CARTESIAN_POINT('',(-0.00764044251743931,0.0480994686006081,-0.0485392422528586));
#7834=CARTESIAN_POINT('',(-0.00804457265945829,0.0483000260611531,-0.0485767422528587));
#7835=CARTESIAN_POINT('',(-0.00844870280147727,0.048500583521698,-0.0486142422528586));
#7836=CARTESIAN_POINT('',(-0.00847708001673635,0.0489508492213939,-0.0486517422528587));
#7837=CARTESIAN_POINT('',(-0.00850545723199543,0.0494011149210898,-0.0486892422528587));
#7838=CARTESIAN_POINT('',(-0.00812970430523555,0.0496508231602408,-0.0487267422528587));
#7839=CARTESIAN_POINT('',(-0.00775395137847565,0.0499005313993918,-0.0487642422528586));
#7840=CARTESIAN_POINT('',(-0.00734982123645667,0.0496999739388469,-0.0488017422528587));
#7841=CARTESIAN_POINT('',(-0.00694569109443769,0.049499416478302,-0.0488392422528587));
#7842=CARTESIAN_POINT('',(-0.00691731387917861,0.049049150778606,-0.0488767422528587));
#7843=CARTESIAN_POINT('',(-0.00688893666391952,0.0485988850789101,-0.0489142422528587));
#7844=CARTESIAN_POINT('',(-0.00726468959067941,0.0483491768397591,-0.0489517422528587));
#7845=CARTESIAN_POINT('',(-0.00764044251743931,0.0480994686006081,-0.0489892422528586));
#7846=CARTESIAN_POINT('',(-0.00804457265945829,0.0483000260611531,-0.0490267422528587));
#7847=CARTESIAN_POINT('',(-0.00844870280147727,0.048500583521698,-0.0490642422528587));
#7848=CARTESIAN_POINT('',(-0.00847708001673635,0.0489508492213939,-0.0491017422528587));
#7849=CARTESIAN_POINT('',(-0.00850545723199544,0.0494011149210898,-0.0491392422528587));
#7850=CARTESIAN_POINT('',(-0.00812970430523555,0.0496508231602408,-0.0491767422528587));
#7851=CARTESIAN_POINT('',(-0.00775395137847565,0.0499005313993918,-0.0492142422528586));
#7852=CARTESIAN_POINT('',(-0.00734982123645667,0.0496999739388469,-0.0492517422528587));
#7853=CARTESIAN_POINT('',(-0.00694569109443769,0.049499416478302,-0.0492892422528587));
#7854=CARTESIAN_POINT('',(-0.00691731387917861,0.049049150778606,-0.0493267422528587));
#7855=CARTESIAN_POINT('',(-0.00688893666391952,0.0485988850789101,-0.0493642422528587));
#7856=CARTESIAN_POINT('',(-0.00726468959067941,0.0483491768397591,-0.0494017422528587));
#7857=CARTESIAN_POINT('',(-0.00764044251743931,0.0480994686006081,-0.0494392422528586));
#7858=CARTESIAN_POINT('',(-0.00804457265945829,0.0483000260611531,-0.0494767422528587));
#7859=CARTESIAN_POINT('',(-0.00844870280147727,0.048500583521698,-0.0495142422528587));
#7860=CARTESIAN_POINT('',(-0.00847708001673635,0.0489508492213939,-0.0495517422528587));
#7861=CARTESIAN_POINT('',(-0.00850545723199544,0.0494011149210898,-0.0495892422528587));
#7862=CARTESIAN_POINT('',(-0.00812970430523555,0.0496508231602408,-0.0496267422528587));
#7863=CARTESIAN_POINT('',(-0.00775395137847565,0.0499005313993918,-0.0496642422528586));
#7864=CARTESIAN_POINT('',(-0.00734982123645667,0.0496999739388469,-0.0497017422528587));
#7865=CARTESIAN_POINT('',(-0.0069456910944377,0.049499416478302,-0.0497392422528587));
#7866=CARTESIAN_POINT('',(-0.00691731387917861,0.049049150778606,-0.0497767422528587));
#7867=CARTESIAN_POINT('',(-0.00688893666391952,0.0485988850789101,-0.0498142422528587));
#7868=CARTESIAN_POINT('',(-0.00726468959067941,0.0483491768397591,-0.0498517422528587));
#7869=CARTESIAN_POINT('',(-0.00764044251743931,0.0480994686006081,-0.0498892422528586));
#7870=CARTESIAN_POINT('',(-0.00804457265945828,0.0483000260611531,-0.0499267422528587));
#7871=CARTESIAN_POINT('',(-0.00844870280147727,0.048500583521698,-0.0499642422528587));
#7872=CARTESIAN_POINT('',(-0.00847708001673635,0.0489508492213939,-0.0500017422528587));
#7873=CARTESIAN_POINT('',(-0.00850545723199543,0.0494011149210898,-0.0500392422528587));
#7874=CARTESIAN_POINT('',(-0.00812970430523555,0.0496508231602408,-0.0500767422528587));
#7875=CARTESIAN_POINT('',(-0.00775395137847566,0.0499005313993918,-0.0501142422528586));
#7876=CARTESIAN_POINT('',(-0.00734982123645667,0.0496999739388469,-0.0501517422528587));
#7877=CARTESIAN_POINT('',(-0.00694569109443769,0.049499416478302,-0.0501892422528587));
#7878=CARTESIAN_POINT('',(-0.00691731387917861,0.049049150778606,-0.0502267422528587));
#7879=CARTESIAN_POINT('',(-0.00688893666391951,0.0485988850789101,-0.0502642422528586));
#7880=CARTESIAN_POINT('',(-0.00726468959067941,0.0483491768397591,-0.0503017422528587));
#7881=CARTESIAN_POINT('',(-0.00764044251743931,0.0480994686006081,-0.0503392422528586));
#7882=CARTESIAN_POINT('',(-0.00804457265945829,0.0483000260611531,-0.0503767422528587));
#7883=CARTESIAN_POINT('',(-0.00844870280147727,0.048500583521698,-0.0504142422528587));
#7884=CARTESIAN_POINT('',(-0.00847708001673635,0.0489508492213939,-0.0504517422528587));
#7885=CARTESIAN_POINT('',(-0.00850545723199544,0.0494011149210898,-0.0504892422528587));
#7886=CARTESIAN_POINT('',(-0.00812970430523555,0.0496508231602408,-0.0505267422528587));
#7887=CARTESIAN_POINT('',(-0.00775395137847565,0.0499005313993918,-0.0505642422528587));
#7888=CARTESIAN_POINT('',(-0.00734982123645667,0.0496999739388469,-0.0506017422528587));
#7889=CARTESIAN_POINT('',(-0.0069456910944377,0.049499416478302,-0.0506392422528587));
#7890=CARTESIAN_POINT('',(-0.00691731387917861,0.049049150778606,-0.0506767422528587));
#7891=CARTESIAN_POINT('',(-0.00688893666391952,0.0485988850789101,-0.0507142422528586));
#7892=CARTESIAN_POINT('',(-0.00726468959067941,0.0483491768397591,-0.0507517422528587));
#7893=CARTESIAN_POINT('',(-0.00764044251743929,0.0480994686006081,-0.0507892422528586));
#7894=CARTESIAN_POINT('',(-0.00804457265945828,0.0483000260611531,-0.0508267422528587));
#7895=CARTESIAN_POINT('',(-0.00844870280147727,0.048500583521698,-0.0508642422528587));
#7896=CARTESIAN_POINT('',(-0.00847708001673635,0.0489508492213939,-0.0509017422528587));
#7897=CARTESIAN_POINT('',(-0.00850545723199543,0.0494011149210898,-0.0509392422528586));
#7898=CARTESIAN_POINT('',(-0.00812970430523555,0.0496508231602408,-0.0509767422528587));
#7899=CARTESIAN_POINT('',(-0.00775395137847566,0.0499005313993918,-0.0510142422528587));
#7900=CARTESIAN_POINT('',(-0.00734982123645667,0.0496999739388469,-0.0510517422528587));
#7901=CARTESIAN_POINT('',(-0.00694569109443769,0.049499416478302,-0.0510892422528587));
#7902=CARTESIAN_POINT('',(-0.00691731387917861,0.049049150778606,-0.0511267422528587));
#7903=CARTESIAN_POINT('',(-0.00688893666391951,0.0485988850789101,-0.0511642422528586));
#7904=CARTESIAN_POINT('',(-0.00726468959067941,0.0483491768397591,-0.0512017422528587));
#7905=CARTESIAN_POINT('',(-0.00764044251743931,0.0480994686006081,-0.0512392422528587));
#7906=CARTESIAN_POINT('',(-0.00804457265945829,0.0483000260611531,-0.0512767422528587));
#7907=CARTESIAN_POINT('',(-0.00844870280147727,0.048500583521698,-0.0513142422528587));
#7908=CARTESIAN_POINT('',(-0.00847708001673635,0.0489508492213939,-0.0513517422528587));
#7909=CARTESIAN_POINT('',(-0.00850545723199544,0.0494011149210898,-0.0513892422528586));
#7910=CARTESIAN_POINT('',(-0.00812970430523555,0.0496508231602408,-0.0514267422528587));
#7911=CARTESIAN_POINT('',(-0.00775395137847565,0.0499005313993918,-0.0514642422528587));
#7912=CARTESIAN_POINT('',(-0.00734982123645668,0.0496999739388469,-0.0515017422528587));
#7913=CARTESIAN_POINT('',(-0.0069456910944377,0.049499416478302,-0.0515392422528587));
#7914=CARTESIAN_POINT('',(-0.00691731387917861,0.049049150778606,-0.0515767422528587));
#7915=CARTESIAN_POINT('',(-0.00688893666391952,0.0485988850789101,-0.0516142422528586));
#7916=CARTESIAN_POINT('',(-0.00726468959067941,0.0483491768397591,-0.0516517422528587));
#7917=CARTESIAN_POINT('',(-0.00764044251743929,0.0480994686006081,-0.0516892422528587));
#7918=CARTESIAN_POINT('',(-0.00804457265945828,0.0483000260611531,-0.0517267422528587));
#7919=CARTESIAN_POINT('',(-0.00844870280147727,0.048500583521698,-0.0517642422528587));
#7920=CARTESIAN_POINT('',(-0.00847708001673635,0.0489508492213939,-0.0518017422528587));
#7921=CARTESIAN_POINT('',(-0.00850545723199543,0.0494011149210898,-0.0518392422528586));
#7922=CARTESIAN_POINT('',(-0.00812970430523555,0.0496508231602408,-0.0518767422528587));
#7923=CARTESIAN_POINT('',(-0.00775395137847566,0.0499005313993918,-0.0519142422528587));
#7924=CARTESIAN_POINT('',(-0.00734982123645667,0.0496999739388469,-0.0519517422528587));
#7925=CARTESIAN_POINT('',(-0.00694569109443769,0.049499416478302,-0.0519892422528586));
#7926=CARTESIAN_POINT('',(-0.00691731387917861,0.049049150778606,-0.0520267422528587));
#7927=CARTESIAN_POINT('',(-0.00769719694795748,0.049,-0.045));
#7928=CARTESIAN_POINT('',(-0.00769719694795748,0.049,-0.0514));
#7929=CARTESIAN_POINT('',(-0.00724336793390046,0.0496361388417677,-0.0514));
#7930=CARTESIAN_POINT('',(-0.00691731387917861,0.049049150778606,-0.0447142422528587));
#7931=CARTESIAN_POINT('',(-0.00688893666391952,0.0485988850789101,-0.0447517422528586));
#7932=CARTESIAN_POINT('',(-0.00726468959067942,0.0483491768397591,-0.0447892422528587));
#7933=CARTESIAN_POINT('',(-0.00764044251743931,0.0480994686006081,-0.0448267422528587));
#7934=CARTESIAN_POINT('',(-0.00804457265945829,0.0483000260611531,-0.0448642422528586));
#7935=CARTESIAN_POINT('',(-0.00844870280147727,0.048500583521698,-0.0449017422528586));
#7936=CARTESIAN_POINT('',(-0.00847708001673635,0.0489508492213939,-0.0449392422528586));
#7937=CARTESIAN_POINT('',(-0.00850545723199543,0.0494011149210898,-0.0449767422528587));
#7938=CARTESIAN_POINT('',(-0.00812970430523554,0.0496508231602408,-0.0450142422528587));
#7939=CARTESIAN_POINT('',(-0.00775395137847565,0.0499005313993918,-0.0450517422528587));
#7940=CARTESIAN_POINT('',(-0.00734982123645667,0.0496999739388469,-0.0450892422528587));
#7941=CARTESIAN_POINT('',(-0.00694569109443769,0.049499416478302,-0.0451267422528586));
#7942=CARTESIAN_POINT('',(-0.00691731387917861,0.049049150778606,-0.0451642422528587));
#7943=CARTESIAN_POINT('',(-0.00688893666391952,0.0485988850789101,-0.0452017422528587));
#7944=CARTESIAN_POINT('',(-0.00726468959067942,0.0483491768397591,-0.0452392422528587));
#7945=CARTESIAN_POINT('',(-0.00764044251743931,0.0480994686006081,-0.0452767422528587));
#7946=CARTESIAN_POINT('',(-0.00804457265945829,0.0483000260611531,-0.0453142422528587));
#7947=CARTESIAN_POINT('',(-0.00844870280147727,0.048500583521698,-0.0453517422528586));
#7948=CARTESIAN_POINT('',(-0.00847708001673635,0.0489508492213939,-0.0453892422528587));
#7949=CARTESIAN_POINT('',(-0.00850545723199543,0.0494011149210898,-0.0454267422528586));
#7950=CARTESIAN_POINT('',(-0.00812970430523554,0.0496508231602408,-0.0454642422528587));
#7951=CARTESIAN_POINT('',(-0.00775395137847565,0.0499005313993918,-0.0455017422528587));
#7952=CARTESIAN_POINT('',(-0.00734982123645667,0.0496999739388469,-0.0455392422528587));
#7953=CARTESIAN_POINT('',(-0.00694569109443769,0.049499416478302,-0.0455767422528586));
#7954=CARTESIAN_POINT('',(-0.00691731387917861,0.049049150778606,-0.0456142422528587));
#7955=CARTESIAN_POINT('',(-0.00688893666391952,0.0485988850789101,-0.0456517422528587));
#7956=CARTESIAN_POINT('',(-0.00726468959067942,0.0483491768397591,-0.0456892422528587));
#7957=CARTESIAN_POINT('',(-0.00764044251743931,0.0480994686006081,-0.0457267422528587));
#7958=CARTESIAN_POINT('',(-0.00804457265945829,0.0483000260611531,-0.0457642422528587));
#7959=CARTESIAN_POINT('',(-0.00844870280147727,0.048500583521698,-0.0458017422528586));
#7960=CARTESIAN_POINT('',(-0.00847708001673635,0.0489508492213939,-0.0458392422528587));
#7961=CARTESIAN_POINT('',(-0.00850545723199543,0.0494011149210898,-0.0458767422528587));
#7962=CARTESIAN_POINT('',(-0.00812970430523554,0.0496508231602408,-0.0459142422528587));
#7963=CARTESIAN_POINT('',(-0.00775395137847565,0.0499005313993918,-0.0459517422528587));
#7964=CARTESIAN_POINT('',(-0.00734982123645667,0.0496999739388469,-0.0459892422528587));
#7965=CARTESIAN_POINT('',(-0.00694569109443769,0.049499416478302,-0.0460267422528586));
#7966=CARTESIAN_POINT('',(-0.00691731387917861,0.049049150778606,-0.0460642422528587));
#7967=CARTESIAN_POINT('',(-0.00688893666391952,0.0485988850789101,-0.0461017422528587));
#7968=CARTESIAN_POINT('',(-0.00726468959067942,0.0483491768397591,-0.0461392422528587));
#7969=CARTESIAN_POINT('',(-0.00764044251743931,0.0480994686006081,-0.0461767422528587));
#7970=CARTESIAN_POINT('',(-0.00804457265945829,0.0483000260611531,-0.0462142422528587));
#7971=CARTESIAN_POINT('',(-0.00844870280147727,0.048500583521698,-0.0462517422528586));
#7972=CARTESIAN_POINT('',(-0.00847708001673635,0.0489508492213939,-0.0462892422528587));
#7973=CARTESIAN_POINT('',(-0.00850545723199543,0.0494011149210898,-0.0463267422528587));
#7974=CARTESIAN_POINT('',(-0.00812970430523554,0.0496508231602408,-0.0463642422528587));
#7975=CARTESIAN_POINT('',(-0.00775395137847565,0.0499005313993918,-0.0464017422528587));
#7976=CARTESIAN_POINT('',(-0.00734982123645667,0.0496999739388469,-0.0464392422528587));
#7977=CARTESIAN_POINT('',(-0.00694569109443769,0.049499416478302,-0.0464767422528586));
#7978=CARTESIAN_POINT('',(-0.00691731387917861,0.049049150778606,-0.0465142422528587));
#7979=CARTESIAN_POINT('',(-0.00688893666391952,0.0485988850789101,-0.0465517422528587));
#7980=CARTESIAN_POINT('',(-0.00726468959067942,0.0483491768397591,-0.0465892422528587));
#7981=CARTESIAN_POINT('',(-0.00764044251743931,0.0480994686006081,-0.0466267422528587));
#7982=CARTESIAN_POINT('',(-0.00804457265945829,0.0483000260611531,-0.0466642422528587));
#7983=CARTESIAN_POINT('',(-0.00844870280147727,0.048500583521698,-0.0467017422528586));
#7984=CARTESIAN_POINT('',(-0.00847708001673635,0.0489508492213939,-0.0467392422528587));
#7985=CARTESIAN_POINT('',(-0.00850545723199543,0.0494011149210898,-0.0467767422528587));
#7986=CARTESIAN_POINT('',(-0.00812970430523554,0.0496508231602408,-0.0468142422528587));
#7987=CARTESIAN_POINT('',(-0.00775395137847565,0.0499005313993918,-0.0468517422528587));
#7988=CARTESIAN_POINT('',(-0.00734982123645667,0.0496999739388469,-0.0468892422528587));
#7989=CARTESIAN_POINT('',(-0.00694569109443769,0.049499416478302,-0.0469267422528587));
#7990=CARTESIAN_POINT('',(-0.00691731387917861,0.049049150778606,-0.0469642422528587));
#7991=CARTESIAN_POINT('',(-0.00688893666391952,0.0485988850789101,-0.0470017422528587));
#7992=CARTESIAN_POINT('',(-0.00726468959067942,0.0483491768397591,-0.0470392422528587));
#7993=CARTESIAN_POINT('',(-0.00764044251743931,0.0480994686006081,-0.0470767422528586));
#7994=CARTESIAN_POINT('',(-0.00804457265945829,0.0483000260611531,-0.0471142422528587));
#7995=CARTESIAN_POINT('',(-0.00844870280147727,0.048500583521698,-0.0471517422528586));
#7996=CARTESIAN_POINT('',(-0.00847708001673635,0.0489508492213939,-0.0471892422528587));
#7997=CARTESIAN_POINT('',(-0.00850545723199543,0.0494011149210898,-0.0472267422528587));
#7998=CARTESIAN_POINT('',(-0.00812970430523555,0.0496508231602408,-0.0472642422528587));
#7999=CARTESIAN_POINT('',(-0.00775395137847565,0.0499005313993918,-0.0473017422528587));
#8000=CARTESIAN_POINT('',(-0.00734982123645667,0.0496999739388469,-0.0473392422528587));
#8001=CARTESIAN_POINT('',(-0.00694569109443769,0.049499416478302,-0.0473767422528586));
#8002=CARTESIAN_POINT('',(-0.00691731387917861,0.049049150778606,-0.0474142422528587));
#8003=CARTESIAN_POINT('',(-0.00688893666391952,0.0485988850789101,-0.0474517422528587));
#8004=CARTESIAN_POINT('',(-0.00726468959067942,0.0483491768397591,-0.0474892422528587));
#8005=CARTESIAN_POINT('',(-0.00764044251743931,0.0480994686006081,-0.0475267422528587));
#8006=CARTESIAN_POINT('',(-0.00804457265945829,0.0483000260611531,-0.0475642422528587));
#8007=CARTESIAN_POINT('',(-0.00844870280147727,0.048500583521698,-0.0476017422528587));
#8008=CARTESIAN_POINT('',(-0.00847708001673635,0.0489508492213939,-0.0476392422528587));
#8009=CARTESIAN_POINT('',(-0.00850545723199543,0.0494011149210898,-0.0476767422528587));
#8010=CARTESIAN_POINT('',(-0.00812970430523555,0.0496508231602408,-0.0477142422528587));
#8011=CARTESIAN_POINT('',(-0.00775395137847565,0.0499005313993918,-0.0477517422528586));
#8012=CARTESIAN_POINT('',(-0.00734982123645667,0.0496999739388469,-0.0477892422528587));
#8013=CARTESIAN_POINT('',(-0.00694569109443769,0.049499416478302,-0.0478267422528586));
#8014=CARTESIAN_POINT('',(-0.00691731387917861,0.049049150778606,-0.0478642422528587));
#8015=CARTESIAN_POINT('',(-0.00688893666391952,0.0485988850789101,-0.0479017422528587));
#8016=CARTESIAN_POINT('',(-0.00726468959067942,0.0483491768397591,-0.0479392422528587));
#8017=CARTESIAN_POINT('',(-0.00764044251743931,0.0480994686006081,-0.0479767422528586));
#8018=CARTESIAN_POINT('',(-0.00804457265945829,0.0483000260611531,-0.0480142422528587));
#8019=CARTESIAN_POINT('',(-0.00844870280147727,0.048500583521698,-0.0480517422528587));
#8020=CARTESIAN_POINT('',(-0.00847708001673635,0.0489508492213939,-0.0480892422528587));
#8021=CARTESIAN_POINT('',(-0.00850545723199543,0.0494011149210898,-0.0481267422528587));
#8022=CARTESIAN_POINT('',(-0.00812970430523555,0.0496508231602408,-0.0481642422528587));
#8023=CARTESIAN_POINT('',(-0.00775395137847565,0.0499005313993918,-0.0482017422528586));
#8024=CARTESIAN_POINT('',(-0.00734982123645667,0.0496999739388469,-0.0482392422528587));
#8025=CARTESIAN_POINT('',(-0.00694569109443769,0.049499416478302,-0.0482767422528587));
#8026=CARTESIAN_POINT('',(-0.00691731387917861,0.049049150778606,-0.0483142422528587));
#8027=CARTESIAN_POINT('',(-0.00688893666391952,0.0485988850789101,-0.0483517422528587));
#8028=CARTESIAN_POINT('',(-0.00726468959067942,0.0483491768397591,-0.0483892422528587));
#8029=CARTESIAN_POINT('',(-0.00764044251743931,0.0480994686006081,-0.0484267422528586));
#8030=CARTESIAN_POINT('',(-0.00804457265945829,0.0483000260611531,-0.0484642422528587));
#8031=CARTESIAN_POINT('',(-0.00844870280147727,0.048500583521698,-0.0485017422528587));
#8032=CARTESIAN_POINT('',(-0.00847708001673635,0.0489508492213939,-0.0485392422528587));
#8033=CARTESIAN_POINT('',(-0.00850545723199543,0.0494011149210898,-0.0485767422528587));
#8034=CARTESIAN_POINT('',(-0.00812970430523555,0.0496508231602408,-0.0486142422528587));
#8035=CARTESIAN_POINT('',(-0.00775395137847565,0.0499005313993918,-0.0486517422528586));
#8036=CARTESIAN_POINT('',(-0.00734982123645667,0.0496999739388469,-0.0486892422528587));
#8037=CARTESIAN_POINT('',(-0.00694569109443769,0.049499416478302,-0.0487267422528587));
#8038=CARTESIAN_POINT('',(-0.00691731387917861,0.049049150778606,-0.0487642422528587));
#8039=CARTESIAN_POINT('',(-0.00688893666391952,0.0485988850789101,-0.0488017422528587));
#8040=CARTESIAN_POINT('',(-0.00726468959067942,0.0483491768397591,-0.0488392422528587));
#8041=CARTESIAN_POINT('',(-0.00764044251743931,0.0480994686006081,-0.0488767422528586));
#8042=CARTESIAN_POINT('',(-0.00804457265945829,0.0483000260611531,-0.0489142422528587));
#8043=CARTESIAN_POINT('',(-0.00844870280147727,0.048500583521698,-0.0489517422528587));
#8044=CARTESIAN_POINT('',(-0.00847708001673635,0.0489508492213939,-0.0489892422528587));
#8045=CARTESIAN_POINT('',(-0.00850545723199544,0.0494011149210898,-0.0490267422528587));
#8046=CARTESIAN_POINT('',(-0.00812970430523555,0.0496508231602408,-0.0490642422528587));
#8047=CARTESIAN_POINT('',(-0.00775395137847565,0.0499005313993918,-0.0491017422528586));
#8048=CARTESIAN_POINT('',(-0.00734982123645667,0.0496999739388469,-0.0491392422528587));
#8049=CARTESIAN_POINT('',(-0.00694569109443769,0.049499416478302,-0.0491767422528587));
#8050=CARTESIAN_POINT('',(-0.00691731387917861,0.049049150778606,-0.0492142422528587));
#8051=CARTESIAN_POINT('',(-0.00688893666391952,0.0485988850789101,-0.0492517422528587));
#8052=CARTESIAN_POINT('',(-0.00726468959067941,0.0483491768397591,-0.0492892422528587));
#8053=CARTESIAN_POINT('',(-0.00764044251743931,0.0480994686006081,-0.0493267422528587));
#8054=CARTESIAN_POINT('',(-0.00804457265945829,0.0483000260611531,-0.0493642422528587));
#8055=CARTESIAN_POINT('',(-0.00844870280147727,0.048500583521698,-0.0494017422528587));
#8056=CARTESIAN_POINT('',(-0.00847708001673635,0.0489508492213939,-0.0494392422528587));
#8057=CARTESIAN_POINT('',(-0.00850545723199544,0.0494011149210898,-0.0494767422528587));
#8058=CARTESIAN_POINT('',(-0.00812970430523555,0.0496508231602408,-0.0495142422528587));
#8059=CARTESIAN_POINT('',(-0.00775395137847565,0.0499005313993918,-0.0495517422528586));
#8060=CARTESIAN_POINT('',(-0.00734982123645667,0.0496999739388469,-0.0495892422528587));
#8061=CARTESIAN_POINT('',(-0.0069456910944377,0.049499416478302,-0.0496267422528587));
#8062=CARTESIAN_POINT('',(-0.00691731387917861,0.049049150778606,-0.0496642422528587));
#8063=CARTESIAN_POINT('',(-0.00688893666391952,0.0485988850789101,-0.0497017422528587));
#8064=CARTESIAN_POINT('',(-0.00726468959067941,0.0483491768397591,-0.0497392422528587));
#8065=CARTESIAN_POINT('',(-0.00764044251743931,0.0480994686006081,-0.0497767422528586));
#8066=CARTESIAN_POINT('',(-0.00804457265945828,0.0483000260611531,-0.0498142422528587));
#8067=CARTESIAN_POINT('',(-0.00844870280147727,0.048500583521698,-0.0498517422528587));
#8068=CARTESIAN_POINT('',(-0.00847708001673635,0.0489508492213939,-0.0498892422528587));
#8069=CARTESIAN_POINT('',(-0.00850545723199543,0.0494011149210898,-0.0499267422528587));
#8070=CARTESIAN_POINT('',(-0.00812970430523555,0.0496508231602408,-0.0499642422528587));
#8071=CARTESIAN_POINT('',(-0.00775395137847566,0.0499005313993918,-0.0500017422528586));
#8072=CARTESIAN_POINT('',(-0.00734982123645667,0.0496999739388469,-0.0500392422528587));
#8073=CARTESIAN_POINT('',(-0.00694569109443769,0.049499416478302,-0.0500767422528587));
#8074=CARTESIAN_POINT('',(-0.00691731387917861,0.049049150778606,-0.0501142422528587));
#8075=CARTESIAN_POINT('',(-0.00688893666391951,0.0485988850789101,-0.0501517422528586));
#8076=CARTESIAN_POINT('',(-0.00726468959067941,0.0483491768397591,-0.0501892422528587));
#8077=CARTESIAN_POINT('',(-0.00764044251743931,0.0480994686006081,-0.0502267422528586));
#8078=CARTESIAN_POINT('',(-0.00804457265945829,0.0483000260611531,-0.0502642422528587));
#8079=CARTESIAN_POINT('',(-0.00844870280147727,0.048500583521698,-0.0503017422528587));
#8080=CARTESIAN_POINT('',(-0.00847708001673635,0.0489508492213939,-0.0503392422528587));
#8081=CARTESIAN_POINT('',(-0.00850545723199544,0.0494011149210898,-0.0503767422528587));
#8082=CARTESIAN_POINT('',(-0.00812970430523555,0.0496508231602408,-0.0504142422528587));
#8083=CARTESIAN_POINT('',(-0.00775395137847565,0.0499005313993918,-0.0504517422528586));
#8084=CARTESIAN_POINT('',(-0.00734982123645667,0.0496999739388469,-0.0504892422528587));
#8085=CARTESIAN_POINT('',(-0.0069456910944377,0.049499416478302,-0.0505267422528587));
#8086=CARTESIAN_POINT('',(-0.00691731387917861,0.049049150778606,-0.0505642422528587));
#8087=CARTESIAN_POINT('',(-0.00688893666391952,0.0485988850789101,-0.0506017422528586));
#8088=CARTESIAN_POINT('',(-0.00726468959067941,0.0483491768397591,-0.0506392422528587));
#8089=CARTESIAN_POINT('',(-0.00764044251743929,0.0480994686006081,-0.0506767422528586));
#8090=CARTESIAN_POINT('',(-0.00804457265945828,0.0483000260611531,-0.0507142422528587));
#8091=CARTESIAN_POINT('',(-0.00844870280147727,0.048500583521698,-0.0507517422528587));
#8092=CARTESIAN_POINT('',(-0.00847708001673635,0.0489508492213939,-0.0507892422528587));
#8093=CARTESIAN_POINT('',(-0.00850545723199543,0.0494011149210898,-0.0508267422528586));
#8094=CARTESIAN_POINT('',(-0.00812970430523555,0.0496508231602408,-0.0508642422528587));
#8095=CARTESIAN_POINT('',(-0.00775395137847566,0.0499005313993918,-0.0509017422528587));
#8096=CARTESIAN_POINT('',(-0.00734982123645667,0.0496999739388469,-0.0509392422528587));
#8097=CARTESIAN_POINT('',(-0.00694569109443769,0.049499416478302,-0.0509767422528587));
#8098=CARTESIAN_POINT('',(-0.00691731387917861,0.049049150778606,-0.0510142422528587));
#8099=CARTESIAN_POINT('',(-0.00688893666391951,0.0485988850789101,-0.0510517422528586));
#8100=CARTESIAN_POINT('',(-0.00726468959067941,0.0483491768397591,-0.0510892422528587));
#8101=CARTESIAN_POINT('',(-0.00764044251743931,0.0480994686006081,-0.0511267422528587));
#8102=CARTESIAN_POINT('',(-0.00804457265945829,0.0483000260611531,-0.0511642422528587));
#8103=CARTESIAN_POINT('',(-0.00844870280147727,0.048500583521698,-0.0512017422528587));
#8104=CARTESIAN_POINT('',(-0.00847708001673635,0.0489508492213939,-0.0512392422528587));
#8105=CARTESIAN_POINT('',(-0.00850545723199544,0.0494011149210898,-0.0512767422528586));
#8106=CARTESIAN_POINT('',(-0.00812970430523555,0.0496508231602408,-0.0513142422528587));
#8107=CARTESIAN_POINT('',(-0.00775395137847565,0.0499005313993918,-0.0513517422528586));
#8108=CARTESIAN_POINT('',(-0.00734982123645668,0.0496999739388469,-0.0513892422528587));
#8109=CARTESIAN_POINT('',(-0.0069456910944377,0.049499416478302,-0.0514267422528587));
#8110=CARTESIAN_POINT('',(-0.00691731387917861,0.049049150778606,-0.0514642422528587));
#8111=CARTESIAN_POINT('',(-0.00688893666391952,0.0485988850789101,-0.0515017422528586));
#8112=CARTESIAN_POINT('',(-0.00726468959067941,0.0483491768397591,-0.0515392422528587));
#8113=CARTESIAN_POINT('',(-0.00764044251743929,0.0480994686006081,-0.0515767422528587));
#8114=CARTESIAN_POINT('',(-0.00804457265945828,0.0483000260611531,-0.0516142422528587));
#8115=CARTESIAN_POINT('',(-0.00844870280147727,0.048500583521698,-0.0516517422528587));
#8116=CARTESIAN_POINT('',(-0.00847708001673635,0.0489508492213939,-0.0516892422528587));
#8117=CARTESIAN_POINT('',(-0.00850545723199543,0.0494011149210898,-0.0517267422528586));
#8118=CARTESIAN_POINT('',(-0.00812970430523555,0.0496508231602408,-0.0517642422528587));
#8119=CARTESIAN_POINT('',(-0.00775395137847566,0.0499005313993918,-0.0518017422528587));
#8120=CARTESIAN_POINT('',(-0.00734982123645667,0.0496999739388469,-0.0518392422528587));
#8121=CARTESIAN_POINT('',(-0.00694569109443769,0.049499416478302,-0.0518767422528587));
#8122=CARTESIAN_POINT('',(-0.00691731387917861,0.049049150778606,-0.0519142422528587));
#8123=CARTESIAN_POINT('',(-0.0086977456425104,0.0492225473204252,-0.044818158722513));
#8124=CARTESIAN_POINT('',(-0.00860816055638742,0.0496253121831991,-0.0448474712538074));
#8125=CARTESIAN_POINT('',(-0.00826451563255696,0.0498536829095773,-0.0448736172528586));
#8126=CARTESIAN_POINT('',(-0.00777164157490994,0.050181224504847,-0.0449111172528587));
#8127=CARTESIAN_POINT('',(-0.00724154520378669,0.0499181538476933,-0.0449486172528586));
#8128=CARTESIAN_POINT('',(-0.00671144883266343,0.0496550831905396,-0.0449861172528587));
#8129=CARTESIAN_POINT('',(-0.00667422651918721,0.0490644709381161,-0.0450236172528587));
#8130=CARTESIAN_POINT('',(-0.00663700420571098,0.0484738586856925,-0.0450611172528586));
#8131=CARTESIAN_POINT('',(-0.007129878263358,0.0481463170904227,-0.0450986172528587));
#8132=CARTESIAN_POINT('',(-0.00762275232100502,0.0478187754951529,-0.0451361172528587));
#8133=CARTESIAN_POINT('',(-0.00815284869212827,0.0480818461523066,-0.0451736172528587));
#8134=CARTESIAN_POINT('',(-0.00868294506325152,0.0483449168094603,-0.0452111172528587));
#8135=CARTESIAN_POINT('',(-0.00872016737672775,0.0489355290618839,-0.0452486172528587));
#8136=CARTESIAN_POINT('',(-0.00875738969020397,0.0495261413143074,-0.0452861172528586));
#8137=CARTESIAN_POINT('',(-0.00826451563255696,0.0498536829095773,-0.0453236172528587));
#8138=CARTESIAN_POINT('',(-0.00777164157490994,0.050181224504847,-0.0453611172528587));
#8139=CARTESIAN_POINT('',(-0.00724154520378669,0.0499181538476933,-0.0453986172528587));
#8140=CARTESIAN_POINT('',(-0.00671144883266343,0.0496550831905396,-0.0454361172528587));
#8141=CARTESIAN_POINT('',(-0.00667422651918721,0.0490644709381161,-0.0454736172528587));
#8142=CARTESIAN_POINT('',(-0.00663700420571098,0.0484738586856925,-0.0455111172528586));
#8143=CARTESIAN_POINT('',(-0.007129878263358,0.0481463170904227,-0.0455486172528587));
#8144=CARTESIAN_POINT('',(-0.00762275232100502,0.0478187754951529,-0.0455861172528587));
#8145=CARTESIAN_POINT('',(-0.00815284869212827,0.0480818461523066,-0.0456236172528587));
#8146=CARTESIAN_POINT('',(-0.00868294506325152,0.0483449168094603,-0.0456611172528587));
#8147=CARTESIAN_POINT('',(-0.00872016737672775,0.0489355290618839,-0.0456986172528587));
#8148=CARTESIAN_POINT('',(-0.00875738969020397,0.0495261413143074,-0.0457361172528586));
#8149=CARTESIAN_POINT('',(-0.00826451563255696,0.0498536829095773,-0.0457736172528587));
#8150=CARTESIAN_POINT('',(-0.00777164157490994,0.050181224504847,-0.0458111172528587));
#8151=CARTESIAN_POINT('',(-0.00724154520378669,0.0499181538476933,-0.0458486172528587));
#8152=CARTESIAN_POINT('',(-0.00671144883266343,0.0496550831905396,-0.0458861172528587));
#8153=CARTESIAN_POINT('',(-0.00667422651918721,0.0490644709381161,-0.0459236172528587));
#8154=CARTESIAN_POINT('',(-0.00663700420571098,0.0484738586856925,-0.0459611172528586));
#8155=CARTESIAN_POINT('',(-0.007129878263358,0.0481463170904227,-0.0459986172528587));
#8156=CARTESIAN_POINT('',(-0.00762275232100502,0.0478187754951529,-0.0460361172528587));
#8157=CARTESIAN_POINT('',(-0.00815284869212827,0.0480818461523066,-0.0460736172528587));
#8158=CARTESIAN_POINT('',(-0.00868294506325152,0.0483449168094603,-0.0461111172528587));
#8159=CARTESIAN_POINT('',(-0.00872016737672775,0.0489355290618839,-0.0461486172528587));
#8160=CARTESIAN_POINT('',(-0.00875738969020397,0.0495261413143074,-0.0461861172528586));
#8161=CARTESIAN_POINT('',(-0.00826451563255696,0.0498536829095773,-0.0462236172528587));
#8162=CARTESIAN_POINT('',(-0.00777164157490994,0.050181224504847,-0.0462611172528587));
#8163=CARTESIAN_POINT('',(-0.00724154520378669,0.0499181538476933,-0.0462986172528587));
#8164=CARTESIAN_POINT('',(-0.00671144883266343,0.0496550831905396,-0.0463361172528587));
#8165=CARTESIAN_POINT('',(-0.00667422651918721,0.0490644709381161,-0.0463736172528587));
#8166=CARTESIAN_POINT('',(-0.00663700420571098,0.0484738586856925,-0.0464111172528587));
#8167=CARTESIAN_POINT('',(-0.007129878263358,0.0481463170904227,-0.0464486172528587));
#8168=CARTESIAN_POINT('',(-0.00762275232100502,0.0478187754951529,-0.0464861172528587));
#8169=CARTESIAN_POINT('',(-0.00815284869212827,0.0480818461523066,-0.0465236172528587));
#8170=CARTESIAN_POINT('',(-0.00868294506325152,0.0483449168094603,-0.0465611172528587));
#8171=CARTESIAN_POINT('',(-0.00872016737672775,0.0489355290618839,-0.0465986172528587));
#8172=CARTESIAN_POINT('',(-0.00875738969020397,0.0495261413143074,-0.0466361172528586));
#8173=CARTESIAN_POINT('',(-0.00826451563255696,0.0498536829095773,-0.0466736172528587));
#8174=CARTESIAN_POINT('',(-0.00777164157490994,0.050181224504847,-0.0467111172528587));
#8175=CARTESIAN_POINT('',(-0.00724154520378669,0.0499181538476933,-0.0467486172528587));
#8176=CARTESIAN_POINT('',(-0.00671144883266343,0.0496550831905396,-0.0467861172528586));
#8177=CARTESIAN_POINT('',(-0.00667422651918721,0.0490644709381161,-0.0468236172528587));
#8178=CARTESIAN_POINT('',(-0.00663700420571098,0.0484738586856925,-0.0468611172528587));
#8179=CARTESIAN_POINT('',(-0.007129878263358,0.0481463170904227,-0.0468986172528587));
#8180=CARTESIAN_POINT('',(-0.00762275232100502,0.0478187754951529,-0.0469361172528587));
#8181=CARTESIAN_POINT('',(-0.00815284869212827,0.0480818461523066,-0.0469736172528587));
#8182=CARTESIAN_POINT('',(-0.00868294506325152,0.0483449168094603,-0.0470111172528587));
#8183=CARTESIAN_POINT('',(-0.00872016737672775,0.0489355290618839,-0.0470486172528587));
#8184=CARTESIAN_POINT('',(-0.00875738969020397,0.0495261413143074,-0.0470861172528587));
#8185=CARTESIAN_POINT('',(-0.00826451563255696,0.0498536829095773,-0.0471236172528587));
#8186=CARTESIAN_POINT('',(-0.00777164157490994,0.050181224504847,-0.0471611172528587));
#8187=CARTESIAN_POINT('',(-0.00724154520378669,0.0499181538476933,-0.0471986172528587));
#8188=CARTESIAN_POINT('',(-0.00671144883266343,0.0496550831905396,-0.0472361172528586));
#8189=CARTESIAN_POINT('',(-0.00667422651918721,0.0490644709381161,-0.0472736172528587));
#8190=CARTESIAN_POINT('',(-0.00663700420571098,0.0484738586856925,-0.0473111172528587));
#8191=CARTESIAN_POINT('',(-0.007129878263358,0.0481463170904227,-0.0473486172528587));
#8192=CARTESIAN_POINT('',(-0.00762275232100502,0.0478187754951529,-0.0473861172528587));
#8193=CARTESIAN_POINT('',(-0.00815284869212827,0.0480818461523066,-0.0474236172528587));
#8194=CARTESIAN_POINT('',(-0.00868294506325152,0.0483449168094603,-0.0474611172528586));
#8195=CARTESIAN_POINT('',(-0.00872016737672775,0.0489355290618839,-0.0474986172528587));
#8196=CARTESIAN_POINT('',(-0.00875738969020397,0.0495261413143074,-0.0475361172528586));
#8197=CARTESIAN_POINT('',(-0.00826451563255696,0.0498536829095773,-0.0475736172528587));
#8198=CARTESIAN_POINT('',(-0.00777164157490994,0.050181224504847,-0.0476111172528587));
#8199=CARTESIAN_POINT('',(-0.00724154520378669,0.0499181538476933,-0.0476486172528587));
#8200=CARTESIAN_POINT('',(-0.00671144883266343,0.0496550831905396,-0.0476861172528586));
#8201=CARTESIAN_POINT('',(-0.00667422651918721,0.0490644709381161,-0.0477236172528587));
#8202=CARTESIAN_POINT('',(-0.00663700420571098,0.0484738586856925,-0.0477611172528587));
#8203=CARTESIAN_POINT('',(-0.007129878263358,0.0481463170904227,-0.0477986172528587));
#8204=CARTESIAN_POINT('',(-0.00762275232100502,0.0478187754951529,-0.0478361172528587));
#8205=CARTESIAN_POINT('',(-0.00815284869212827,0.0480818461523066,-0.0478736172528587));
#8206=CARTESIAN_POINT('',(-0.00868294506325152,0.0483449168094603,-0.0479111172528586));
#8207=CARTESIAN_POINT('',(-0.00872016737672775,0.0489355290618839,-0.0479486172528587));
#8208=CARTESIAN_POINT('',(-0.00875738969020397,0.0495261413143074,-0.0479861172528587));
#8209=CARTESIAN_POINT('',(-0.00826451563255696,0.0498536829095773,-0.0480236172528587));
#8210=CARTESIAN_POINT('',(-0.00777164157490994,0.050181224504847,-0.0480611172528587));
#8211=CARTESIAN_POINT('',(-0.00724154520378669,0.0499181538476933,-0.0480986172528587));
#8212=CARTESIAN_POINT('',(-0.00671144883266343,0.0496550831905396,-0.0481361172528586));
#8213=CARTESIAN_POINT('',(-0.00667422651918721,0.0490644709381161,-0.0481736172528587));
#8214=CARTESIAN_POINT('',(-0.00663700420571098,0.0484738586856925,-0.0482111172528587));
#8215=CARTESIAN_POINT('',(-0.007129878263358,0.0481463170904227,-0.0482486172528587));
#8216=CARTESIAN_POINT('',(-0.00762275232100502,0.0478187754951529,-0.0482861172528587));
#8217=CARTESIAN_POINT('',(-0.00815284869212827,0.0480818461523066,-0.0483236172528587));
#8218=CARTESIAN_POINT('',(-0.00868294506325152,0.0483449168094603,-0.0483611172528586));
#8219=CARTESIAN_POINT('',(-0.00872016737672775,0.0489355290618839,-0.0483986172528587));
#8220=CARTESIAN_POINT('',(-0.00875738969020397,0.0495261413143074,-0.0484361172528587));
#8221=CARTESIAN_POINT('',(-0.00826451563255696,0.0498536829095773,-0.0484736172528587));
#8222=CARTESIAN_POINT('',(-0.00777164157490994,0.050181224504847,-0.0485111172528587));
#8223=CARTESIAN_POINT('',(-0.00724154520378669,0.0499181538476933,-0.0485486172528587));
#8224=CARTESIAN_POINT('',(-0.00671144883266343,0.0496550831905396,-0.0485861172528586));
#8225=CARTESIAN_POINT('',(-0.00667422651918721,0.0490644709381161,-0.0486236172528587));
#8226=CARTESIAN_POINT('',(-0.00663700420571098,0.0484738586856925,-0.0486611172528587));
#8227=CARTESIAN_POINT('',(-0.007129878263358,0.0481463170904227,-0.0486986172528587));
#8228=CARTESIAN_POINT('',(-0.00762275232100502,0.0478187754951529,-0.0487361172528587));
#8229=CARTESIAN_POINT('',(-0.00815284869212827,0.0480818461523066,-0.0487736172528587));
#8230=CARTESIAN_POINT('',(-0.00868294506325152,0.0483449168094603,-0.0488111172528586));
#8231=CARTESIAN_POINT('',(-0.00872016737672775,0.0489355290618839,-0.0488486172528587));
#8232=CARTESIAN_POINT('',(-0.00875738969020397,0.0495261413143074,-0.0488861172528587));
#8233=CARTESIAN_POINT('',(-0.00826451563255696,0.0498536829095773,-0.0489236172528587));
#8234=CARTESIAN_POINT('',(-0.00777164157490994,0.050181224504847,-0.0489611172528587));
#8235=CARTESIAN_POINT('',(-0.00724154520378669,0.0499181538476933,-0.0489986172528587));
#8236=CARTESIAN_POINT('',(-0.00671144883266343,0.0496550831905396,-0.0490361172528586));
#8237=CARTESIAN_POINT('',(-0.00667422651918721,0.0490644709381161,-0.0490736172528587));
#8238=CARTESIAN_POINT('',(-0.00663700420571098,0.0484738586856925,-0.0491111172528587));
#8239=CARTESIAN_POINT('',(-0.007129878263358,0.0481463170904227,-0.0491486172528587));
#8240=CARTESIAN_POINT('',(-0.00762275232100502,0.0478187754951529,-0.0491861172528587));
#8241=CARTESIAN_POINT('',(-0.00815284869212827,0.0480818461523066,-0.0492236172528587));
#8242=CARTESIAN_POINT('',(-0.00868294506325152,0.0483449168094603,-0.0492611172528586));
#8243=CARTESIAN_POINT('',(-0.00872016737672775,0.0489355290618839,-0.0492986172528587));
#8244=CARTESIAN_POINT('',(-0.00875738969020397,0.0495261413143074,-0.0493361172528587));
#8245=CARTESIAN_POINT('',(-0.00826451563255696,0.0498536829095773,-0.0493736172528587));
#8246=CARTESIAN_POINT('',(-0.00777164157490994,0.050181224504847,-0.0494111172528587));
#8247=CARTESIAN_POINT('',(-0.00724154520378669,0.0499181538476933,-0.0494486172528587));
#8248=CARTESIAN_POINT('',(-0.00671144883266343,0.0496550831905396,-0.0494861172528587));
#8249=CARTESIAN_POINT('',(-0.00667422651918721,0.0490644709381161,-0.0495236172528587));
#8250=CARTESIAN_POINT('',(-0.00663700420571098,0.0484738586856925,-0.0495611172528587));
#8251=CARTESIAN_POINT('',(-0.007129878263358,0.0481463170904227,-0.0495986172528587));
#8252=CARTESIAN_POINT('',(-0.00762275232100502,0.0478187754951529,-0.0496361172528586));
#8253=CARTESIAN_POINT('',(-0.00815284869212827,0.0480818461523066,-0.0496736172528587));
#8254=CARTESIAN_POINT('',(-0.00868294506325152,0.0483449168094603,-0.0497111172528586));
#8255=CARTESIAN_POINT('',(-0.00872016737672775,0.0489355290618839,-0.0497486172528587));
#8256=CARTESIAN_POINT('',(-0.00875738969020397,0.0495261413143074,-0.0497861172528587));
#8257=CARTESIAN_POINT('',(-0.00826451563255696,0.0498536829095773,-0.0498236172528587));
#8258=CARTESIAN_POINT('',(-0.00777164157490994,0.050181224504847,-0.0498611172528586));
#8259=CARTESIAN_POINT('',(-0.00724154520378669,0.0499181538476933,-0.0498986172528587));
#8260=CARTESIAN_POINT('',(-0.00671144883266343,0.0496550831905396,-0.0499361172528587));
#8261=CARTESIAN_POINT('',(-0.00667422651918721,0.0490644709381161,-0.0499736172528587));
#8262=CARTESIAN_POINT('',(-0.00663700420571098,0.0484738586856925,-0.0500111172528587));
#8263=CARTESIAN_POINT('',(-0.007129878263358,0.0481463170904227,-0.0500486172528587));
#8264=CARTESIAN_POINT('',(-0.00762275232100502,0.0478187754951529,-0.0500861172528586));
#8265=CARTESIAN_POINT('',(-0.00815284869212827,0.0480818461523066,-0.0501236172528587));
#8266=CARTESIAN_POINT('',(-0.00868294506325152,0.0483449168094603,-0.0501611172528586));
#8267=CARTESIAN_POINT('',(-0.00872016737672775,0.0489355290618839,-0.0501986172528587));
#8268=CARTESIAN_POINT('',(-0.00875738969020397,0.0495261413143074,-0.0502361172528587));
#8269=CARTESIAN_POINT('',(-0.00826451563255696,0.0498536829095773,-0.0502736172528587));
#8270=CARTESIAN_POINT('',(-0.00777164157490994,0.050181224504847,-0.0503111172528586));
#8271=CARTESIAN_POINT('',(-0.00724154520378669,0.0499181538476933,-0.0503486172528587));
#8272=CARTESIAN_POINT('',(-0.00671144883266343,0.0496550831905396,-0.0503861172528587));
#8273=CARTESIAN_POINT('',(-0.00667422651918721,0.0490644709381161,-0.0504236172528587));
#8274=CARTESIAN_POINT('',(-0.00663700420571098,0.0484738586856925,-0.0504611172528587));
#8275=CARTESIAN_POINT('',(-0.007129878263358,0.0481463170904227,-0.0504986172528587));
#8276=CARTESIAN_POINT('',(-0.00762275232100502,0.0478187754951529,-0.0505361172528586));
#8277=CARTESIAN_POINT('',(-0.00815284869212827,0.0480818461523066,-0.0505736172528587));
#8278=CARTESIAN_POINT('',(-0.00868294506325152,0.0483449168094603,-0.0506111172528587));
#8279=CARTESIAN_POINT('',(-0.00872016737672775,0.0489355290618839,-0.0506486172528587));
#8280=CARTESIAN_POINT('',(-0.00875738969020397,0.0495261413143074,-0.0506861172528587));
#8281=CARTESIAN_POINT('',(-0.00826451563255696,0.0498536829095773,-0.0507236172528587));
#8282=CARTESIAN_POINT('',(-0.00777164157490994,0.050181224504847,-0.0507611172528586));
#8283=CARTESIAN_POINT('',(-0.00724154520378669,0.0499181538476933,-0.0507986172528587));
#8284=CARTESIAN_POINT('',(-0.00671144883266343,0.0496550831905396,-0.0508361172528587));
#8285=CARTESIAN_POINT('',(-0.00667422651918721,0.0490644709381161,-0.0508736172528587));
#8286=CARTESIAN_POINT('',(-0.00663700420571098,0.0484738586856925,-0.0509111172528587));
#8287=CARTESIAN_POINT('',(-0.007129878263358,0.0481463170904227,-0.0509486172528587));
#8288=CARTESIAN_POINT('',(-0.00762275232100502,0.0478187754951529,-0.0509861172528586));
#8289=CARTESIAN_POINT('',(-0.00815284869212827,0.0480818461523066,-0.0510236172528587));
#8290=CARTESIAN_POINT('',(-0.00868294506325152,0.0483449168094603,-0.0510611172528587));
#8291=CARTESIAN_POINT('',(-0.00872016737672775,0.0489355290618839,-0.0510986172528587));
#8292=CARTESIAN_POINT('',(-0.00875738969020397,0.0495261413143074,-0.0511361172528587));
#8293=CARTESIAN_POINT('',(-0.00826451563255696,0.0498536829095773,-0.0511736172528587));
#8294=CARTESIAN_POINT('',(-0.00777164157490994,0.050181224504847,-0.0512111172528586));
#8295=CARTESIAN_POINT('',(-0.00724154520378669,0.0499181538476933,-0.0512486172528587));
#8296=CARTESIAN_POINT('',(-0.00671144883266343,0.0496550831905396,-0.0512861172528587));
#8297=CARTESIAN_POINT('',(-0.00667422651918721,0.0490644709381161,-0.0513236172528587));
#8298=CARTESIAN_POINT('',(-0.00663700420571098,0.0484738586856925,-0.0513611172528587));
#8299=CARTESIAN_POINT('',(-0.007129878263358,0.0481463170904227,-0.0513986172528587));
#8300=CARTESIAN_POINT('',(-0.00738055665269147,0.0479797276782432,-0.0514176899539963));
#8301=CARTESIAN_POINT('',(-0.0076815059132534,0.0479751201087786,-0.0514396882346703));
#8302=CARTESIAN_POINT('',(-0.00845998633504529,0.0491696636406297,-0.044958783722513));
#8303=CARTESIAN_POINT('',(-0.00839168925634439,0.0494767199233358,-0.0449880962538074));
#8304=CARTESIAN_POINT('',(-0.00812970430523554,0.0496508231602408,-0.0450142422528587));
#8305=CARTESIAN_POINT('',(-0.00775395137847565,0.0499005313993918,-0.0450517422528587));
#8306=CARTESIAN_POINT('',(-0.00734982123645667,0.0496999739388469,-0.0450892422528587));
#8307=CARTESIAN_POINT('',(-0.00694569109443769,0.049499416478302,-0.0451267422528586));
#8308=CARTESIAN_POINT('',(-0.00691731387917861,0.049049150778606,-0.0451642422528587));
#8309=CARTESIAN_POINT('',(-0.00688893666391952,0.0485988850789101,-0.0452017422528587));
#8310=CARTESIAN_POINT('',(-0.00726468959067942,0.0483491768397591,-0.0452392422528587));
#8311=CARTESIAN_POINT('',(-0.00764044251743931,0.0480994686006081,-0.0452767422528587));
#8312=CARTESIAN_POINT('',(-0.00804457265945829,0.0483000260611531,-0.0453142422528587));
#8313=CARTESIAN_POINT('',(-0.00844870280147727,0.048500583521698,-0.0453517422528586));
#8314=CARTESIAN_POINT('',(-0.00847708001673635,0.0489508492213939,-0.0453892422528587));
#8315=CARTESIAN_POINT('',(-0.00850545723199543,0.0494011149210898,-0.0454267422528586));
#8316=CARTESIAN_POINT('',(-0.00812970430523554,0.0496508231602408,-0.0454642422528587));
#8317=CARTESIAN_POINT('',(-0.00775395137847565,0.0499005313993918,-0.0455017422528587));
#8318=CARTESIAN_POINT('',(-0.00734982123645667,0.0496999739388469,-0.0455392422528587));
#8319=CARTESIAN_POINT('',(-0.00694569109443769,0.049499416478302,-0.0455767422528586));
#8320=CARTESIAN_POINT('',(-0.00691731387917861,0.049049150778606,-0.0456142422528587));
#8321=CARTESIAN_POINT('',(-0.00688893666391952,0.0485988850789101,-0.0456517422528587));
#8322=CARTESIAN_POINT('',(-0.00726468959067942,0.0483491768397591,-0.0456892422528587));
#8323=CARTESIAN_POINT('',(-0.00764044251743931,0.0480994686006081,-0.0457267422528587));
#8324=CARTESIAN_POINT('',(-0.00804457265945829,0.0483000260611531,-0.0457642422528587));
#8325=CARTESIAN_POINT('',(-0.00844870280147727,0.048500583521698,-0.0458017422528586));
#8326=CARTESIAN_POINT('',(-0.00847708001673635,0.0489508492213939,-0.0458392422528587));
#8327=CARTESIAN_POINT('',(-0.00850545723199543,0.0494011149210898,-0.0458767422528587));
#8328=CARTESIAN_POINT('',(-0.00812970430523554,0.0496508231602408,-0.0459142422528587));
#8329=CARTESIAN_POINT('',(-0.00775395137847565,0.0499005313993918,-0.0459517422528587));
#8330=CARTESIAN_POINT('',(-0.00734982123645667,0.0496999739388469,-0.0459892422528587));
#8331=CARTESIAN_POINT('',(-0.00694569109443769,0.049499416478302,-0.0460267422528586));
#8332=CARTESIAN_POINT('',(-0.00691731387917861,0.049049150778606,-0.0460642422528587));
#8333=CARTESIAN_POINT('',(-0.00688893666391952,0.0485988850789101,-0.0461017422528587));
#8334=CARTESIAN_POINT('',(-0.00726468959067942,0.0483491768397591,-0.0461392422528587));
#8335=CARTESIAN_POINT('',(-0.00764044251743931,0.0480994686006081,-0.0461767422528587));
#8336=CARTESIAN_POINT('',(-0.00804457265945829,0.0483000260611531,-0.0462142422528587));
#8337=CARTESIAN_POINT('',(-0.00844870280147727,0.048500583521698,-0.0462517422528586));
#8338=CARTESIAN_POINT('',(-0.00847708001673635,0.0489508492213939,-0.0462892422528587));
#8339=CARTESIAN_POINT('',(-0.00850545723199543,0.0494011149210898,-0.0463267422528587));
#8340=CARTESIAN_POINT('',(-0.00812970430523554,0.0496508231602408,-0.0463642422528587));
#8341=CARTESIAN_POINT('',(-0.00775395137847565,0.0499005313993918,-0.0464017422528587));
#8342=CARTESIAN_POINT('',(-0.00734982123645667,0.0496999739388469,-0.0464392422528587));
#8343=CARTESIAN_POINT('',(-0.00694569109443769,0.049499416478302,-0.0464767422528586));
#8344=CARTESIAN_POINT('',(-0.00691731387917861,0.049049150778606,-0.0465142422528587));
#8345=CARTESIAN_POINT('',(-0.00688893666391952,0.0485988850789101,-0.0465517422528587));
#8346=CARTESIAN_POINT('',(-0.00726468959067942,0.0483491768397591,-0.0465892422528587));
#8347=CARTESIAN_POINT('',(-0.00764044251743931,0.0480994686006081,-0.0466267422528587));
#8348=CARTESIAN_POINT('',(-0.00804457265945829,0.0483000260611531,-0.0466642422528587));
#8349=CARTESIAN_POINT('',(-0.00844870280147727,0.048500583521698,-0.0467017422528586));
#8350=CARTESIAN_POINT('',(-0.00847708001673635,0.0489508492213939,-0.0467392422528587));
#8351=CARTESIAN_POINT('',(-0.00850545723199543,0.0494011149210898,-0.0467767422528587));
#8352=CARTESIAN_POINT('',(-0.00812970430523554,0.0496508231602408,-0.0468142422528587));
#8353=CARTESIAN_POINT('',(-0.00775395137847565,0.0499005313993918,-0.0468517422528587));
#8354=CARTESIAN_POINT('',(-0.00734982123645667,0.0496999739388469,-0.0468892422528587));
#8355=CARTESIAN_POINT('',(-0.00694569109443769,0.049499416478302,-0.0469267422528587));
#8356=CARTESIAN_POINT('',(-0.00691731387917861,0.049049150778606,-0.0469642422528587));
#8357=CARTESIAN_POINT('',(-0.00688893666391952,0.0485988850789101,-0.0470017422528587));
#8358=CARTESIAN_POINT('',(-0.00726468959067942,0.0483491768397591,-0.0470392422528587));
#8359=CARTESIAN_POINT('',(-0.00764044251743931,0.0480994686006081,-0.0470767422528586));
#8360=CARTESIAN_POINT('',(-0.00804457265945829,0.0483000260611531,-0.0471142422528587));
#8361=CARTESIAN_POINT('',(-0.00844870280147727,0.048500583521698,-0.0471517422528586));
#8362=CARTESIAN_POINT('',(-0.00847708001673635,0.0489508492213939,-0.0471892422528587));
#8363=CARTESIAN_POINT('',(-0.00850545723199543,0.0494011149210898,-0.0472267422528587));
#8364=CARTESIAN_POINT('',(-0.00812970430523554,0.0496508231602408,-0.0472642422528587));
#8365=CARTESIAN_POINT('',(-0.00775395137847565,0.0499005313993918,-0.0473017422528587));
#8366=CARTESIAN_POINT('',(-0.00734982123645667,0.0496999739388469,-0.0473392422528587));
#8367=CARTESIAN_POINT('',(-0.00694569109443769,0.049499416478302,-0.0473767422528586));
#8368=CARTESIAN_POINT('',(-0.00691731387917861,0.049049150778606,-0.0474142422528587));
#8369=CARTESIAN_POINT('',(-0.00688893666391952,0.0485988850789101,-0.0474517422528587));
#8370=CARTESIAN_POINT('',(-0.00726468959067942,0.0483491768397591,-0.0474892422528587));
#8371=CARTESIAN_POINT('',(-0.00764044251743931,0.0480994686006081,-0.0475267422528587));
#8372=CARTESIAN_POINT('',(-0.00804457265945829,0.0483000260611531,-0.0475642422528587));
#8373=CARTESIAN_POINT('',(-0.00844870280147727,0.048500583521698,-0.0476017422528587));
#8374=CARTESIAN_POINT('',(-0.00847708001673635,0.0489508492213939,-0.0476392422528587));
#8375=CARTESIAN_POINT('',(-0.00850545723199543,0.0494011149210898,-0.0476767422528587));
#8376=CARTESIAN_POINT('',(-0.00812970430523554,0.0496508231602408,-0.0477142422528587));
#8377=CARTESIAN_POINT('',(-0.00775395137847565,0.0499005313993918,-0.0477517422528586));
#8378=CARTESIAN_POINT('',(-0.00734982123645667,0.0496999739388469,-0.0477892422528587));
#8379=CARTESIAN_POINT('',(-0.00694569109443769,0.049499416478302,-0.0478267422528586));
#8380=CARTESIAN_POINT('',(-0.00691731387917861,0.049049150778606,-0.0478642422528587));
#8381=CARTESIAN_POINT('',(-0.00688893666391952,0.0485988850789101,-0.0479017422528587));
#8382=CARTESIAN_POINT('',(-0.00726468959067942,0.0483491768397591,-0.0479392422528587));
#8383=CARTESIAN_POINT('',(-0.00764044251743931,0.0480994686006081,-0.0479767422528586));
#8384=CARTESIAN_POINT('',(-0.00804457265945829,0.0483000260611531,-0.0480142422528587));
#8385=CARTESIAN_POINT('',(-0.00844870280147727,0.048500583521698,-0.0480517422528587));
#8386=CARTESIAN_POINT('',(-0.00847708001673635,0.0489508492213939,-0.0480892422528587));
#8387=CARTESIAN_POINT('',(-0.00850545723199543,0.0494011149210898,-0.0481267422528587));
#8388=CARTESIAN_POINT('',(-0.00812970430523554,0.0496508231602408,-0.0481642422528587));
#8389=CARTESIAN_POINT('',(-0.00775395137847565,0.0499005313993918,-0.0482017422528586));
#8390=CARTESIAN_POINT('',(-0.00734982123645667,0.0496999739388469,-0.0482392422528587));
#8391=CARTESIAN_POINT('',(-0.00694569109443769,0.049499416478302,-0.0482767422528587));
#8392=CARTESIAN_POINT('',(-0.00691731387917861,0.049049150778606,-0.0483142422528587));
#8393=CARTESIAN_POINT('',(-0.00688893666391952,0.0485988850789101,-0.0483517422528587));
#8394=CARTESIAN_POINT('',(-0.00726468959067942,0.0483491768397591,-0.0483892422528587));
#8395=CARTESIAN_POINT('',(-0.00764044251743931,0.0480994686006081,-0.0484267422528586));
#8396=CARTESIAN_POINT('',(-0.00804457265945829,0.0483000260611531,-0.0484642422528587));
#8397=CARTESIAN_POINT('',(-0.00844870280147727,0.048500583521698,-0.0485017422528587));
#8398=CARTESIAN_POINT('',(-0.00847708001673635,0.0489508492213939,-0.0485392422528587));
#8399=CARTESIAN_POINT('',(-0.00850545723199543,0.0494011149210898,-0.0485767422528587));
#8400=CARTESIAN_POINT('',(-0.00812970430523554,0.0496508231602408,-0.0486142422528587));
#8401=CARTESIAN_POINT('',(-0.00775395137847565,0.0499005313993918,-0.0486517422528586));
#8402=CARTESIAN_POINT('',(-0.00734982123645667,0.0496999739388469,-0.0486892422528587));
#8403=CARTESIAN_POINT('',(-0.00694569109443769,0.049499416478302,-0.0487267422528587));
#8404=CARTESIAN_POINT('',(-0.00691731387917861,0.049049150778606,-0.0487642422528587));
#8405=CARTESIAN_POINT('',(-0.00688893666391952,0.0485988850789101,-0.0488017422528587));
#8406=CARTESIAN_POINT('',(-0.00726468959067942,0.0483491768397591,-0.0488392422528587));
#8407=CARTESIAN_POINT('',(-0.00764044251743931,0.0480994686006081,-0.0488767422528586));
#8408=CARTESIAN_POINT('',(-0.00804457265945829,0.0483000260611531,-0.0489142422528587));
#8409=CARTESIAN_POINT('',(-0.00844870280147727,0.048500583521698,-0.0489517422528587));
#8410=CARTESIAN_POINT('',(-0.00847708001673635,0.0489508492213939,-0.0489892422528587));
#8411=CARTESIAN_POINT('',(-0.00850545723199543,0.0494011149210898,-0.0490267422528587));
#8412=CARTESIAN_POINT('',(-0.00812970430523554,0.0496508231602408,-0.0490642422528587));
#8413=CARTESIAN_POINT('',(-0.00775395137847565,0.0499005313993918,-0.0491017422528586));
#8414=CARTESIAN_POINT('',(-0.00734982123645667,0.0496999739388469,-0.0491392422528587));
#8415=CARTESIAN_POINT('',(-0.00694569109443769,0.049499416478302,-0.0491767422528587));
#8416=CARTESIAN_POINT('',(-0.00691731387917861,0.049049150778606,-0.0492142422528587));
#8417=CARTESIAN_POINT('',(-0.00688893666391952,0.0485988850789101,-0.0492517422528587));
#8418=CARTESIAN_POINT('',(-0.00726468959067942,0.0483491768397591,-0.0492892422528587));
#8419=CARTESIAN_POINT('',(-0.00764044251743931,0.0480994686006081,-0.0493267422528587));
#8420=CARTESIAN_POINT('',(-0.00804457265945829,0.0483000260611531,-0.0493642422528587));
#8421=CARTESIAN_POINT('',(-0.00844870280147727,0.048500583521698,-0.0494017422528587));
#8422=CARTESIAN_POINT('',(-0.00847708001673635,0.0489508492213939,-0.0494392422528587));
#8423=CARTESIAN_POINT('',(-0.00850545723199543,0.0494011149210898,-0.0494767422528587));
#8424=CARTESIAN_POINT('',(-0.00812970430523554,0.0496508231602408,-0.0495142422528587));
#8425=CARTESIAN_POINT('',(-0.00775395137847565,0.0499005313993918,-0.0495517422528586));
#8426=CARTESIAN_POINT('',(-0.00734982123645667,0.0496999739388469,-0.0495892422528587));
#8427=CARTESIAN_POINT('',(-0.00694569109443769,0.049499416478302,-0.0496267422528587));
#8428=CARTESIAN_POINT('',(-0.00691731387917861,0.049049150778606,-0.0496642422528587));
#8429=CARTESIAN_POINT('',(-0.00688893666391952,0.0485988850789101,-0.0497017422528587));
#8430=CARTESIAN_POINT('',(-0.00726468959067942,0.0483491768397591,-0.0497392422528587));
#8431=CARTESIAN_POINT('',(-0.00764044251743931,0.0480994686006081,-0.0497767422528586));
#8432=CARTESIAN_POINT('',(-0.00804457265945829,0.0483000260611531,-0.0498142422528587));
#8433=CARTESIAN_POINT('',(-0.00844870280147727,0.048500583521698,-0.0498517422528587));
#8434=CARTESIAN_POINT('',(-0.00847708001673635,0.0489508492213939,-0.0498892422528587));
#8435=CARTESIAN_POINT('',(-0.00850545723199543,0.0494011149210898,-0.0499267422528587));
#8436=CARTESIAN_POINT('',(-0.00812970430523554,0.0496508231602408,-0.0499642422528587));
#8437=CARTESIAN_POINT('',(-0.00775395137847565,0.0499005313993918,-0.0500017422528586));
#8438=CARTESIAN_POINT('',(-0.00734982123645667,0.0496999739388469,-0.0500392422528587));
#8439=CARTESIAN_POINT('',(-0.00694569109443769,0.049499416478302,-0.0500767422528587));
#8440=CARTESIAN_POINT('',(-0.00691731387917861,0.049049150778606,-0.0501142422528587));
#8441=CARTESIAN_POINT('',(-0.00688893666391952,0.0485988850789101,-0.0501517422528586));
#8442=CARTESIAN_POINT('',(-0.00726468959067942,0.0483491768397591,-0.0501892422528587));
#8443=CARTESIAN_POINT('',(-0.00764044251743931,0.0480994686006081,-0.0502267422528586));
#8444=CARTESIAN_POINT('',(-0.00804457265945829,0.0483000260611531,-0.0502642422528587));
#8445=CARTESIAN_POINT('',(-0.00844870280147727,0.048500583521698,-0.0503017422528587));
#8446=CARTESIAN_POINT('',(-0.00847708001673635,0.0489508492213939,-0.0503392422528587));
#8447=CARTESIAN_POINT('',(-0.00850545723199543,0.0494011149210898,-0.0503767422528587));
#8448=CARTESIAN_POINT('',(-0.00812970430523554,0.0496508231602408,-0.0504142422528587));
#8449=CARTESIAN_POINT('',(-0.00775395137847565,0.0499005313993918,-0.0504517422528586));
#8450=CARTESIAN_POINT('',(-0.00734982123645667,0.0496999739388469,-0.0504892422528587));
#8451=CARTESIAN_POINT('',(-0.00694569109443769,0.049499416478302,-0.0505267422528587));
#8452=CARTESIAN_POINT('',(-0.00691731387917861,0.049049150778606,-0.0505642422528587));
#8453=CARTESIAN_POINT('',(-0.00688893666391952,0.0485988850789101,-0.0506017422528586));
#8454=CARTESIAN_POINT('',(-0.00726468959067942,0.0483491768397591,-0.0506392422528587));
#8455=CARTESIAN_POINT('',(-0.00764044251743931,0.0480994686006081,-0.0506767422528586));
#8456=CARTESIAN_POINT('',(-0.00804457265945829,0.0483000260611531,-0.0507142422528587));
#8457=CARTESIAN_POINT('',(-0.00844870280147727,0.048500583521698,-0.0507517422528587));
#8458=CARTESIAN_POINT('',(-0.00847708001673635,0.0489508492213939,-0.0507892422528587));
#8459=CARTESIAN_POINT('',(-0.00850545723199543,0.0494011149210898,-0.0508267422528586));
#8460=CARTESIAN_POINT('',(-0.00812970430523554,0.0496508231602408,-0.0508642422528587));
#8461=CARTESIAN_POINT('',(-0.00775395137847565,0.0499005313993918,-0.0509017422528587));
#8462=CARTESIAN_POINT('',(-0.00734982123645667,0.0496999739388469,-0.0509392422528587));
#8463=CARTESIAN_POINT('',(-0.00694569109443769,0.049499416478302,-0.0509767422528587));
#8464=CARTESIAN_POINT('',(-0.00691731387917861,0.049049150778606,-0.0510142422528587));
#8465=CARTESIAN_POINT('',(-0.00688893666391952,0.0485988850789101,-0.0510517422528586));
#8466=CARTESIAN_POINT('',(-0.00726468959067942,0.0483491768397591,-0.0510892422528587));
#8467=CARTESIAN_POINT('',(-0.00764044251743931,0.0480994686006081,-0.0511267422528587));
#8468=CARTESIAN_POINT('',(-0.00804457265945829,0.0483000260611531,-0.0511642422528587));
#8469=CARTESIAN_POINT('',(-0.00844870280147727,0.048500583521698,-0.0512017422528587));
#8470=CARTESIAN_POINT('',(-0.00847708001673635,0.0489508492213939,-0.0512392422528587));
#8471=CARTESIAN_POINT('',(-0.00850545723199543,0.0494011149210898,-0.0512767422528586));
#8472=CARTESIAN_POINT('',(-0.00812970430523554,0.0496508231602408,-0.0513142422528587));
#8473=CARTESIAN_POINT('',(-0.00775395137847565,0.0499005313993918,-0.0513517422528586));
#8474=CARTESIAN_POINT('',(-0.00734982123645667,0.0496999739388469,-0.0513892422528587));
#8475=CARTESIAN_POINT('',(-0.00694569109443769,0.049499416478302,-0.0514267422528587));
#8476=CARTESIAN_POINT('',(-0.00691731387917861,0.049049150778606,-0.0514642422528587));
#8477=CARTESIAN_POINT('',(-0.00688893666391952,0.0485988850789101,-0.0515017422528586));
#8478=CARTESIAN_POINT('',(-0.00726468959067942,0.0483491768397591,-0.0515392422528587));
#8479=CARTESIAN_POINT('',(-0.0074557995446445,0.0482221738899741,-0.0515583149539963));
#8480=CARTESIAN_POINT('',(-0.00768523455691158,0.0482186612122734,-0.0515803132346703));
#8481=CARTESIAN_POINT('',(-0.00714806880244942,0.0481345040266928,-0.0514));
#8482=CARTESIAN_POINT('',(-0.00691394829814104,0.0483222830477546,-0.0514));
#8483=CARTESIAN_POINT('',(-0.00663612541488714,0.0489203747935571,-0.0514));
#8484=CARTESIAN_POINT('',(-0.00697458868514046,0.0495010960460472,-0.0514));
#8485=CARTESIAN_POINT('',(-0.00724336793390046,0.0496361388417677,-0.0514));
#8486=CARTESIAN_POINT('',(-0.00769719694795748,0.049,-0.0514));
#8487=CARTESIAN_POINT('',(0.09625,0.,-0.04375));
#8488=CARTESIAN_POINT('',(0.09625,0.,-0.04375));
#8489=CARTESIAN_POINT('',(0.,0.,-0.04375));
#8490=CARTESIAN_POINT('',(-0.09625,0.,-0.04375));
#8491=CARTESIAN_POINT('',(-0.09625,-0.003,-0.04375));
#8492=CARTESIAN_POINT('',(-0.09625,-0.003,-0.04375));
#8493=CARTESIAN_POINT('',(-0.09625,0.,-0.04375));
#8494=CARTESIAN_POINT('',(0.,0.,-0.04375));
#8495=CARTESIAN_POINT('',(0.,-0.003,-0.04375));
#8496=CARTESIAN_POINT('',(-0.094998,0.063,-0.0335));
#8497=CARTESIAN_POINT('',(-0.094998,-0.003,-0.0335));
#8498=MECHANICAL_DESIGN_GEOMETRIC_PRESENTATION_REPRESENTATION('',(#1519),
#8499);
#8499=(
GEOMETRIC_REPRESENTATION_CONTEXT(3)
GLOBAL_UNCERTAINTY_ASSIGNED_CONTEXT((#8500))
GLOBAL_UNIT_ASSIGNED_CONTEXT((#8503,#8502,#8501))
REPRESENTATION_CONTEXT('Enclosure Bottom (Revised)',
'TOP_LEVEL_ASSEMBLY_PART')
);
#8500=UNCERTAINTY_MEASURE_WITH_UNIT(LENGTH_MEASURE(2.E-5),#8503,
'DISTANCE_ACCURACY_VALUE','Maximum Tolerance applied to model');
#8501=(
NAMED_UNIT(*)
SI_UNIT($,.STERADIAN.)
SOLID_ANGLE_UNIT()
);
#8502=(
NAMED_UNIT(*)
PLANE_ANGLE_UNIT()
SI_UNIT($,.RADIAN.)
);
#8503=(
LENGTH_UNIT()
NAMED_UNIT(*)
SI_UNIT($,.METRE.)
);
#8504=PRODUCT_DEFINITION_SHAPE('','',#8505);
#8505=PRODUCT_DEFINITION('','',#8507,#8506);
#8506=PRODUCT_DEFINITION_CONTEXT('',#8513,'design');
#8507=PRODUCT_DEFINITION_FORMATION_WITH_SPECIFIED_SOURCE('','',#8509,
 .NOT_KNOWN.);
#8508=PRODUCT_RELATED_PRODUCT_CATEGORY('','',(#8509));
#8509=PRODUCT('Enclosure Bottom (Revised)','Enclosure Bottom (Revised)',
'Enclosure Bottom (Revised)',(#8511));
#8510=PRODUCT_CATEGORY('','');
#8511=PRODUCT_CONTEXT('',#8513,'mechanical');
#8512=APPLICATION_PROTOCOL_DEFINITION('international standard',
'ap242_managed_model_based_3d_engineering',2020,#8513);
#8513=APPLICATION_CONTEXT('managed model based 3d engineering');
ENDSEC;
END-ISO-10303-21;
